v 0.000000 0.018000 0.012000
v 0.000000 0.018000 0.015000
v 0.000000 0.021000 0.015000
v 0.000000 0.021000 0.012000
v 0.003000 0.018000 0.012000
v 0.003000 0.021000 0.012000
v 0.003000 0.021000 0.015000
v 0.003000 0.018000 0.015000
v 0.000000 0.018000 0.012000
v 0.003000 0.018000 0.012000
v 0.003000 0.018000 0.015000
v 0.000000 0.018000 0.015000
v 0.000000 0.018000 0.012000
v 0.000000 0.021000 0.012000
v 0.003000 0.021000 0.012000
v 0.003000 0.018000 0.012000
v 0.000000 0.018000 0.015000
v 0.000000 0.018000 0.018000
v 0.000000 0.021000 0.018000
v 0.000000 0.021000 0.015000
v 0.003000 0.018000 0.015000
v 0.003000 0.021000 0.015000
v 0.003000 0.021000 0.018000
v 0.003000 0.018000 0.018000
v 0.000000 0.018000 0.015000
v 0.003000 0.018000 0.015000
v 0.003000 0.018000 0.018000
v 0.000000 0.018000 0.018000
v 0.000000 0.018000 0.018000
v 0.000000 0.018000 0.021000
v 0.000000 0.021000 0.021000
v 0.000000 0.021000 0.018000
v 0.003000 0.018000 0.018000
v 0.003000 0.021000 0.018000
v 0.003000 0.021000 0.021000
v 0.003000 0.018000 0.021000
v 0.000000 0.018000 0.018000
v 0.003000 0.018000 0.018000
v 0.003000 0.018000 0.021000
v 0.000000 0.018000 0.021000
v 0.000000 0.018000 0.021000
v 0.003000 0.018000 0.021000
v 0.003000 0.021000 0.021000
v 0.000000 0.021000 0.021000
v 0.000000 0.021000 0.009000
v 0.000000 0.021000 0.012000
v 0.000000 0.024000 0.012000
v 0.000000 0.024000 0.009000
v 0.003000 0.021000 0.009000
v 0.003000 0.024000 0.009000
v 0.003000 0.024000 0.012000
v 0.003000 0.021000 0.012000
v 0.000000 0.021000 0.009000
v 0.003000 0.021000 0.009000
v 0.003000 0.021000 0.012000
v 0.000000 0.021000 0.012000
v 0.000000 0.021000 0.009000
v 0.000000 0.024000 0.009000
v 0.003000 0.024000 0.009000
v 0.003000 0.021000 0.009000
v 0.000000 0.021000 0.012000
v 0.000000 0.021000 0.015000
v 0.000000 0.024000 0.015000
v 0.000000 0.024000 0.012000
v 0.003000 0.021000 0.012000
v 0.003000 0.024000 0.012000
v 0.003000 0.024000 0.015000
v 0.003000 0.021000 0.015000
v 0.000000 0.021000 0.015000
v 0.000000 0.021000 0.018000
v 0.000000 0.024000 0.018000
v 0.000000 0.024000 0.015000
v 0.000000 0.021000 0.018000
v 0.000000 0.021000 0.021000
v 0.000000 0.024000 0.021000
v 0.000000 0.024000 0.018000
v 0.003000 0.021000 0.018000
v 0.003000 0.024000 0.018000
v 0.003000 0.024000 0.021000
v 0.003000 0.021000 0.021000
v 0.000000 0.021000 0.021000
v 0.000000 0.021000 0.024000
v 0.000000 0.024000 0.024000
v 0.000000 0.024000 0.021000
v 0.003000 0.021000 0.021000
v 0.003000 0.024000 0.021000
v 0.003000 0.024000 0.024000
v 0.003000 0.021000 0.024000
v 0.000000 0.021000 0.021000
v 0.003000 0.021000 0.021000
v 0.003000 0.021000 0.024000
v 0.000000 0.021000 0.024000
v 0.000000 0.021000 0.024000
v 0.003000 0.021000 0.024000
v 0.003000 0.024000 0.024000
v 0.000000 0.024000 0.024000
v 0.000000 0.024000 0.006000
v 0.000000 0.024000 0.009000
v 0.000000 0.027000 0.009000
v 0.000000 0.027000 0.006000
v 0.003000 0.024000 0.006000
v 0.003000 0.027000 0.006000
v 0.003000 0.027000 0.009000
v 0.003000 0.024000 0.009000
v 0.000000 0.024000 0.006000
v 0.003000 0.024000 0.006000
v 0.003000 0.024000 0.009000
v 0.000000 0.024000 0.009000
v 0.000000 0.024000 0.006000
v 0.000000 0.027000 0.006000
v 0.003000 0.027000 0.006000
v 0.003000 0.024000 0.006000
v 0.000000 0.024000 0.009000
v 0.000000 0.024000 0.012000
v 0.000000 0.027000 0.012000
v 0.000000 0.027000 0.009000
v 0.000000 0.024000 0.012000
v 0.000000 0.024000 0.015000
v 0.000000 0.027000 0.015000
v 0.000000 0.027000 0.012000
v 0.000000 0.024000 0.015000
v 0.000000 0.024000 0.018000
v 0.000000 0.027000 0.018000
v 0.000000 0.027000 0.015000
v 0.000000 0.024000 0.018000
v 0.000000 0.024000 0.021000
v 0.000000 0.027000 0.021000
v 0.000000 0.027000 0.018000
v 0.000000 0.024000 0.021000
v 0.000000 0.024000 0.024000
v 0.000000 0.027000 0.024000
v 0.000000 0.027000 0.021000
v 0.000000 0.024000 0.024000
v 0.000000 0.024000 0.027000
v 0.000000 0.027000 0.027000
v 0.000000 0.027000 0.024000
v 0.003000 0.024000 0.024000
v 0.003000 0.027000 0.024000
v 0.003000 0.027000 0.027000
v 0.003000 0.024000 0.027000
v 0.000000 0.024000 0.024000
v 0.003000 0.024000 0.024000
v 0.003000 0.024000 0.027000
v 0.000000 0.024000 0.027000
v 0.000000 0.024000 0.027000
v 0.003000 0.024000 0.027000
v 0.003000 0.027000 0.027000
v 0.000000 0.027000 0.027000
v 0.000000 0.027000 0.006000
v 0.000000 0.027000 0.009000
v 0.000000 0.030000 0.009000
v 0.000000 0.030000 0.006000
v 0.003000 0.027000 0.006000
v 0.003000 0.030000 0.006000
v 0.003000 0.030000 0.009000
v 0.003000 0.027000 0.009000
v 0.000000 0.027000 0.006000
v 0.000000 0.030000 0.006000
v 0.003000 0.030000 0.006000
v 0.003000 0.027000 0.006000
v 0.000000 0.027000 0.009000
v 0.000000 0.027000 0.012000
v 0.000000 0.030000 0.012000
v 0.000000 0.030000 0.009000
v 0.000000 0.027000 0.012000
v 0.000000 0.027000 0.015000
v 0.000000 0.030000 0.015000
v 0.000000 0.030000 0.012000
v 0.000000 0.027000 0.015000
v 0.000000 0.027000 0.018000
v 0.000000 0.030000 0.018000
v 0.000000 0.030000 0.015000
v 0.000000 0.027000 0.018000
v 0.000000 0.027000 0.021000
v 0.000000 0.030000 0.021000
v 0.000000 0.030000 0.018000
v 0.000000 0.027000 0.021000
v 0.000000 0.027000 0.024000
v 0.000000 0.030000 0.024000
v 0.000000 0.030000 0.021000
v 0.000000 0.027000 0.024000
v 0.000000 0.027000 0.027000
v 0.000000 0.030000 0.027000
v 0.000000 0.030000 0.024000
v 0.003000 0.027000 0.024000
v 0.003000 0.030000 0.024000
v 0.003000 0.030000 0.027000
v 0.003000 0.027000 0.027000
v 0.000000 0.027000 0.027000
v 0.003000 0.027000 0.027000
v 0.003000 0.030000 0.027000
v 0.000000 0.030000 0.027000
v 0.000000 0.030000 0.003000
v 0.000000 0.030000 0.006000
v 0.000000 0.033000 0.006000
v 0.000000 0.033000 0.003000
v 0.003000 0.030000 0.003000
v 0.003000 0.033000 0.003000
v 0.003000 0.033000 0.006000
v 0.003000 0.030000 0.006000
v 0.000000 0.030000 0.003000
v 0.003000 0.030000 0.003000
v 0.003000 0.030000 0.006000
v 0.000000 0.030000 0.006000
v 0.000000 0.030000 0.003000
v 0.000000 0.033000 0.003000
v 0.003000 0.033000 0.003000
v 0.003000 0.030000 0.003000
v 0.000000 0.030000 0.006000
v 0.000000 0.030000 0.009000
v 0.000000 0.033000 0.009000
v 0.000000 0.033000 0.006000
v 0.000000 0.030000 0.009000
v 0.000000 0.030000 0.012000
v 0.000000 0.033000 0.012000
v 0.000000 0.033000 0.009000
v 0.000000 0.030000 0.012000
v 0.000000 0.030000 0.015000
v 0.000000 0.033000 0.015000
v 0.000000 0.033000 0.012000
v 0.000000 0.030000 0.015000
v 0.000000 0.030000 0.018000
v 0.000000 0.033000 0.018000
v 0.000000 0.033000 0.015000
v 0.000000 0.030000 0.018000
v 0.000000 0.030000 0.021000
v 0.000000 0.033000 0.021000
v 0.000000 0.033000 0.018000
v 0.000000 0.030000 0.021000
v 0.000000 0.030000 0.024000
v 0.000000 0.033000 0.024000
v 0.000000 0.033000 0.021000
v 0.000000 0.030000 0.024000
v 0.000000 0.030000 0.027000
v 0.000000 0.033000 0.027000
v 0.000000 0.033000 0.024000
v 0.000000 0.030000 0.027000
v 0.000000 0.030000 0.030000
v 0.000000 0.033000 0.030000
v 0.000000 0.033000 0.027000
v 0.003000 0.030000 0.027000
v 0.003000 0.033000 0.027000
v 0.003000 0.033000 0.030000
v 0.003000 0.030000 0.030000
v 0.000000 0.030000 0.027000
v 0.003000 0.030000 0.027000
v 0.003000 0.030000 0.030000
v 0.000000 0.030000 0.030000
v 0.000000 0.030000 0.030000
v 0.003000 0.030000 0.030000
v 0.003000 0.033000 0.030000
v 0.000000 0.033000 0.030000
v 0.000000 0.033000 0.003000
v 0.000000 0.033000 0.006000
v 0.000000 0.036000 0.006000
v 0.000000 0.036000 0.003000
v 0.003000 0.033000 0.003000
v 0.003000 0.036000 0.003000
v 0.003000 0.036000 0.006000
v 0.003000 0.033000 0.006000
v 0.000000 0.033000 0.003000
v 0.000000 0.036000 0.003000
v 0.003000 0.036000 0.003000
v 0.003000 0.033000 0.003000
v 0.000000 0.033000 0.006000
v 0.000000 0.033000 0.009000
v 0.000000 0.036000 0.009000
v 0.000000 0.036000 0.006000
v 0.000000 0.033000 0.009000
v 0.000000 0.033000 0.012000
v 0.000000 0.036000 0.012000
v 0.000000 0.036000 0.009000
v 0.000000 0.033000 0.012000
v 0.000000 0.033000 0.015000
v 0.000000 0.036000 0.015000
v 0.000000 0.036000 0.012000
v 0.000000 0.033000 0.015000
v 0.000000 0.033000 0.018000
v 0.000000 0.036000 0.018000
v 0.000000 0.036000 0.015000
v 0.000000 0.033000 0.018000
v 0.000000 0.033000 0.021000
v 0.000000 0.036000 0.021000
v 0.000000 0.036000 0.018000
v 0.000000 0.033000 0.021000
v 0.000000 0.033000 0.024000
v 0.000000 0.036000 0.024000
v 0.000000 0.036000 0.021000
v 0.000000 0.033000 0.024000
v 0.000000 0.033000 0.027000
v 0.000000 0.036000 0.027000
v 0.000000 0.036000 0.024000
v 0.000000 0.033000 0.027000
v 0.000000 0.033000 0.030000
v 0.000000 0.036000 0.030000
v 0.000000 0.036000 0.027000
v 0.003000 0.033000 0.027000
v 0.003000 0.036000 0.027000
v 0.003000 0.036000 0.030000
v 0.003000 0.033000 0.030000
v 0.000000 0.033000 0.030000
v 0.003000 0.033000 0.030000
v 0.003000 0.036000 0.030000
v 0.000000 0.036000 0.030000
v 0.000000 0.036000 0.003000
v 0.000000 0.036000 0.006000
v 0.000000 0.039000 0.006000
v 0.000000 0.039000 0.003000
v 0.003000 0.036000 0.003000
v 0.003000 0.039000 0.003000
v 0.003000 0.039000 0.006000
v 0.003000 0.036000 0.006000
v 0.000000 0.036000 0.003000
v 0.000000 0.039000 0.003000
v 0.003000 0.039000 0.003000
v 0.003000 0.036000 0.003000
v 0.000000 0.036000 0.006000
v 0.000000 0.036000 0.009000
v 0.000000 0.039000 0.009000
v 0.000000 0.039000 0.006000
v 0.000000 0.036000 0.009000
v 0.000000 0.036000 0.012000
v 0.000000 0.039000 0.012000
v 0.000000 0.039000 0.009000
v 0.000000 0.036000 0.012000
v 0.000000 0.036000 0.015000
v 0.000000 0.039000 0.015000
v 0.000000 0.039000 0.012000
v 0.000000 0.036000 0.015000
v 0.000000 0.036000 0.018000
v 0.000000 0.039000 0.018000
v 0.000000 0.039000 0.015000
v 0.000000 0.036000 0.018000
v 0.000000 0.036000 0.021000
v 0.000000 0.039000 0.021000
v 0.000000 0.039000 0.018000
v 0.000000 0.036000 0.021000
v 0.000000 0.036000 0.024000
v 0.000000 0.039000 0.024000
v 0.000000 0.039000 0.021000
v 0.000000 0.036000 0.024000
v 0.000000 0.036000 0.027000
v 0.000000 0.039000 0.027000
v 0.000000 0.039000 0.024000
v 0.000000 0.036000 0.027000
v 0.000000 0.036000 0.030000
v 0.000000 0.039000 0.030000
v 0.000000 0.039000 0.027000
v 0.003000 0.036000 0.027000
v 0.003000 0.039000 0.027000
v 0.003000 0.039000 0.030000
v 0.003000 0.036000 0.030000
v 0.000000 0.036000 0.030000
v 0.003000 0.036000 0.030000
v 0.003000 0.039000 0.030000
v 0.000000 0.039000 0.030000
v 0.000000 0.039000 0.003000
v 0.000000 0.039000 0.006000
v 0.000000 0.042000 0.006000
v 0.000000 0.042000 0.003000
v 0.000000 0.039000 0.003000
v 0.000000 0.042000 0.003000
v 0.003000 0.042000 0.003000
v 0.003000 0.039000 0.003000
v 0.000000 0.039000 0.006000
v 0.000000 0.039000 0.009000
v 0.000000 0.042000 0.009000
v 0.000000 0.042000 0.006000
v 0.000000 0.039000 0.009000
v 0.000000 0.039000 0.012000
v 0.000000 0.042000 0.012000
v 0.000000 0.042000 0.009000
v 0.000000 0.039000 0.012000
v 0.000000 0.039000 0.015000
v 0.000000 0.042000 0.015000
v 0.000000 0.042000 0.012000
v 0.000000 0.039000 0.015000
v 0.000000 0.039000 0.018000
v 0.000000 0.042000 0.018000
v 0.000000 0.042000 0.015000
v 0.000000 0.039000 0.018000
v 0.000000 0.039000 0.021000
v 0.000000 0.042000 0.021000
v 0.000000 0.042000 0.018000
v 0.000000 0.039000 0.021000
v 0.000000 0.039000 0.024000
v 0.000000 0.042000 0.024000
v 0.000000 0.042000 0.021000
v 0.000000 0.039000 0.024000
v 0.000000 0.039000 0.027000
v 0.000000 0.042000 0.027000
v 0.000000 0.042000 0.024000
v 0.000000 0.039000 0.027000
v 0.000000 0.039000 0.030000
v 0.000000 0.042000 0.030000
v 0.000000 0.042000 0.027000
v 0.000000 0.039000 0.030000
v 0.003000 0.039000 0.030000
v 0.003000 0.042000 0.030000
v 0.000000 0.042000 0.030000
v 0.000000 0.042000 0.000000
v 0.000000 0.042000 0.003000
v 0.000000 0.045000 0.003000
v 0.000000 0.045000 0.000000
v 0.003000 0.042000 0.000000
v 0.003000 0.045000 0.000000
v 0.003000 0.045000 0.003000
v 0.003000 0.042000 0.003000
v 0.000000 0.042000 0.000000
v 0.003000 0.042000 0.000000
v 0.003000 0.042000 0.003000
v 0.000000 0.042000 0.003000
v 0.000000 0.042000 0.000000
v 0.000000 0.045000 0.000000
v 0.003000 0.045000 0.000000
v 0.003000 0.042000 0.000000
v 0.000000 0.042000 0.003000
v 0.000000 0.042000 0.006000
v 0.000000 0.045000 0.006000
v 0.000000 0.045000 0.003000
v 0.000000 0.042000 0.006000
v 0.000000 0.042000 0.009000
v 0.000000 0.045000 0.009000
v 0.000000 0.045000 0.006000
v 0.000000 0.042000 0.009000
v 0.000000 0.042000 0.012000
v 0.000000 0.045000 0.012000
v 0.000000 0.045000 0.009000
v 0.000000 0.042000 0.012000
v 0.000000 0.042000 0.015000
v 0.000000 0.045000 0.015000
v 0.000000 0.045000 0.012000
v 0.000000 0.042000 0.015000
v 0.000000 0.042000 0.018000
v 0.000000 0.045000 0.018000
v 0.000000 0.045000 0.015000
v 0.000000 0.042000 0.018000
v 0.000000 0.042000 0.021000
v 0.000000 0.045000 0.021000
v 0.000000 0.045000 0.018000
v 0.000000 0.042000 0.021000
v 0.000000 0.042000 0.024000
v 0.000000 0.045000 0.024000
v 0.000000 0.045000 0.021000
v 0.000000 0.042000 0.024000
v 0.000000 0.042000 0.027000
v 0.000000 0.045000 0.027000
v 0.000000 0.045000 0.024000
v 0.000000 0.042000 0.027000
v 0.000000 0.042000 0.030000
v 0.000000 0.045000 0.030000
v 0.000000 0.045000 0.027000
v 0.000000 0.042000 0.030000
v 0.000000 0.042000 0.033000
v 0.000000 0.045000 0.033000
v 0.000000 0.045000 0.030000
v 0.003000 0.042000 0.030000
v 0.003000 0.045000 0.030000
v 0.003000 0.045000 0.033000
v 0.003000 0.042000 0.033000
v 0.000000 0.042000 0.030000
v 0.003000 0.042000 0.030000
v 0.003000 0.042000 0.033000
v 0.000000 0.042000 0.033000
v 0.000000 0.042000 0.033000
v 0.003000 0.042000 0.033000
v 0.003000 0.045000 0.033000
v 0.000000 0.045000 0.033000
v 0.000000 0.045000 0.000000
v 0.000000 0.045000 0.003000
v 0.000000 0.048000 0.003000
v 0.000000 0.048000 0.000000
v 0.003000 0.045000 0.000000
v 0.003000 0.048000 0.000000
v 0.003000 0.048000 0.003000
v 0.003000 0.045000 0.003000
v 0.000000 0.045000 0.000000
v 0.000000 0.048000 0.000000
v 0.003000 0.048000 0.000000
v 0.003000 0.045000 0.000000
v 0.000000 0.045000 0.003000
v 0.000000 0.045000 0.006000
v 0.000000 0.048000 0.006000
v 0.000000 0.048000 0.003000
v 0.000000 0.045000 0.006000
v 0.000000 0.045000 0.009000
v 0.000000 0.048000 0.009000
v 0.000000 0.048000 0.006000
v 0.000000 0.045000 0.009000
v 0.000000 0.045000 0.012000
v 0.000000 0.048000 0.012000
v 0.000000 0.048000 0.009000
v 0.000000 0.045000 0.012000
v 0.000000 0.045000 0.015000
v 0.000000 0.048000 0.015000
v 0.000000 0.048000 0.012000
v 0.000000 0.045000 0.015000
v 0.000000 0.045000 0.018000
v 0.000000 0.048000 0.018000
v 0.000000 0.048000 0.015000
v 0.000000 0.045000 0.018000
v 0.000000 0.045000 0.021000
v 0.000000 0.048000 0.021000
v 0.000000 0.048000 0.018000
v 0.000000 0.045000 0.021000
v 0.000000 0.045000 0.024000
v 0.000000 0.048000 0.024000
v 0.000000 0.048000 0.021000
v 0.000000 0.045000 0.024000
v 0.000000 0.045000 0.027000
v 0.000000 0.048000 0.027000
v 0.000000 0.048000 0.024000
v 0.000000 0.045000 0.027000
v 0.000000 0.045000 0.030000
v 0.000000 0.048000 0.030000
v 0.000000 0.048000 0.027000
v 0.000000 0.045000 0.030000
v 0.000000 0.045000 0.033000
v 0.000000 0.048000 0.033000
v 0.000000 0.048000 0.030000
v 0.003000 0.045000 0.030000
v 0.003000 0.048000 0.030000
v 0.003000 0.048000 0.033000
v 0.003000 0.045000 0.033000
v 0.000000 0.045000 0.033000
v 0.003000 0.045000 0.033000
v 0.003000 0.048000 0.033000
v 0.000000 0.048000 0.033000
v 0.000000 0.048000 0.000000
v 0.000000 0.048000 0.003000
v 0.000000 0.051000 0.003000
v 0.000000 0.051000 0.000000
v 0.003000 0.048000 0.000000
v 0.003000 0.051000 0.000000
v 0.003000 0.051000 0.003000
v 0.003000 0.048000 0.003000
v 0.000000 0.048000 0.000000
v 0.000000 0.051000 0.000000
v 0.003000 0.051000 0.000000
v 0.003000 0.048000 0.000000
v 0.000000 0.048000 0.003000
v 0.000000 0.048000 0.006000
v 0.000000 0.051000 0.006000
v 0.000000 0.051000 0.003000
v 0.000000 0.048000 0.006000
v 0.000000 0.048000 0.009000
v 0.000000 0.051000 0.009000
v 0.000000 0.051000 0.006000
v 0.000000 0.048000 0.009000
v 0.000000 0.048000 0.012000
v 0.000000 0.051000 0.012000
v 0.000000 0.051000 0.009000
v 0.000000 0.048000 0.012000
v 0.000000 0.048000 0.015000
v 0.000000 0.051000 0.015000
v 0.000000 0.051000 0.012000
v 0.000000 0.048000 0.015000
v 0.000000 0.048000 0.018000
v 0.000000 0.051000 0.018000
v 0.000000 0.051000 0.015000
v 0.000000 0.048000 0.018000
v 0.000000 0.048000 0.021000
v 0.000000 0.051000 0.021000
v 0.000000 0.051000 0.018000
v 0.000000 0.048000 0.021000
v 0.000000 0.048000 0.024000
v 0.000000 0.051000 0.024000
v 0.000000 0.051000 0.021000
v 0.000000 0.048000 0.024000
v 0.000000 0.048000 0.027000
v 0.000000 0.051000 0.027000
v 0.000000 0.051000 0.024000
v 0.000000 0.048000 0.027000
v 0.000000 0.048000 0.030000
v 0.000000 0.051000 0.030000
v 0.000000 0.051000 0.027000
v 0.000000 0.048000 0.030000
v 0.000000 0.048000 0.033000
v 0.000000 0.051000 0.033000
v 0.000000 0.051000 0.030000
v 0.003000 0.048000 0.030000
v 0.003000 0.051000 0.030000
v 0.003000 0.051000 0.033000
v 0.003000 0.048000 0.033000
v 0.000000 0.048000 0.033000
v 0.003000 0.048000 0.033000
v 0.003000 0.051000 0.033000
v 0.000000 0.051000 0.033000
v 0.000000 0.051000 0.000000
v 0.000000 0.051000 0.003000
v 0.000000 0.054000 0.003000
v 0.000000 0.054000 0.000000
v 0.003000 0.051000 0.000000
v 0.003000 0.054000 0.000000
v 0.003000 0.054000 0.003000
v 0.003000 0.051000 0.003000
v 0.000000 0.051000 0.000000
v 0.000000 0.054000 0.000000
v 0.003000 0.054000 0.000000
v 0.003000 0.051000 0.000000
v 0.000000 0.051000 0.003000
v 0.000000 0.051000 0.006000
v 0.000000 0.054000 0.006000
v 0.000000 0.054000 0.003000
v 0.000000 0.051000 0.006000
v 0.000000 0.051000 0.009000
v 0.000000 0.054000 0.009000
v 0.000000 0.054000 0.006000
v 0.000000 0.051000 0.009000
v 0.000000 0.051000 0.012000
v 0.000000 0.054000 0.012000
v 0.000000 0.054000 0.009000
v 0.000000 0.051000 0.012000
v 0.000000 0.051000 0.015000
v 0.000000 0.054000 0.015000
v 0.000000 0.054000 0.012000
v 0.000000 0.051000 0.015000
v 0.000000 0.051000 0.018000
v 0.000000 0.054000 0.018000
v 0.000000 0.054000 0.015000
v 0.000000 0.051000 0.018000
v 0.000000 0.051000 0.021000
v 0.000000 0.054000 0.021000
v 0.000000 0.054000 0.018000
v 0.000000 0.051000 0.021000
v 0.000000 0.051000 0.024000
v 0.000000 0.054000 0.024000
v 0.000000 0.054000 0.021000
v 0.000000 0.051000 0.024000
v 0.000000 0.051000 0.027000
v 0.000000 0.054000 0.027000
v 0.000000 0.054000 0.024000
v 0.000000 0.051000 0.027000
v 0.000000 0.051000 0.030000
v 0.000000 0.054000 0.030000
v 0.000000 0.054000 0.027000
v 0.000000 0.051000 0.030000
v 0.000000 0.051000 0.033000
v 0.000000 0.054000 0.033000
v 0.000000 0.054000 0.030000
v 0.003000 0.051000 0.030000
v 0.003000 0.054000 0.030000
v 0.003000 0.054000 0.033000
v 0.003000 0.051000 0.033000
v 0.000000 0.051000 0.033000
v 0.003000 0.051000 0.033000
v 0.003000 0.054000 0.033000
v 0.000000 0.054000 0.033000
v 0.000000 0.054000 0.000000
v 0.000000 0.054000 0.003000
v 0.000000 0.057000 0.003000
v 0.000000 0.057000 0.000000
v 0.003000 0.054000 0.000000
v 0.003000 0.057000 0.000000
v 0.003000 0.057000 0.003000
v 0.003000 0.054000 0.003000
v 0.000000 0.057000 0.000000
v 0.000000 0.057000 0.003000
v 0.003000 0.057000 0.003000
v 0.003000 0.057000 0.000000
v 0.000000 0.054000 0.000000
v 0.000000 0.057000 0.000000
v 0.003000 0.057000 0.000000
v 0.003000 0.054000 0.000000
v 0.000000 0.054000 0.003000
v 0.000000 0.054000 0.006000
v 0.000000 0.057000 0.006000
v 0.000000 0.057000 0.003000
v 0.000000 0.054000 0.006000
v 0.000000 0.054000 0.009000
v 0.000000 0.057000 0.009000
v 0.000000 0.057000 0.006000
v 0.000000 0.054000 0.009000
v 0.000000 0.054000 0.012000
v 0.000000 0.057000 0.012000
v 0.000000 0.057000 0.009000
v 0.000000 0.054000 0.012000
v 0.000000 0.054000 0.015000
v 0.000000 0.057000 0.015000
v 0.000000 0.057000 0.012000
v 0.000000 0.054000 0.015000
v 0.000000 0.054000 0.018000
v 0.000000 0.057000 0.018000
v 0.000000 0.057000 0.015000
v 0.000000 0.054000 0.018000
v 0.000000 0.054000 0.021000
v 0.000000 0.057000 0.021000
v 0.000000 0.057000 0.018000
v 0.000000 0.054000 0.021000
v 0.000000 0.054000 0.024000
v 0.000000 0.057000 0.024000
v 0.000000 0.057000 0.021000
v 0.000000 0.054000 0.024000
v 0.000000 0.054000 0.027000
v 0.000000 0.057000 0.027000
v 0.000000 0.057000 0.024000
v 0.000000 0.054000 0.027000
v 0.000000 0.054000 0.030000
v 0.000000 0.057000 0.030000
v 0.000000 0.057000 0.027000
v 0.000000 0.054000 0.030000
v 0.000000 0.054000 0.033000
v 0.000000 0.057000 0.033000
v 0.000000 0.057000 0.030000
v 0.003000 0.054000 0.030000
v 0.003000 0.057000 0.030000
v 0.003000 0.057000 0.033000
v 0.003000 0.054000 0.033000
v 0.000000 0.057000 0.030000
v 0.000000 0.057000 0.033000
v 0.003000 0.057000 0.033000
v 0.003000 0.057000 0.030000
v 0.000000 0.054000 0.033000
v 0.003000 0.054000 0.033000
v 0.003000 0.057000 0.033000
v 0.000000 0.057000 0.033000
v 0.000000 0.057000 0.003000
v 0.000000 0.057000 0.006000
v 0.000000 0.060000 0.006000
v 0.000000 0.060000 0.003000
v 0.000000 0.057000 0.003000
v 0.000000 0.060000 0.003000
v 0.003000 0.060000 0.003000
v 0.003000 0.057000 0.003000
v 0.000000 0.057000 0.006000
v 0.000000 0.057000 0.009000
v 0.000000 0.060000 0.009000
v 0.000000 0.060000 0.006000
v 0.000000 0.057000 0.009000
v 0.000000 0.057000 0.012000
v 0.000000 0.060000 0.012000
v 0.000000 0.060000 0.009000
v 0.000000 0.057000 0.012000
v 0.000000 0.057000 0.015000
v 0.000000 0.060000 0.015000
v 0.000000 0.060000 0.012000
v 0.000000 0.057000 0.015000
v 0.000000 0.057000 0.018000
v 0.000000 0.060000 0.018000
v 0.000000 0.060000 0.015000
v 0.000000 0.057000 0.018000
v 0.000000 0.057000 0.021000
v 0.000000 0.060000 0.021000
v 0.000000 0.060000 0.018000
v 0.000000 0.057000 0.021000
v 0.000000 0.057000 0.024000
v 0.000000 0.060000 0.024000
v 0.000000 0.060000 0.021000
v 0.000000 0.057000 0.024000
v 0.000000 0.057000 0.027000
v 0.000000 0.060000 0.027000
v 0.000000 0.060000 0.024000
v 0.000000 0.057000 0.027000
v 0.000000 0.057000 0.030000
v 0.000000 0.060000 0.030000
v 0.000000 0.060000 0.027000
v 0.000000 0.057000 0.030000
v 0.003000 0.057000 0.030000
v 0.003000 0.060000 0.030000
v 0.000000 0.060000 0.030000
v 0.000000 0.060000 0.003000
v 0.000000 0.060000 0.006000
v 0.000000 0.063000 0.006000
v 0.000000 0.063000 0.003000
v 0.003000 0.060000 0.003000
v 0.003000 0.063000 0.003000
v 0.003000 0.063000 0.006000
v 0.003000 0.060000 0.006000
v 0.000000 0.060000 0.003000
v 0.000000 0.063000 0.003000
v 0.003000 0.063000 0.003000
v 0.003000 0.060000 0.003000
v 0.000000 0.060000 0.006000
v 0.000000 0.060000 0.009000
v 0.000000 0.063000 0.009000
v 0.000000 0.063000 0.006000
v 0.000000 0.060000 0.009000
v 0.000000 0.060000 0.012000
v 0.000000 0.063000 0.012000
v 0.000000 0.063000 0.009000
v 0.000000 0.060000 0.012000
v 0.000000 0.060000 0.015000
v 0.000000 0.063000 0.015000
v 0.000000 0.063000 0.012000
v 0.000000 0.060000 0.015000
v 0.000000 0.060000 0.018000
v 0.000000 0.063000 0.018000
v 0.000000 0.063000 0.015000
v 0.000000 0.060000 0.018000
v 0.000000 0.060000 0.021000
v 0.000000 0.063000 0.021000
v 0.000000 0.063000 0.018000
v 0.000000 0.060000 0.021000
v 0.000000 0.060000 0.024000
v 0.000000 0.063000 0.024000
v 0.000000 0.063000 0.021000
v 0.000000 0.060000 0.024000
v 0.000000 0.060000 0.027000
v 0.000000 0.063000 0.027000
v 0.000000 0.063000 0.024000
v 0.000000 0.060000 0.027000
v 0.000000 0.060000 0.030000
v 0.000000 0.063000 0.030000
v 0.000000 0.063000 0.027000
v 0.000000 0.060000 0.030000
v 0.003000 0.060000 0.030000
v 0.003000 0.063000 0.030000
v 0.000000 0.063000 0.030000
v 0.000000 0.063000 0.003000
v 0.000000 0.063000 0.006000
v 0.000000 0.066000 0.006000
v 0.000000 0.066000 0.003000
v 0.003000 0.063000 0.003000
v 0.003000 0.066000 0.003000
v 0.003000 0.066000 0.006000
v 0.003000 0.063000 0.006000
v 0.000000 0.063000 0.003000
v 0.000000 0.066000 0.003000
v 0.003000 0.066000 0.003000
v 0.003000 0.063000 0.003000
v 0.000000 0.063000 0.006000
v 0.000000 0.063000 0.009000
v 0.000000 0.066000 0.009000
v 0.000000 0.066000 0.006000
v 0.000000 0.063000 0.009000
v 0.000000 0.063000 0.012000
v 0.000000 0.066000 0.012000
v 0.000000 0.066000 0.009000
v 0.000000 0.063000 0.012000
v 0.000000 0.063000 0.015000
v 0.000000 0.066000 0.015000
v 0.000000 0.066000 0.012000
v 0.000000 0.063000 0.015000
v 0.000000 0.063000 0.018000
v 0.000000 0.066000 0.018000
v 0.000000 0.066000 0.015000
v 0.000000 0.063000 0.018000
v 0.000000 0.063000 0.021000
v 0.000000 0.066000 0.021000
v 0.000000 0.066000 0.018000
v 0.000000 0.063000 0.021000
v 0.000000 0.063000 0.024000
v 0.000000 0.066000 0.024000
v 0.000000 0.066000 0.021000
v 0.000000 0.063000 0.024000
v 0.000000 0.063000 0.027000
v 0.000000 0.066000 0.027000
v 0.000000 0.066000 0.024000
v 0.000000 0.063000 0.027000
v 0.000000 0.063000 0.030000
v 0.000000 0.066000 0.030000
v 0.000000 0.066000 0.027000
v 0.003000 0.063000 0.027000
v 0.003000 0.066000 0.027000
v 0.003000 0.066000 0.030000
v 0.003000 0.063000 0.030000
v 0.000000 0.063000 0.030000
v 0.003000 0.063000 0.030000
v 0.003000 0.066000 0.030000
v 0.000000 0.066000 0.030000
v 0.000000 0.066000 0.003000
v 0.000000 0.066000 0.006000
v 0.000000 0.069000 0.006000
v 0.000000 0.069000 0.003000
v 0.003000 0.066000 0.003000
v 0.003000 0.069000 0.003000
v 0.003000 0.069000 0.006000
v 0.003000 0.066000 0.006000
v 0.000000 0.069000 0.003000
v 0.000000 0.069000 0.006000
v 0.003000 0.069000 0.006000
v 0.003000 0.069000 0.003000
v 0.000000 0.066000 0.003000
v 0.000000 0.069000 0.003000
v 0.003000 0.069000 0.003000
v 0.003000 0.066000 0.003000
v 0.000000 0.066000 0.006000
v 0.000000 0.066000 0.009000
v 0.000000 0.069000 0.009000
v 0.000000 0.069000 0.006000
v 0.000000 0.066000 0.009000
v 0.000000 0.066000 0.012000
v 0.000000 0.069000 0.012000
v 0.000000 0.069000 0.009000
v 0.000000 0.066000 0.012000
v 0.000000 0.066000 0.015000
v 0.000000 0.069000 0.015000
v 0.000000 0.069000 0.012000
v 0.000000 0.066000 0.015000
v 0.000000 0.066000 0.018000
v 0.000000 0.069000 0.018000
v 0.000000 0.069000 0.015000
v 0.000000 0.066000 0.018000
v 0.000000 0.066000 0.021000
v 0.000000 0.069000 0.021000
v 0.000000 0.069000 0.018000
v 0.000000 0.066000 0.021000
v 0.000000 0.066000 0.024000
v 0.000000 0.069000 0.024000
v 0.000000 0.069000 0.021000
v 0.000000 0.066000 0.024000
v 0.000000 0.066000 0.027000
v 0.000000 0.069000 0.027000
v 0.000000 0.069000 0.024000
v 0.000000 0.066000 0.027000
v 0.000000 0.066000 0.030000
v 0.000000 0.069000 0.030000
v 0.000000 0.069000 0.027000
v 0.003000 0.066000 0.027000
v 0.003000 0.069000 0.027000
v 0.003000 0.069000 0.030000
v 0.003000 0.066000 0.030000
v 0.000000 0.069000 0.027000
v 0.000000 0.069000 0.030000
v 0.003000 0.069000 0.030000
v 0.003000 0.069000 0.027000
v 0.000000 0.066000 0.030000
v 0.003000 0.066000 0.030000
v 0.003000 0.069000 0.030000
v 0.000000 0.069000 0.030000
v 0.000000 0.069000 0.006000
v 0.000000 0.069000 0.009000
v 0.000000 0.072000 0.009000
v 0.000000 0.072000 0.006000
v 0.003000 0.069000 0.006000
v 0.003000 0.072000 0.006000
v 0.003000 0.072000 0.009000
v 0.003000 0.069000 0.009000
v 0.000000 0.069000 0.006000
v 0.000000 0.072000 0.006000
v 0.003000 0.072000 0.006000
v 0.003000 0.069000 0.006000
v 0.000000 0.069000 0.009000
v 0.000000 0.069000 0.012000
v 0.000000 0.072000 0.012000
v 0.000000 0.072000 0.009000
v 0.000000 0.069000 0.012000
v 0.000000 0.069000 0.015000
v 0.000000 0.072000 0.015000
v 0.000000 0.072000 0.012000
v 0.000000 0.069000 0.015000
v 0.000000 0.069000 0.018000
v 0.000000 0.072000 0.018000
v 0.000000 0.072000 0.015000
v 0.000000 0.069000 0.018000
v 0.000000 0.069000 0.021000
v 0.000000 0.072000 0.021000
v 0.000000 0.072000 0.018000
v 0.000000 0.069000 0.021000
v 0.000000 0.069000 0.024000
v 0.000000 0.072000 0.024000
v 0.000000 0.072000 0.021000
v 0.000000 0.069000 0.024000
v 0.000000 0.069000 0.027000
v 0.000000 0.072000 0.027000
v 0.000000 0.072000 0.024000
v 0.003000 0.069000 0.024000
v 0.003000 0.072000 0.024000
v 0.003000 0.072000 0.027000
v 0.003000 0.069000 0.027000
v 0.000000 0.069000 0.027000
v 0.003000 0.069000 0.027000
v 0.003000 0.072000 0.027000
v 0.000000 0.072000 0.027000
v 0.000000 0.072000 0.006000
v 0.000000 0.072000 0.009000
v 0.000000 0.075000 0.009000
v 0.000000 0.075000 0.006000
v 0.003000 0.072000 0.006000
v 0.003000 0.075000 0.006000
v 0.003000 0.075000 0.009000
v 0.003000 0.072000 0.009000
v 0.000000 0.075000 0.006000
v 0.000000 0.075000 0.009000
v 0.003000 0.075000 0.009000
v 0.003000 0.075000 0.006000
v 0.000000 0.072000 0.006000
v 0.000000 0.075000 0.006000
v 0.003000 0.075000 0.006000
v 0.003000 0.072000 0.006000
v 0.000000 0.072000 0.009000
v 0.000000 0.072000 0.012000
v 0.000000 0.075000 0.012000
v 0.000000 0.075000 0.009000
v 0.000000 0.072000 0.012000
v 0.000000 0.072000 0.015000
v 0.000000 0.075000 0.015000
v 0.000000 0.075000 0.012000
v 0.000000 0.072000 0.015000
v 0.000000 0.072000 0.018000
v 0.000000 0.075000 0.018000
v 0.000000 0.075000 0.015000
v 0.000000 0.072000 0.018000
v 0.000000 0.072000 0.021000
v 0.000000 0.075000 0.021000
v 0.000000 0.075000 0.018000
v 0.000000 0.072000 0.021000
v 0.000000 0.072000 0.024000
v 0.000000 0.075000 0.024000
v 0.000000 0.075000 0.021000
v 0.000000 0.072000 0.024000
v 0.000000 0.072000 0.027000
v 0.000000 0.075000 0.027000
v 0.000000 0.075000 0.024000
v 0.003000 0.072000 0.024000
v 0.003000 0.075000 0.024000
v 0.003000 0.075000 0.027000
v 0.003000 0.072000 0.027000
v 0.000000 0.075000 0.024000
v 0.000000 0.075000 0.027000
v 0.003000 0.075000 0.027000
v 0.003000 0.075000 0.024000
v 0.000000 0.072000 0.027000
v 0.003000 0.072000 0.027000
v 0.003000 0.075000 0.027000
v 0.000000 0.075000 0.027000
v 0.000000 0.075000 0.009000
v 0.000000 0.075000 0.012000
v 0.000000 0.078000 0.012000
v 0.000000 0.078000 0.009000
v 0.003000 0.075000 0.009000
v 0.003000 0.078000 0.009000
v 0.003000 0.078000 0.012000
v 0.003000 0.075000 0.012000
v 0.000000 0.078000 0.009000
v 0.000000 0.078000 0.012000
v 0.003000 0.078000 0.012000
v 0.003000 0.078000 0.009000
v 0.000000 0.075000 0.009000
v 0.000000 0.078000 0.009000
v 0.003000 0.078000 0.009000
v 0.003000 0.075000 0.009000
v 0.000000 0.075000 0.012000
v 0.000000 0.075000 0.015000
v 0.000000 0.078000 0.015000
v 0.000000 0.078000 0.012000
v 0.000000 0.075000 0.015000
v 0.000000 0.075000 0.018000
v 0.000000 0.078000 0.018000
v 0.000000 0.078000 0.015000
v 0.000000 0.075000 0.018000
v 0.000000 0.075000 0.021000
v 0.000000 0.078000 0.021000
v 0.000000 0.078000 0.018000
v 0.000000 0.075000 0.021000
v 0.000000 0.075000 0.024000
v 0.000000 0.078000 0.024000
v 0.000000 0.078000 0.021000
v 0.003000 0.075000 0.021000
v 0.003000 0.078000 0.021000
v 0.003000 0.078000 0.024000
v 0.003000 0.075000 0.024000
v 0.000000 0.078000 0.021000
v 0.000000 0.078000 0.024000
v 0.003000 0.078000 0.024000
v 0.003000 0.078000 0.021000
v 0.000000 0.075000 0.024000
v 0.003000 0.075000 0.024000
v 0.003000 0.078000 0.024000
v 0.000000 0.078000 0.024000
v 0.000000 0.078000 0.012000
v 0.000000 0.078000 0.015000
v 0.000000 0.081000 0.015000
v 0.000000 0.081000 0.012000
v 0.003000 0.078000 0.012000
v 0.003000 0.081000 0.012000
v 0.003000 0.081000 0.015000
v 0.003000 0.078000 0.015000
v 0.000000 0.081000 0.012000
v 0.000000 0.081000 0.015000
v 0.003000 0.081000 0.015000
v 0.003000 0.081000 0.012000
v 0.000000 0.078000 0.012000
v 0.000000 0.081000 0.012000
v 0.003000 0.081000 0.012000
v 0.003000 0.078000 0.012000
v 0.000000 0.078000 0.015000
v 0.000000 0.078000 0.018000
v 0.000000 0.081000 0.018000
v 0.000000 0.081000 0.015000
v 0.003000 0.078000 0.015000
v 0.003000 0.081000 0.015000
v 0.003000 0.081000 0.018000
v 0.003000 0.078000 0.018000
v 0.000000 0.081000 0.015000
v 0.000000 0.081000 0.018000
v 0.003000 0.081000 0.018000
v 0.003000 0.081000 0.015000
v 0.000000 0.078000 0.018000
v 0.000000 0.078000 0.021000
v 0.000000 0.081000 0.021000
v 0.000000 0.081000 0.018000
v 0.003000 0.078000 0.018000
v 0.003000 0.081000 0.018000
v 0.003000 0.081000 0.021000
v 0.003000 0.078000 0.021000
v 0.000000 0.081000 0.018000
v 0.000000 0.081000 0.021000
v 0.003000 0.081000 0.021000
v 0.003000 0.081000 0.018000
v 0.000000 0.078000 0.021000
v 0.003000 0.078000 0.021000
v 0.003000 0.081000 0.021000
v 0.000000 0.081000 0.021000
v 0.006000 0.021000 0.015000
v 0.006000 0.024000 0.015000
v 0.006000 0.024000 0.018000
v 0.006000 0.021000 0.018000
v 0.003000 0.021000 0.015000
v 0.006000 0.021000 0.015000
v 0.006000 0.021000 0.018000
v 0.003000 0.021000 0.018000
v 0.003000 0.021000 0.018000
v 0.006000 0.021000 0.018000
v 0.006000 0.024000 0.018000
v 0.003000 0.024000 0.018000
v 0.003000 0.021000 0.015000
v 0.003000 0.024000 0.015000
v 0.006000 0.024000 0.015000
v 0.006000 0.021000 0.015000
v 0.006000 0.024000 0.009000
v 0.006000 0.027000 0.009000
v 0.006000 0.027000 0.012000
v 0.006000 0.024000 0.012000
v 0.003000 0.024000 0.009000
v 0.006000 0.024000 0.009000
v 0.006000 0.024000 0.012000
v 0.003000 0.024000 0.012000
v 0.003000 0.024000 0.009000
v 0.003000 0.027000 0.009000
v 0.006000 0.027000 0.009000
v 0.006000 0.024000 0.009000
v 0.006000 0.024000 0.012000
v 0.006000 0.027000 0.012000
v 0.006000 0.027000 0.015000
v 0.006000 0.024000 0.015000
v 0.003000 0.024000 0.012000
v 0.006000 0.024000 0.012000
v 0.006000 0.024000 0.015000
v 0.003000 0.024000 0.015000
v 0.006000 0.024000 0.018000
v 0.006000 0.027000 0.018000
v 0.006000 0.027000 0.021000
v 0.006000 0.024000 0.021000
v 0.003000 0.024000 0.018000
v 0.006000 0.024000 0.018000
v 0.006000 0.024000 0.021000
v 0.003000 0.024000 0.021000
v 0.006000 0.024000 0.021000
v 0.006000 0.027000 0.021000
v 0.006000 0.027000 0.024000
v 0.006000 0.024000 0.024000
v 0.003000 0.024000 0.021000
v 0.006000 0.024000 0.021000
v 0.006000 0.024000 0.024000
v 0.003000 0.024000 0.024000
v 0.003000 0.024000 0.024000
v 0.006000 0.024000 0.024000
v 0.006000 0.027000 0.024000
v 0.003000 0.027000 0.024000
v 0.006000 0.027000 0.009000
v 0.006000 0.030000 0.009000
v 0.006000 0.030000 0.012000
v 0.006000 0.027000 0.012000
v 0.003000 0.027000 0.009000
v 0.003000 0.030000 0.009000
v 0.006000 0.030000 0.009000
v 0.006000 0.027000 0.009000
v 0.006000 0.027000 0.021000
v 0.006000 0.030000 0.021000
v 0.006000 0.030000 0.024000
v 0.006000 0.027000 0.024000
v 0.003000 0.027000 0.024000
v 0.006000 0.027000 0.024000
v 0.006000 0.030000 0.024000
v 0.003000 0.030000 0.024000
v 0.006000 0.030000 0.006000
v 0.006000 0.033000 0.006000
v 0.006000 0.033000 0.009000
v 0.006000 0.030000 0.009000
v 0.003000 0.030000 0.006000
v 0.006000 0.030000 0.006000
v 0.006000 0.030000 0.009000
v 0.003000 0.030000 0.009000
v 0.003000 0.030000 0.006000
v 0.003000 0.033000 0.006000
v 0.006000 0.033000 0.006000
v 0.006000 0.030000 0.006000
v 0.006000 0.030000 0.024000
v 0.006000 0.033000 0.024000
v 0.006000 0.033000 0.027000
v 0.006000 0.030000 0.027000
v 0.003000 0.030000 0.024000
v 0.006000 0.030000 0.024000
v 0.006000 0.030000 0.027000
v 0.003000 0.030000 0.027000
v 0.003000 0.030000 0.027000
v 0.006000 0.030000 0.027000
v 0.006000 0.033000 0.027000
v 0.003000 0.033000 0.027000
v 0.006000 0.033000 0.006000
v 0.006000 0.036000 0.006000
v 0.006000 0.036000 0.009000
v 0.006000 0.033000 0.009000
v 0.003000 0.033000 0.006000
v 0.003000 0.036000 0.006000
v 0.006000 0.036000 0.006000
v 0.006000 0.033000 0.006000
v 0.003000 0.033000 0.027000
v 0.006000 0.033000 0.027000
v 0.006000 0.036000 0.027000
v 0.003000 0.036000 0.027000
v 0.003000 0.036000 0.006000
v 0.003000 0.039000 0.006000
v 0.006000 0.039000 0.006000
v 0.006000 0.036000 0.006000
v 0.003000 0.036000 0.027000
v 0.006000 0.036000 0.027000
v 0.006000 0.039000 0.027000
v 0.003000 0.039000 0.027000
v 0.006000 0.039000 0.003000
v 0.006000 0.042000 0.003000
v 0.006000 0.042000 0.006000
v 0.006000 0.039000 0.006000
v 0.003000 0.039000 0.003000
v 0.006000 0.039000 0.003000
v 0.006000 0.039000 0.006000
v 0.003000 0.039000 0.006000
v 0.003000 0.039000 0.003000
v 0.003000 0.042000 0.003000
v 0.006000 0.042000 0.003000
v 0.006000 0.039000 0.003000
v 0.006000 0.039000 0.027000
v 0.006000 0.042000 0.027000
v 0.006000 0.042000 0.030000
v 0.006000 0.039000 0.030000
v 0.003000 0.039000 0.027000
v 0.006000 0.039000 0.027000
v 0.006000 0.039000 0.030000
v 0.003000 0.039000 0.030000
v 0.003000 0.039000 0.030000
v 0.006000 0.039000 0.030000
v 0.006000 0.042000 0.030000
v 0.003000 0.042000 0.030000
v 0.006000 0.042000 0.003000
v 0.006000 0.045000 0.003000
v 0.006000 0.045000 0.006000
v 0.006000 0.042000 0.006000
v 0.003000 0.042000 0.003000
v 0.003000 0.045000 0.003000
v 0.006000 0.045000 0.003000
v 0.006000 0.042000 0.003000
v 0.006000 0.042000 0.027000
v 0.006000 0.045000 0.027000
v 0.006000 0.045000 0.030000
v 0.006000 0.042000 0.030000
v 0.003000 0.042000 0.030000
v 0.006000 0.042000 0.030000
v 0.006000 0.045000 0.030000
v 0.003000 0.045000 0.030000
v 0.006000 0.045000 0.003000
v 0.006000 0.048000 0.003000
v 0.006000 0.048000 0.006000
v 0.006000 0.045000 0.006000
v 0.003000 0.045000 0.003000
v 0.003000 0.048000 0.003000
v 0.006000 0.048000 0.003000
v 0.006000 0.045000 0.003000
v 0.006000 0.045000 0.027000
v 0.006000 0.048000 0.027000
v 0.006000 0.048000 0.030000
v 0.006000 0.045000 0.030000
v 0.003000 0.045000 0.030000
v 0.006000 0.045000 0.030000
v 0.006000 0.048000 0.030000
v 0.003000 0.048000 0.030000
v 0.006000 0.048000 0.003000
v 0.006000 0.051000 0.003000
v 0.006000 0.051000 0.006000
v 0.006000 0.048000 0.006000
v 0.003000 0.048000 0.003000
v 0.003000 0.051000 0.003000
v 0.006000 0.051000 0.003000
v 0.006000 0.048000 0.003000
v 0.006000 0.048000 0.027000
v 0.006000 0.051000 0.027000
v 0.006000 0.051000 0.030000
v 0.006000 0.048000 0.030000
v 0.003000 0.048000 0.030000
v 0.006000 0.048000 0.030000
v 0.006000 0.051000 0.030000
v 0.003000 0.051000 0.030000
v 0.006000 0.051000 0.003000
v 0.006000 0.054000 0.003000
v 0.006000 0.054000 0.006000
v 0.006000 0.051000 0.006000
v 0.003000 0.051000 0.003000
v 0.003000 0.054000 0.003000
v 0.006000 0.054000 0.003000
v 0.006000 0.051000 0.003000
v 0.006000 0.051000 0.027000
v 0.006000 0.054000 0.027000
v 0.006000 0.054000 0.030000
v 0.006000 0.051000 0.030000
v 0.003000 0.051000 0.030000
v 0.006000 0.051000 0.030000
v 0.006000 0.054000 0.030000
v 0.003000 0.054000 0.030000
v 0.006000 0.054000 0.003000
v 0.006000 0.057000 0.003000
v 0.006000 0.057000 0.006000
v 0.006000 0.054000 0.006000
v 0.003000 0.054000 0.003000
v 0.003000 0.057000 0.003000
v 0.006000 0.057000 0.003000
v 0.006000 0.054000 0.003000
v 0.006000 0.054000 0.027000
v 0.006000 0.057000 0.027000
v 0.006000 0.057000 0.030000
v 0.006000 0.054000 0.030000
v 0.003000 0.054000 0.030000
v 0.006000 0.054000 0.030000
v 0.006000 0.057000 0.030000
v 0.003000 0.057000 0.030000
v 0.006000 0.057000 0.003000
v 0.006000 0.060000 0.003000
v 0.006000 0.060000 0.006000
v 0.006000 0.057000 0.006000
v 0.003000 0.060000 0.003000
v 0.003000 0.060000 0.006000
v 0.006000 0.060000 0.006000
v 0.006000 0.060000 0.003000
v 0.003000 0.057000 0.003000
v 0.003000 0.060000 0.003000
v 0.006000 0.060000 0.003000
v 0.006000 0.057000 0.003000
v 0.006000 0.057000 0.027000
v 0.006000 0.060000 0.027000
v 0.006000 0.060000 0.030000
v 0.006000 0.057000 0.030000
v 0.003000 0.057000 0.030000
v 0.006000 0.057000 0.030000
v 0.006000 0.060000 0.030000
v 0.003000 0.060000 0.030000
v 0.003000 0.060000 0.006000
v 0.003000 0.063000 0.006000
v 0.006000 0.063000 0.006000
v 0.006000 0.060000 0.006000
v 0.006000 0.060000 0.027000
v 0.006000 0.063000 0.027000
v 0.006000 0.063000 0.030000
v 0.006000 0.060000 0.030000
v 0.003000 0.063000 0.027000
v 0.003000 0.063000 0.030000
v 0.006000 0.063000 0.030000
v 0.006000 0.063000 0.027000
v 0.003000 0.060000 0.030000
v 0.006000 0.060000 0.030000
v 0.006000 0.063000 0.030000
v 0.003000 0.063000 0.030000
v 0.003000 0.063000 0.006000
v 0.003000 0.066000 0.006000
v 0.006000 0.066000 0.006000
v 0.006000 0.063000 0.006000
v 0.003000 0.063000 0.027000
v 0.006000 0.063000 0.027000
v 0.006000 0.066000 0.027000
v 0.003000 0.066000 0.027000
v 0.006000 0.066000 0.006000
v 0.006000 0.069000 0.006000
v 0.006000 0.069000 0.009000
v 0.006000 0.066000 0.009000
v 0.003000 0.069000 0.006000
v 0.003000 0.069000 0.009000
v 0.006000 0.069000 0.009000
v 0.006000 0.069000 0.006000
v 0.003000 0.066000 0.006000
v 0.003000 0.069000 0.006000
v 0.006000 0.069000 0.006000
v 0.006000 0.066000 0.006000
v 0.006000 0.066000 0.024000
v 0.006000 0.069000 0.024000
v 0.006000 0.069000 0.027000
v 0.006000 0.066000 0.027000
v 0.003000 0.069000 0.024000
v 0.003000 0.069000 0.027000
v 0.006000 0.069000 0.027000
v 0.006000 0.069000 0.024000
v 0.003000 0.066000 0.027000
v 0.006000 0.066000 0.027000
v 0.006000 0.069000 0.027000
v 0.003000 0.069000 0.027000
v 0.003000 0.069000 0.009000
v 0.003000 0.072000 0.009000
v 0.006000 0.072000 0.009000
v 0.006000 0.069000 0.009000
v 0.003000 0.069000 0.024000
v 0.006000 0.069000 0.024000
v 0.006000 0.072000 0.024000
v 0.003000 0.072000 0.024000
v 0.006000 0.072000 0.009000
v 0.006000 0.075000 0.009000
v 0.006000 0.075000 0.012000
v 0.006000 0.072000 0.012000
v 0.003000 0.075000 0.009000
v 0.003000 0.075000 0.012000
v 0.006000 0.075000 0.012000
v 0.006000 0.075000 0.009000
v 0.003000 0.072000 0.009000
v 0.003000 0.075000 0.009000
v 0.006000 0.075000 0.009000
v 0.006000 0.072000 0.009000
v 0.006000 0.072000 0.021000
v 0.006000 0.075000 0.021000
v 0.006000 0.075000 0.024000
v 0.006000 0.072000 0.024000
v 0.003000 0.075000 0.021000
v 0.003000 0.075000 0.024000
v 0.006000 0.075000 0.024000
v 0.006000 0.075000 0.021000
v 0.003000 0.072000 0.024000
v 0.006000 0.072000 0.024000
v 0.006000 0.075000 0.024000
v 0.003000 0.075000 0.024000
v 0.006000 0.075000 0.012000
v 0.006000 0.078000 0.012000
v 0.006000 0.078000 0.015000
v 0.006000 0.075000 0.015000
v 0.003000 0.078000 0.012000
v 0.003000 0.078000 0.015000
v 0.006000 0.078000 0.015000
v 0.006000 0.078000 0.012000
v 0.003000 0.075000 0.012000
v 0.003000 0.078000 0.012000
v 0.006000 0.078000 0.012000
v 0.006000 0.075000 0.012000
v 0.006000 0.075000 0.015000
v 0.006000 0.078000 0.015000
v 0.006000 0.078000 0.018000
v 0.006000 0.075000 0.018000
v 0.003000 0.078000 0.015000
v 0.003000 0.078000 0.018000
v 0.006000 0.078000 0.018000
v 0.006000 0.078000 0.015000
v 0.006000 0.075000 0.018000
v 0.006000 0.078000 0.018000
v 0.006000 0.078000 0.021000
v 0.006000 0.075000 0.021000
v 0.003000 0.078000 0.018000
v 0.003000 0.078000 0.021000
v 0.006000 0.078000 0.021000
v 0.006000 0.078000 0.018000
v 0.003000 0.075000 0.021000
v 0.006000 0.075000 0.021000
v 0.006000 0.078000 0.021000
v 0.003000 0.078000 0.021000
v 0.009000 0.024000 0.015000
v 0.009000 0.027000 0.015000
v 0.009000 0.027000 0.018000
v 0.009000 0.024000 0.018000
v 0.006000 0.024000 0.015000
v 0.009000 0.024000 0.015000
v 0.009000 0.024000 0.018000
v 0.006000 0.024000 0.018000
v 0.006000 0.024000 0.018000
v 0.009000 0.024000 0.018000
v 0.009000 0.027000 0.018000
v 0.006000 0.027000 0.018000
v 0.006000 0.024000 0.015000
v 0.006000 0.027000 0.015000
v 0.009000 0.027000 0.015000
v 0.009000 0.024000 0.015000
v 0.006000 0.027000 0.012000
v 0.009000 0.027000 0.012000
v 0.009000 0.027000 0.015000
v 0.006000 0.027000 0.015000
v 0.006000 0.027000 0.012000
v 0.006000 0.030000 0.012000
v 0.009000 0.030000 0.012000
v 0.009000 0.027000 0.012000
v 0.006000 0.027000 0.018000
v 0.009000 0.027000 0.018000
v 0.009000 0.027000 0.021000
v 0.006000 0.027000 0.021000
v 0.006000 0.027000 0.021000
v 0.009000 0.027000 0.021000
v 0.009000 0.030000 0.021000
v 0.006000 0.030000 0.021000
v 0.009000 0.030000 0.009000
v 0.009000 0.033000 0.009000
v 0.009000 0.033000 0.012000
v 0.009000 0.030000 0.012000
v 0.006000 0.030000 0.009000
v 0.009000 0.030000 0.009000
v 0.009000 0.030000 0.012000
v 0.006000 0.030000 0.012000
v 0.006000 0.030000 0.009000
v 0.006000 0.033000 0.009000
v 0.009000 0.033000 0.009000
v 0.009000 0.030000 0.009000
v 0.009000 0.030000 0.021000
v 0.009000 0.033000 0.021000
v 0.009000 0.033000 0.024000
v 0.009000 0.030000 0.024000
v 0.006000 0.030000 0.021000
v 0.009000 0.030000 0.021000
v 0.009000 0.030000 0.024000
v 0.006000 0.030000 0.024000
v 0.006000 0.030000 0.024000
v 0.009000 0.030000 0.024000
v 0.009000 0.033000 0.024000
v 0.006000 0.033000 0.024000
v 0.006000 0.033000 0.009000
v 0.006000 0.036000 0.009000
v 0.009000 0.036000 0.009000
v 0.009000 0.033000 0.009000
v 0.009000 0.033000 0.024000
v 0.009000 0.036000 0.024000
v 0.009000 0.036000 0.027000
v 0.009000 0.033000 0.027000
v 0.006000 0.033000 0.024000
v 0.009000 0.033000 0.024000
v 0.009000 0.033000 0.027000
v 0.006000 0.033000 0.027000
v 0.006000 0.033000 0.027000
v 0.009000 0.033000 0.027000
v 0.009000 0.036000 0.027000
v 0.006000 0.036000 0.027000
v 0.009000 0.036000 0.006000
v 0.009000 0.039000 0.006000
v 0.009000 0.039000 0.009000
v 0.009000 0.036000 0.009000
v 0.006000 0.036000 0.006000
v 0.009000 0.036000 0.006000
v 0.009000 0.036000 0.009000
v 0.006000 0.036000 0.009000
v 0.006000 0.036000 0.006000
v 0.006000 0.039000 0.006000
v 0.009000 0.039000 0.006000
v 0.009000 0.036000 0.006000
v 0.009000 0.036000 0.024000
v 0.009000 0.039000 0.024000
v 0.009000 0.039000 0.027000
v 0.009000 0.036000 0.027000
v 0.006000 0.036000 0.027000
v 0.009000 0.036000 0.027000
v 0.009000 0.039000 0.027000
v 0.006000 0.039000 0.027000
v 0.009000 0.039000 0.006000
v 0.009000 0.042000 0.006000
v 0.009000 0.042000 0.009000
v 0.009000 0.039000 0.009000
v 0.006000 0.039000 0.006000
v 0.006000 0.042000 0.006000
v 0.009000 0.042000 0.006000
v 0.009000 0.039000 0.006000
v 0.009000 0.039000 0.024000
v 0.009000 0.042000 0.024000
v 0.009000 0.042000 0.027000
v 0.009000 0.039000 0.027000
v 0.006000 0.039000 0.027000
v 0.009000 0.039000 0.027000
v 0.009000 0.042000 0.027000
v 0.006000 0.042000 0.027000
v 0.006000 0.042000 0.006000
v 0.006000 0.045000 0.006000
v 0.009000 0.045000 0.006000
v 0.009000 0.042000 0.006000
v 0.006000 0.042000 0.027000
v 0.009000 0.042000 0.027000
v 0.009000 0.045000 0.027000
v 0.006000 0.045000 0.027000
v 0.006000 0.045000 0.006000
v 0.006000 0.048000 0.006000
v 0.009000 0.048000 0.006000
v 0.009000 0.045000 0.006000
v 0.006000 0.045000 0.027000
v 0.009000 0.045000 0.027000
v 0.009000 0.048000 0.027000
v 0.006000 0.048000 0.027000
v 0.006000 0.048000 0.006000
v 0.006000 0.051000 0.006000
v 0.009000 0.051000 0.006000
v 0.009000 0.048000 0.006000
v 0.006000 0.048000 0.027000
v 0.009000 0.048000 0.027000
v 0.009000 0.051000 0.027000
v 0.006000 0.051000 0.027000
v 0.006000 0.051000 0.006000
v 0.006000 0.054000 0.006000
v 0.009000 0.054000 0.006000
v 0.009000 0.051000 0.006000
v 0.006000 0.051000 0.027000
v 0.009000 0.051000 0.027000
v 0.009000 0.054000 0.027000
v 0.006000 0.054000 0.027000
v 0.006000 0.054000 0.006000
v 0.006000 0.057000 0.006000
v 0.009000 0.057000 0.006000
v 0.009000 0.054000 0.006000
v 0.006000 0.054000 0.027000
v 0.009000 0.054000 0.027000
v 0.009000 0.057000 0.027000
v 0.006000 0.057000 0.027000
v 0.009000 0.057000 0.006000
v 0.009000 0.060000 0.006000
v 0.009000 0.060000 0.009000
v 0.009000 0.057000 0.009000
v 0.006000 0.057000 0.006000
v 0.006000 0.060000 0.006000
v 0.009000 0.060000 0.006000
v 0.009000 0.057000 0.006000
v 0.006000 0.057000 0.027000
v 0.009000 0.057000 0.027000
v 0.009000 0.060000 0.027000
v 0.006000 0.060000 0.027000
v 0.009000 0.060000 0.006000
v 0.009000 0.063000 0.006000
v 0.009000 0.063000 0.009000
v 0.009000 0.060000 0.009000
v 0.006000 0.060000 0.006000
v 0.006000 0.063000 0.006000
v 0.009000 0.063000 0.006000
v 0.009000 0.060000 0.006000
v 0.009000 0.060000 0.024000
v 0.009000 0.063000 0.024000
v 0.009000 0.063000 0.027000
v 0.009000 0.060000 0.027000
v 0.006000 0.060000 0.027000
v 0.009000 0.060000 0.027000
v 0.009000 0.063000 0.027000
v 0.006000 0.063000 0.027000
v 0.009000 0.063000 0.006000
v 0.009000 0.066000 0.006000
v 0.009000 0.066000 0.009000
v 0.009000 0.063000 0.009000
v 0.006000 0.066000 0.006000
v 0.006000 0.066000 0.009000
v 0.009000 0.066000 0.009000
v 0.009000 0.066000 0.006000
v 0.006000 0.063000 0.006000
v 0.006000 0.066000 0.006000
v 0.009000 0.066000 0.006000
v 0.009000 0.063000 0.006000
v 0.009000 0.063000 0.024000
v 0.009000 0.066000 0.024000
v 0.009000 0.066000 0.027000
v 0.009000 0.063000 0.027000
v 0.006000 0.066000 0.024000
v 0.006000 0.066000 0.027000
v 0.009000 0.066000 0.027000
v 0.009000 0.066000 0.024000
v 0.006000 0.063000 0.027000
v 0.009000 0.063000 0.027000
v 0.009000 0.066000 0.027000
v 0.006000 0.066000 0.027000
v 0.006000 0.066000 0.009000
v 0.006000 0.069000 0.009000
v 0.009000 0.069000 0.009000
v 0.009000 0.066000 0.009000
v 0.006000 0.066000 0.024000
v 0.009000 0.066000 0.024000
v 0.009000 0.069000 0.024000
v 0.006000 0.069000 0.024000
v 0.009000 0.069000 0.009000
v 0.009000 0.072000 0.009000
v 0.009000 0.072000 0.012000
v 0.009000 0.069000 0.012000
v 0.006000 0.072000 0.009000
v 0.006000 0.072000 0.012000
v 0.009000 0.072000 0.012000
v 0.009000 0.072000 0.009000
v 0.006000 0.069000 0.009000
v 0.006000 0.072000 0.009000
v 0.009000 0.072000 0.009000
v 0.009000 0.069000 0.009000
v 0.009000 0.069000 0.021000
v 0.009000 0.072000 0.021000
v 0.009000 0.072000 0.024000
v 0.009000 0.069000 0.024000
v 0.006000 0.072000 0.021000
v 0.006000 0.072000 0.024000
v 0.009000 0.072000 0.024000
v 0.009000 0.072000 0.021000
v 0.006000 0.069000 0.024000
v 0.009000 0.069000 0.024000
v 0.009000 0.072000 0.024000
v 0.006000 0.072000 0.024000
v 0.009000 0.072000 0.012000
v 0.009000 0.075000 0.012000
v 0.009000 0.075000 0.015000
v 0.009000 0.072000 0.015000
v 0.006000 0.075000 0.012000
v 0.006000 0.075000 0.015000
v 0.009000 0.075000 0.015000
v 0.009000 0.075000 0.012000
v 0.006000 0.072000 0.012000
v 0.006000 0.075000 0.012000
v 0.009000 0.075000 0.012000
v 0.009000 0.072000 0.012000
v 0.009000 0.072000 0.015000
v 0.009000 0.075000 0.015000
v 0.009000 0.075000 0.018000
v 0.009000 0.072000 0.018000
v 0.006000 0.075000 0.015000
v 0.006000 0.075000 0.018000
v 0.009000 0.075000 0.018000
v 0.009000 0.075000 0.015000
v 0.009000 0.072000 0.018000
v 0.009000 0.075000 0.018000
v 0.009000 0.075000 0.021000
v 0.009000 0.072000 0.021000
v 0.006000 0.075000 0.018000
v 0.006000 0.075000 0.021000
v 0.009000 0.075000 0.021000
v 0.009000 0.075000 0.018000
v 0.006000 0.072000 0.021000
v 0.009000 0.072000 0.021000
v 0.009000 0.075000 0.021000
v 0.006000 0.075000 0.021000
v 0.012000 0.027000 0.012000
v 0.012000 0.030000 0.012000
v 0.012000 0.030000 0.015000
v 0.012000 0.027000 0.015000
v 0.009000 0.027000 0.012000
v 0.012000 0.027000 0.012000
v 0.012000 0.027000 0.015000
v 0.009000 0.027000 0.015000
v 0.009000 0.027000 0.012000
v 0.009000 0.030000 0.012000
v 0.012000 0.030000 0.012000
v 0.012000 0.027000 0.012000
v 0.009000 0.027000 0.015000
v 0.012000 0.027000 0.015000
v 0.012000 0.027000 0.018000
v 0.009000 0.027000 0.018000
v 0.012000 0.027000 0.018000
v 0.012000 0.030000 0.018000
v 0.012000 0.030000 0.021000
v 0.012000 0.027000 0.021000
v 0.009000 0.027000 0.018000
v 0.012000 0.027000 0.018000
v 0.012000 0.027000 0.021000
v 0.009000 0.027000 0.021000
v 0.009000 0.027000 0.021000
v 0.012000 0.027000 0.021000
v 0.012000 0.030000 0.021000
v 0.009000 0.030000 0.021000
v 0.009000 0.030000 0.012000
v 0.009000 0.033000 0.012000
v 0.012000 0.033000 0.012000
v 0.012000 0.030000 0.012000
v 0.009000 0.030000 0.021000
v 0.012000 0.030000 0.021000
v 0.012000 0.033000 0.021000
v 0.009000 0.033000 0.021000
v 0.012000 0.033000 0.009000
v 0.012000 0.036000 0.009000
v 0.012000 0.036000 0.012000
v 0.012000 0.033000 0.012000
v 0.009000 0.033000 0.009000
v 0.012000 0.033000 0.009000
v 0.012000 0.033000 0.012000
v 0.009000 0.033000 0.012000
v 0.009000 0.033000 0.009000
v 0.009000 0.036000 0.009000
v 0.012000 0.036000 0.009000
v 0.012000 0.033000 0.009000
v 0.012000 0.033000 0.021000
v 0.012000 0.036000 0.021000
v 0.012000 0.036000 0.024000
v 0.012000 0.033000 0.024000
v 0.009000 0.033000 0.021000
v 0.012000 0.033000 0.021000
v 0.012000 0.033000 0.024000
v 0.009000 0.033000 0.024000
v 0.009000 0.033000 0.024000
v 0.012000 0.033000 0.024000
v 0.012000 0.036000 0.024000
v 0.009000 0.036000 0.024000
v 0.009000 0.036000 0.009000
v 0.009000 0.039000 0.009000
v 0.012000 0.039000 0.009000
v 0.012000 0.036000 0.009000
v 0.009000 0.036000 0.024000
v 0.012000 0.036000 0.024000
v 0.012000 0.039000 0.024000
v 0.009000 0.039000 0.024000
v 0.009000 0.039000 0.009000
v 0.009000 0.042000 0.009000
v 0.012000 0.042000 0.009000
v 0.012000 0.039000 0.009000
v 0.009000 0.039000 0.024000
v 0.012000 0.039000 0.024000
v 0.012000 0.042000 0.024000
v 0.009000 0.042000 0.024000
v 0.012000 0.042000 0.006000
v 0.012000 0.045000 0.006000
v 0.012000 0.045000 0.009000
v 0.012000 0.042000 0.009000
v 0.009000 0.042000 0.006000
v 0.012000 0.042000 0.006000
v 0.012000 0.042000 0.009000
v 0.009000 0.042000 0.009000
v 0.009000 0.042000 0.006000
v 0.009000 0.045000 0.006000
v 0.012000 0.045000 0.006000
v 0.012000 0.042000 0.006000
v 0.012000 0.042000 0.024000
v 0.012000 0.045000 0.024000
v 0.012000 0.045000 0.027000
v 0.012000 0.042000 0.027000
v 0.009000 0.042000 0.024000
v 0.012000 0.042000 0.024000
v 0.012000 0.042000 0.027000
v 0.009000 0.042000 0.027000
v 0.009000 0.042000 0.027000
v 0.012000 0.042000 0.027000
v 0.012000 0.045000 0.027000
v 0.009000 0.045000 0.027000
v 0.012000 0.045000 0.006000
v 0.012000 0.048000 0.006000
v 0.012000 0.048000 0.009000
v 0.012000 0.045000 0.009000
v 0.009000 0.045000 0.006000
v 0.009000 0.048000 0.006000
v 0.012000 0.048000 0.006000
v 0.012000 0.045000 0.006000
v 0.012000 0.045000 0.024000
v 0.012000 0.048000 0.024000
v 0.012000 0.048000 0.027000
v 0.012000 0.045000 0.027000
v 0.009000 0.045000 0.027000
v 0.012000 0.045000 0.027000
v 0.012000 0.048000 0.027000
v 0.009000 0.048000 0.027000
v 0.012000 0.048000 0.006000
v 0.012000 0.051000 0.006000
v 0.012000 0.051000 0.009000
v 0.012000 0.048000 0.009000
v 0.009000 0.048000 0.006000
v 0.009000 0.051000 0.006000
v 0.012000 0.051000 0.006000
v 0.012000 0.048000 0.006000
v 0.012000 0.048000 0.024000
v 0.012000 0.051000 0.024000
v 0.012000 0.051000 0.027000
v 0.012000 0.048000 0.027000
v 0.009000 0.048000 0.027000
v 0.012000 0.048000 0.027000
v 0.012000 0.051000 0.027000
v 0.009000 0.051000 0.027000
v 0.012000 0.051000 0.006000
v 0.012000 0.054000 0.006000
v 0.012000 0.054000 0.009000
v 0.012000 0.051000 0.009000
v 0.009000 0.051000 0.006000
v 0.009000 0.054000 0.006000
v 0.012000 0.054000 0.006000
v 0.012000 0.051000 0.006000
v 0.012000 0.051000 0.024000
v 0.012000 0.054000 0.024000
v 0.012000 0.054000 0.027000
v 0.012000 0.051000 0.027000
v 0.009000 0.051000 0.027000
v 0.012000 0.051000 0.027000
v 0.012000 0.054000 0.027000
v 0.009000 0.054000 0.027000
v 0.012000 0.054000 0.006000
v 0.012000 0.057000 0.006000
v 0.012000 0.057000 0.009000
v 0.012000 0.054000 0.009000
v 0.009000 0.057000 0.006000
v 0.009000 0.057000 0.009000
v 0.012000 0.057000 0.009000
v 0.012000 0.057000 0.006000
v 0.009000 0.054000 0.006000
v 0.009000 0.057000 0.006000
v 0.012000 0.057000 0.006000
v 0.012000 0.054000 0.006000
v 0.012000 0.054000 0.024000
v 0.012000 0.057000 0.024000
v 0.012000 0.057000 0.027000
v 0.012000 0.054000 0.027000
v 0.009000 0.054000 0.027000
v 0.012000 0.054000 0.027000
v 0.012000 0.057000 0.027000
v 0.009000 0.057000 0.027000
v 0.009000 0.057000 0.009000
v 0.009000 0.060000 0.009000
v 0.012000 0.060000 0.009000
v 0.012000 0.057000 0.009000
v 0.012000 0.057000 0.024000
v 0.012000 0.060000 0.024000
v 0.012000 0.060000 0.027000
v 0.012000 0.057000 0.027000
v 0.009000 0.060000 0.024000
v 0.009000 0.060000 0.027000
v 0.012000 0.060000 0.027000
v 0.012000 0.060000 0.024000
v 0.009000 0.057000 0.027000
v 0.012000 0.057000 0.027000
v 0.012000 0.060000 0.027000
v 0.009000 0.060000 0.027000
v 0.009000 0.060000 0.009000
v 0.009000 0.063000 0.009000
v 0.012000 0.063000 0.009000
v 0.012000 0.060000 0.009000
v 0.009000 0.060000 0.024000
v 0.012000 0.060000 0.024000
v 0.012000 0.063000 0.024000
v 0.009000 0.063000 0.024000
v 0.009000 0.063000 0.009000
v 0.009000 0.066000 0.009000
v 0.012000 0.066000 0.009000
v 0.012000 0.063000 0.009000
v 0.009000 0.063000 0.024000
v 0.012000 0.063000 0.024000
v 0.012000 0.066000 0.024000
v 0.009000 0.066000 0.024000
v 0.012000 0.066000 0.009000
v 0.012000 0.069000 0.009000
v 0.012000 0.069000 0.012000
v 0.012000 0.066000 0.012000
v 0.009000 0.069000 0.009000
v 0.009000 0.069000 0.012000
v 0.012000 0.069000 0.012000
v 0.012000 0.069000 0.009000
v 0.009000 0.066000 0.009000
v 0.009000 0.069000 0.009000
v 0.012000 0.069000 0.009000
v 0.012000 0.066000 0.009000
v 0.012000 0.066000 0.021000
v 0.012000 0.069000 0.021000
v 0.012000 0.069000 0.024000
v 0.012000 0.066000 0.024000
v 0.009000 0.069000 0.021000
v 0.009000 0.069000 0.024000
v 0.012000 0.069000 0.024000
v 0.012000 0.069000 0.021000
v 0.009000 0.066000 0.024000
v 0.012000 0.066000 0.024000
v 0.012000 0.069000 0.024000
v 0.009000 0.069000 0.024000
v 0.012000 0.069000 0.012000
v 0.012000 0.072000 0.012000
v 0.012000 0.072000 0.015000
v 0.012000 0.069000 0.015000
v 0.009000 0.072000 0.012000
v 0.009000 0.072000 0.015000
v 0.012000 0.072000 0.015000
v 0.012000 0.072000 0.012000
v 0.009000 0.069000 0.012000
v 0.009000 0.072000 0.012000
v 0.012000 0.072000 0.012000
v 0.012000 0.069000 0.012000
v 0.009000 0.072000 0.015000
v 0.009000 0.072000 0.018000
v 0.012000 0.072000 0.018000
v 0.012000 0.072000 0.015000
v 0.012000 0.069000 0.018000
v 0.012000 0.072000 0.018000
v 0.012000 0.072000 0.021000
v 0.012000 0.069000 0.021000
v 0.009000 0.072000 0.018000
v 0.009000 0.072000 0.021000
v 0.012000 0.072000 0.021000
v 0.012000 0.072000 0.018000
v 0.009000 0.069000 0.021000
v 0.012000 0.069000 0.021000
v 0.012000 0.072000 0.021000
v 0.009000 0.072000 0.021000
v 0.015000 0.027000 0.015000
v 0.015000 0.030000 0.015000
v 0.015000 0.030000 0.018000
v 0.015000 0.027000 0.018000
v 0.012000 0.027000 0.015000
v 0.015000 0.027000 0.015000
v 0.015000 0.027000 0.018000
v 0.012000 0.027000 0.018000
v 0.012000 0.027000 0.018000
v 0.015000 0.027000 0.018000
v 0.015000 0.030000 0.018000
v 0.012000 0.030000 0.018000
v 0.012000 0.027000 0.015000
v 0.012000 0.030000 0.015000
v 0.015000 0.030000 0.015000
v 0.015000 0.027000 0.015000
v 0.012000 0.030000 0.012000
v 0.015000 0.030000 0.012000
v 0.015000 0.030000 0.015000
v 0.012000 0.030000 0.015000
v 0.012000 0.030000 0.012000
v 0.012000 0.033000 0.012000
v 0.015000 0.033000 0.012000
v 0.015000 0.030000 0.012000
v 0.012000 0.030000 0.018000
v 0.015000 0.030000 0.018000
v 0.015000 0.030000 0.021000
v 0.012000 0.030000 0.021000
v 0.012000 0.030000 0.021000
v 0.015000 0.030000 0.021000
v 0.015000 0.033000 0.021000
v 0.012000 0.033000 0.021000
v 0.012000 0.033000 0.012000
v 0.012000 0.036000 0.012000
v 0.015000 0.036000 0.012000
v 0.015000 0.033000 0.012000
v 0.012000 0.033000 0.021000
v 0.015000 0.033000 0.021000
v 0.015000 0.036000 0.021000
v 0.012000 0.036000 0.021000
v 0.015000 0.036000 0.009000
v 0.015000 0.039000 0.009000
v 0.015000 0.039000 0.012000
v 0.015000 0.036000 0.012000
v 0.012000 0.036000 0.009000
v 0.015000 0.036000 0.009000
v 0.015000 0.036000 0.012000
v 0.012000 0.036000 0.012000
v 0.012000 0.036000 0.009000
v 0.012000 0.039000 0.009000
v 0.015000 0.039000 0.009000
v 0.015000 0.036000 0.009000
v 0.015000 0.036000 0.021000
v 0.015000 0.039000 0.021000
v 0.015000 0.039000 0.024000
v 0.015000 0.036000 0.024000
v 0.012000 0.036000 0.021000
v 0.015000 0.036000 0.021000
v 0.015000 0.036000 0.024000
v 0.012000 0.036000 0.024000
v 0.012000 0.036000 0.024000
v 0.015000 0.036000 0.024000
v 0.015000 0.039000 0.024000
v 0.012000 0.039000 0.024000
v 0.012000 0.039000 0.009000
v 0.012000 0.042000 0.009000
v 0.015000 0.042000 0.009000
v 0.015000 0.039000 0.009000
v 0.012000 0.039000 0.024000
v 0.015000 0.039000 0.024000
v 0.015000 0.042000 0.024000
v 0.012000 0.042000 0.024000
v 0.012000 0.042000 0.009000
v 0.012000 0.045000 0.009000
v 0.015000 0.045000 0.009000
v 0.015000 0.042000 0.009000
v 0.012000 0.042000 0.024000
v 0.015000 0.042000 0.024000
v 0.015000 0.045000 0.024000
v 0.012000 0.045000 0.024000
v 0.012000 0.045000 0.009000
v 0.012000 0.048000 0.009000
v 0.015000 0.048000 0.009000
v 0.015000 0.045000 0.009000
v 0.012000 0.045000 0.024000
v 0.015000 0.045000 0.024000
v 0.015000 0.048000 0.024000
v 0.012000 0.048000 0.024000
v 0.012000 0.048000 0.009000
v 0.012000 0.051000 0.009000
v 0.015000 0.051000 0.009000
v 0.015000 0.048000 0.009000
v 0.012000 0.048000 0.024000
v 0.015000 0.048000 0.024000
v 0.015000 0.051000 0.024000
v 0.012000 0.051000 0.024000
v 0.012000 0.051000 0.009000
v 0.012000 0.054000 0.009000
v 0.015000 0.054000 0.009000
v 0.015000 0.051000 0.009000
v 0.012000 0.051000 0.024000
v 0.015000 0.051000 0.024000
v 0.015000 0.054000 0.024000
v 0.012000 0.054000 0.024000
v 0.012000 0.054000 0.009000
v 0.012000 0.057000 0.009000
v 0.015000 0.057000 0.009000
v 0.015000 0.054000 0.009000
v 0.012000 0.054000 0.024000
v 0.015000 0.054000 0.024000
v 0.015000 0.057000 0.024000
v 0.012000 0.057000 0.024000
v 0.012000 0.057000 0.009000
v 0.012000 0.060000 0.009000
v 0.015000 0.060000 0.009000
v 0.015000 0.057000 0.009000
v 0.012000 0.057000 0.024000
v 0.015000 0.057000 0.024000
v 0.015000 0.060000 0.024000
v 0.012000 0.060000 0.024000
v 0.015000 0.060000 0.009000
v 0.015000 0.063000 0.009000
v 0.015000 0.063000 0.012000
v 0.015000 0.060000 0.012000
v 0.012000 0.060000 0.009000
v 0.012000 0.063000 0.009000
v 0.015000 0.063000 0.009000
v 0.015000 0.060000 0.009000
v 0.015000 0.060000 0.021000
v 0.015000 0.063000 0.021000
v 0.015000 0.063000 0.024000
v 0.015000 0.060000 0.024000
v 0.012000 0.060000 0.024000
v 0.015000 0.060000 0.024000
v 0.015000 0.063000 0.024000
v 0.012000 0.063000 0.024000
v 0.015000 0.063000 0.009000
v 0.015000 0.066000 0.009000
v 0.015000 0.066000 0.012000
v 0.015000 0.063000 0.012000
v 0.012000 0.066000 0.009000
v 0.012000 0.066000 0.012000
v 0.015000 0.066000 0.012000
v 0.015000 0.066000 0.009000
v 0.012000 0.063000 0.009000
v 0.012000 0.066000 0.009000
v 0.015000 0.066000 0.009000
v 0.015000 0.063000 0.009000
v 0.015000 0.063000 0.021000
v 0.015000 0.066000 0.021000
v 0.015000 0.066000 0.024000
v 0.015000 0.063000 0.024000
v 0.012000 0.066000 0.021000
v 0.012000 0.066000 0.024000
v 0.015000 0.066000 0.024000
v 0.015000 0.066000 0.021000
v 0.012000 0.063000 0.024000
v 0.015000 0.063000 0.024000
v 0.015000 0.066000 0.024000
v 0.012000 0.066000 0.024000
v 0.012000 0.069000 0.012000
v 0.012000 0.069000 0.015000
v 0.015000 0.069000 0.015000
v 0.015000 0.069000 0.012000
v 0.012000 0.066000 0.012000
v 0.012000 0.069000 0.012000
v 0.015000 0.069000 0.012000
v 0.015000 0.066000 0.012000
v 0.012000 0.069000 0.018000
v 0.012000 0.069000 0.021000
v 0.015000 0.069000 0.021000
v 0.015000 0.069000 0.018000
v 0.012000 0.066000 0.021000
v 0.015000 0.066000 0.021000
v 0.015000 0.069000 0.021000
v 0.012000 0.069000 0.021000
v 0.012000 0.072000 0.015000
v 0.012000 0.072000 0.018000
v 0.015000 0.072000 0.018000
v 0.015000 0.072000 0.015000
v 0.012000 0.069000 0.018000
v 0.015000 0.069000 0.018000
v 0.015000 0.072000 0.018000
v 0.012000 0.072000 0.018000
v 0.012000 0.069000 0.015000
v 0.012000 0.072000 0.015000
v 0.015000 0.072000 0.015000
v 0.015000 0.069000 0.015000
v 0.015000 0.030000 0.012000
v 0.018000 0.030000 0.012000
v 0.018000 0.030000 0.015000
v 0.015000 0.030000 0.015000
v 0.015000 0.030000 0.012000
v 0.015000 0.033000 0.012000
v 0.018000 0.033000 0.012000
v 0.018000 0.030000 0.012000
v 0.015000 0.030000 0.015000
v 0.018000 0.030000 0.015000
v 0.018000 0.030000 0.018000
v 0.015000 0.030000 0.018000
v 0.015000 0.030000 0.018000
v 0.018000 0.030000 0.018000
v 0.018000 0.030000 0.021000
v 0.015000 0.030000 0.021000
v 0.015000 0.030000 0.021000
v 0.018000 0.030000 0.021000
v 0.018000 0.033000 0.021000
v 0.015000 0.033000 0.021000
v 0.015000 0.033000 0.012000
v 0.015000 0.036000 0.012000
v 0.018000 0.036000 0.012000
v 0.018000 0.033000 0.012000
v 0.015000 0.033000 0.021000
v 0.018000 0.033000 0.021000
v 0.018000 0.036000 0.021000
v 0.015000 0.036000 0.021000
v 0.015000 0.036000 0.012000
v 0.015000 0.039000 0.012000
v 0.018000 0.039000 0.012000
v 0.018000 0.036000 0.012000
v 0.015000 0.036000 0.021000
v 0.018000 0.036000 0.021000
v 0.018000 0.039000 0.021000
v 0.015000 0.039000 0.021000
v 0.018000 0.039000 0.009000
v 0.018000 0.042000 0.009000
v 0.018000 0.042000 0.012000
v 0.018000 0.039000 0.012000
v 0.015000 0.039000 0.009000
v 0.018000 0.039000 0.009000
v 0.018000 0.039000 0.012000
v 0.015000 0.039000 0.012000
v 0.015000 0.039000 0.009000
v 0.015000 0.042000 0.009000
v 0.018000 0.042000 0.009000
v 0.018000 0.039000 0.009000
v 0.018000 0.039000 0.021000
v 0.018000 0.042000 0.021000
v 0.018000 0.042000 0.024000
v 0.018000 0.039000 0.024000
v 0.015000 0.039000 0.021000
v 0.018000 0.039000 0.021000
v 0.018000 0.039000 0.024000
v 0.015000 0.039000 0.024000
v 0.015000 0.039000 0.024000
v 0.018000 0.039000 0.024000
v 0.018000 0.042000 0.024000
v 0.015000 0.042000 0.024000
v 0.018000 0.042000 0.009000
v 0.018000 0.045000 0.009000
v 0.018000 0.045000 0.012000
v 0.018000 0.042000 0.012000
v 0.015000 0.042000 0.009000
v 0.015000 0.045000 0.009000
v 0.018000 0.045000 0.009000
v 0.018000 0.042000 0.009000
v 0.018000 0.042000 0.021000
v 0.018000 0.045000 0.021000
v 0.018000 0.045000 0.024000
v 0.018000 0.042000 0.024000
v 0.015000 0.042000 0.024000
v 0.018000 0.042000 0.024000
v 0.018000 0.045000 0.024000
v 0.015000 0.045000 0.024000
v 0.015000 0.045000 0.009000
v 0.015000 0.048000 0.009000
v 0.018000 0.048000 0.009000
v 0.018000 0.045000 0.009000
v 0.015000 0.045000 0.024000
v 0.018000 0.045000 0.024000
v 0.018000 0.048000 0.024000
v 0.015000 0.048000 0.024000
v 0.015000 0.048000 0.009000
v 0.015000 0.051000 0.009000
v 0.018000 0.051000 0.009000
v 0.018000 0.048000 0.009000
v 0.015000 0.048000 0.024000
v 0.018000 0.048000 0.024000
v 0.018000 0.051000 0.024000
v 0.015000 0.051000 0.024000
v 0.015000 0.051000 0.009000
v 0.015000 0.054000 0.009000
v 0.018000 0.054000 0.009000
v 0.018000 0.051000 0.009000
v 0.015000 0.051000 0.024000
v 0.018000 0.051000 0.024000
v 0.018000 0.054000 0.024000
v 0.015000 0.054000 0.024000
v 0.018000 0.054000 0.009000
v 0.018000 0.057000 0.009000
v 0.018000 0.057000 0.012000
v 0.018000 0.054000 0.012000
v 0.015000 0.054000 0.009000
v 0.015000 0.057000 0.009000
v 0.018000 0.057000 0.009000
v 0.018000 0.054000 0.009000
v 0.018000 0.054000 0.021000
v 0.018000 0.057000 0.021000
v 0.018000 0.057000 0.024000
v 0.018000 0.054000 0.024000
v 0.015000 0.054000 0.024000
v 0.018000 0.054000 0.024000
v 0.018000 0.057000 0.024000
v 0.015000 0.057000 0.024000
v 0.018000 0.057000 0.009000
v 0.018000 0.060000 0.009000
v 0.018000 0.060000 0.012000
v 0.018000 0.057000 0.012000
v 0.015000 0.060000 0.009000
v 0.015000 0.060000 0.012000
v 0.018000 0.060000 0.012000
v 0.018000 0.060000 0.009000
v 0.015000 0.057000 0.009000
v 0.015000 0.060000 0.009000
v 0.018000 0.060000 0.009000
v 0.018000 0.057000 0.009000
v 0.018000 0.057000 0.021000
v 0.018000 0.060000 0.021000
v 0.018000 0.060000 0.024000
v 0.018000 0.057000 0.024000
v 0.015000 0.060000 0.021000
v 0.015000 0.060000 0.024000
v 0.018000 0.060000 0.024000
v 0.018000 0.060000 0.021000
v 0.015000 0.057000 0.024000
v 0.018000 0.057000 0.024000
v 0.018000 0.060000 0.024000
v 0.015000 0.060000 0.024000
v 0.015000 0.060000 0.012000
v 0.015000 0.063000 0.012000
v 0.018000 0.063000 0.012000
v 0.018000 0.060000 0.012000
v 0.015000 0.060000 0.021000
v 0.018000 0.060000 0.021000
v 0.018000 0.063000 0.021000
v 0.015000 0.063000 0.021000
v 0.015000 0.063000 0.012000
v 0.015000 0.066000 0.012000
v 0.018000 0.066000 0.012000
v 0.018000 0.063000 0.012000
v 0.015000 0.063000 0.021000
v 0.018000 0.063000 0.021000
v 0.018000 0.066000 0.021000
v 0.015000 0.066000 0.021000
v 0.015000 0.069000 0.012000
v 0.015000 0.069000 0.015000
v 0.018000 0.069000 0.015000
v 0.018000 0.069000 0.012000
v 0.015000 0.066000 0.012000
v 0.015000 0.069000 0.012000
v 0.018000 0.069000 0.012000
v 0.018000 0.066000 0.012000
v 0.015000 0.069000 0.018000
v 0.015000 0.069000 0.021000
v 0.018000 0.069000 0.021000
v 0.018000 0.069000 0.018000
v 0.015000 0.066000 0.021000
v 0.018000 0.066000 0.021000
v 0.018000 0.069000 0.021000
v 0.015000 0.069000 0.021000
v 0.015000 0.072000 0.015000
v 0.015000 0.072000 0.018000
v 0.018000 0.072000 0.018000
v 0.018000 0.072000 0.015000
v 0.015000 0.069000 0.018000
v 0.018000 0.069000 0.018000
v 0.018000 0.072000 0.018000
v 0.015000 0.072000 0.018000
v 0.015000 0.069000 0.015000
v 0.015000 0.072000 0.015000
v 0.018000 0.072000 0.015000
v 0.018000 0.069000 0.015000
v 0.018000 0.030000 0.012000
v 0.021000 0.030000 0.012000
v 0.021000 0.030000 0.015000
v 0.018000 0.030000 0.015000
v 0.018000 0.030000 0.012000
v 0.018000 0.033000 0.012000
v 0.021000 0.033000 0.012000
v 0.021000 0.030000 0.012000
v 0.018000 0.030000 0.015000
v 0.021000 0.030000 0.015000
v 0.021000 0.030000 0.018000
v 0.018000 0.030000 0.018000
v 0.018000 0.030000 0.018000
v 0.021000 0.030000 0.018000
v 0.021000 0.030000 0.021000
v 0.018000 0.030000 0.021000
v 0.018000 0.030000 0.021000
v 0.021000 0.030000 0.021000
v 0.021000 0.033000 0.021000
v 0.018000 0.033000 0.021000
v 0.018000 0.033000 0.012000
v 0.018000 0.036000 0.012000
v 0.021000 0.036000 0.012000
v 0.021000 0.033000 0.012000
v 0.018000 0.033000 0.021000
v 0.021000 0.033000 0.021000
v 0.021000 0.036000 0.021000
v 0.018000 0.036000 0.021000
v 0.018000 0.036000 0.012000
v 0.018000 0.039000 0.012000
v 0.021000 0.039000 0.012000
v 0.021000 0.036000 0.012000
v 0.018000 0.036000 0.021000
v 0.021000 0.036000 0.021000
v 0.021000 0.039000 0.021000
v 0.018000 0.039000 0.021000
v 0.018000 0.039000 0.012000
v 0.018000 0.042000 0.012000
v 0.021000 0.042000 0.012000
v 0.021000 0.039000 0.012000
v 0.018000 0.039000 0.021000
v 0.021000 0.039000 0.021000
v 0.021000 0.042000 0.021000
v 0.018000 0.042000 0.021000
v 0.018000 0.042000 0.012000
v 0.018000 0.045000 0.012000
v 0.021000 0.045000 0.012000
v 0.021000 0.042000 0.012000
v 0.018000 0.042000 0.021000
v 0.021000 0.042000 0.021000
v 0.021000 0.045000 0.021000
v 0.018000 0.045000 0.021000
v 0.021000 0.045000 0.009000
v 0.021000 0.048000 0.009000
v 0.021000 0.048000 0.012000
v 0.021000 0.045000 0.012000
v 0.018000 0.045000 0.009000
v 0.021000 0.045000 0.009000
v 0.021000 0.045000 0.012000
v 0.018000 0.045000 0.012000
v 0.018000 0.045000 0.009000
v 0.018000 0.048000 0.009000
v 0.021000 0.048000 0.009000
v 0.021000 0.045000 0.009000
v 0.021000 0.045000 0.021000
v 0.021000 0.048000 0.021000
v 0.021000 0.048000 0.024000
v 0.021000 0.045000 0.024000
v 0.018000 0.045000 0.021000
v 0.021000 0.045000 0.021000
v 0.021000 0.045000 0.024000
v 0.018000 0.045000 0.024000
v 0.018000 0.045000 0.024000
v 0.021000 0.045000 0.024000
v 0.021000 0.048000 0.024000
v 0.018000 0.048000 0.024000
v 0.021000 0.048000 0.009000
v 0.021000 0.051000 0.009000
v 0.021000 0.051000 0.012000
v 0.021000 0.048000 0.012000
v 0.018000 0.048000 0.009000
v 0.018000 0.051000 0.009000
v 0.021000 0.051000 0.009000
v 0.021000 0.048000 0.009000
v 0.021000 0.048000 0.021000
v 0.021000 0.051000 0.021000
v 0.021000 0.051000 0.024000
v 0.021000 0.048000 0.024000
v 0.018000 0.048000 0.024000
v 0.021000 0.048000 0.024000
v 0.021000 0.051000 0.024000
v 0.018000 0.051000 0.024000
v 0.021000 0.051000 0.009000
v 0.021000 0.054000 0.009000
v 0.021000 0.054000 0.012000
v 0.021000 0.051000 0.012000
v 0.018000 0.054000 0.009000
v 0.018000 0.054000 0.012000
v 0.021000 0.054000 0.012000
v 0.021000 0.054000 0.009000
v 0.018000 0.051000 0.009000
v 0.018000 0.054000 0.009000
v 0.021000 0.054000 0.009000
v 0.021000 0.051000 0.009000
v 0.021000 0.051000 0.021000
v 0.021000 0.054000 0.021000
v 0.021000 0.054000 0.024000
v 0.021000 0.051000 0.024000
v 0.018000 0.054000 0.021000
v 0.018000 0.054000 0.024000
v 0.021000 0.054000 0.024000
v 0.021000 0.054000 0.021000
v 0.018000 0.051000 0.024000
v 0.021000 0.051000 0.024000
v 0.021000 0.054000 0.024000
v 0.018000 0.054000 0.024000
v 0.018000 0.054000 0.012000
v 0.018000 0.057000 0.012000
v 0.021000 0.057000 0.012000
v 0.021000 0.054000 0.012000
v 0.018000 0.054000 0.021000
v 0.021000 0.054000 0.021000
v 0.021000 0.057000 0.021000
v 0.018000 0.057000 0.021000
v 0.018000 0.057000 0.012000
v 0.018000 0.060000 0.012000
v 0.021000 0.060000 0.012000
v 0.021000 0.057000 0.012000
v 0.018000 0.057000 0.021000
v 0.021000 0.057000 0.021000
v 0.021000 0.060000 0.021000
v 0.018000 0.060000 0.021000
v 0.018000 0.060000 0.012000
v 0.018000 0.063000 0.012000
v 0.021000 0.063000 0.012000
v 0.021000 0.060000 0.012000
v 0.018000 0.060000 0.021000
v 0.021000 0.060000 0.021000
v 0.021000 0.063000 0.021000
v 0.018000 0.063000 0.021000
v 0.018000 0.063000 0.012000
v 0.018000 0.066000 0.012000
v 0.021000 0.066000 0.012000
v 0.021000 0.063000 0.012000
v 0.018000 0.063000 0.021000
v 0.021000 0.063000 0.021000
v 0.021000 0.066000 0.021000
v 0.018000 0.066000 0.021000
v 0.018000 0.069000 0.012000
v 0.018000 0.069000 0.015000
v 0.021000 0.069000 0.015000
v 0.021000 0.069000 0.012000
v 0.018000 0.066000 0.012000
v 0.018000 0.069000 0.012000
v 0.021000 0.069000 0.012000
v 0.021000 0.066000 0.012000
v 0.018000 0.069000 0.018000
v 0.018000 0.069000 0.021000
v 0.021000 0.069000 0.021000
v 0.021000 0.069000 0.018000
v 0.018000 0.066000 0.021000
v 0.021000 0.066000 0.021000
v 0.021000 0.069000 0.021000
v 0.018000 0.069000 0.021000
v 0.018000 0.072000 0.015000
v 0.018000 0.072000 0.018000
v 0.021000 0.072000 0.018000
v 0.021000 0.072000 0.015000
v 0.018000 0.069000 0.018000
v 0.021000 0.069000 0.018000
v 0.021000 0.072000 0.018000
v 0.018000 0.072000 0.018000
v 0.018000 0.069000 0.015000
v 0.018000 0.072000 0.015000
v 0.021000 0.072000 0.015000
v 0.021000 0.069000 0.015000
v 0.021000 0.027000 0.015000
v 0.021000 0.027000 0.018000
v 0.021000 0.030000 0.018000
v 0.021000 0.030000 0.015000
v 0.021000 0.027000 0.015000
v 0.024000 0.027000 0.015000
v 0.024000 0.027000 0.018000
v 0.021000 0.027000 0.018000
v 0.021000 0.027000 0.018000
v 0.024000 0.027000 0.018000
v 0.024000 0.030000 0.018000
v 0.021000 0.030000 0.018000
v 0.021000 0.027000 0.015000
v 0.021000 0.030000 0.015000
v 0.024000 0.030000 0.015000
v 0.024000 0.027000 0.015000
v 0.021000 0.030000 0.012000
v 0.024000 0.030000 0.012000
v 0.024000 0.030000 0.015000
v 0.021000 0.030000 0.015000
v 0.021000 0.030000 0.012000
v 0.021000 0.033000 0.012000
v 0.024000 0.033000 0.012000
v 0.024000 0.030000 0.012000
v 0.021000 0.030000 0.018000
v 0.024000 0.030000 0.018000
v 0.024000 0.030000 0.021000
v 0.021000 0.030000 0.021000
v 0.021000 0.030000 0.021000
v 0.024000 0.030000 0.021000
v 0.024000 0.033000 0.021000
v 0.021000 0.033000 0.021000
v 0.021000 0.033000 0.012000
v 0.021000 0.036000 0.012000
v 0.024000 0.036000 0.012000
v 0.024000 0.033000 0.012000
v 0.021000 0.033000 0.021000
v 0.024000 0.033000 0.021000
v 0.024000 0.036000 0.021000
v 0.021000 0.036000 0.021000
v 0.021000 0.036000 0.012000
v 0.021000 0.039000 0.012000
v 0.024000 0.039000 0.012000
v 0.024000 0.036000 0.012000
v 0.021000 0.036000 0.021000
v 0.024000 0.036000 0.021000
v 0.024000 0.039000 0.021000
v 0.021000 0.039000 0.021000
v 0.021000 0.039000 0.012000
v 0.021000 0.042000 0.012000
v 0.024000 0.042000 0.012000
v 0.024000 0.039000 0.012000
v 0.021000 0.039000 0.021000
v 0.024000 0.039000 0.021000
v 0.024000 0.042000 0.021000
v 0.021000 0.042000 0.021000
v 0.021000 0.042000 0.012000
v 0.021000 0.045000 0.012000
v 0.024000 0.045000 0.012000
v 0.024000 0.042000 0.012000
v 0.021000 0.042000 0.021000
v 0.024000 0.042000 0.021000
v 0.024000 0.045000 0.021000
v 0.021000 0.045000 0.021000
v 0.021000 0.045000 0.012000
v 0.021000 0.048000 0.012000
v 0.024000 0.048000 0.012000
v 0.024000 0.045000 0.012000
v 0.021000 0.045000 0.021000
v 0.024000 0.045000 0.021000
v 0.024000 0.048000 0.021000
v 0.021000 0.048000 0.021000
v 0.021000 0.048000 0.012000
v 0.021000 0.051000 0.012000
v 0.024000 0.051000 0.012000
v 0.024000 0.048000 0.012000
v 0.021000 0.048000 0.021000
v 0.024000 0.048000 0.021000
v 0.024000 0.051000 0.021000
v 0.021000 0.051000 0.021000
v 0.021000 0.051000 0.012000
v 0.021000 0.054000 0.012000
v 0.024000 0.054000 0.012000
v 0.024000 0.051000 0.012000
v 0.021000 0.051000 0.021000
v 0.024000 0.051000 0.021000
v 0.024000 0.054000 0.021000
v 0.021000 0.054000 0.021000
v 0.021000 0.054000 0.012000
v 0.021000 0.057000 0.012000
v 0.024000 0.057000 0.012000
v 0.024000 0.054000 0.012000
v 0.021000 0.054000 0.021000
v 0.024000 0.054000 0.021000
v 0.024000 0.057000 0.021000
v 0.021000 0.057000 0.021000
v 0.021000 0.057000 0.012000
v 0.021000 0.060000 0.012000
v 0.024000 0.060000 0.012000
v 0.024000 0.057000 0.012000
v 0.021000 0.057000 0.021000
v 0.024000 0.057000 0.021000
v 0.024000 0.060000 0.021000
v 0.021000 0.060000 0.021000
v 0.021000 0.060000 0.012000
v 0.021000 0.063000 0.012000
v 0.024000 0.063000 0.012000
v 0.024000 0.060000 0.012000
v 0.021000 0.060000 0.021000
v 0.024000 0.060000 0.021000
v 0.024000 0.063000 0.021000
v 0.021000 0.063000 0.021000
v 0.021000 0.063000 0.012000
v 0.021000 0.066000 0.012000
v 0.024000 0.066000 0.012000
v 0.024000 0.063000 0.012000
v 0.021000 0.063000 0.021000
v 0.024000 0.063000 0.021000
v 0.024000 0.066000 0.021000
v 0.021000 0.066000 0.021000
v 0.021000 0.069000 0.012000
v 0.021000 0.069000 0.015000
v 0.024000 0.069000 0.015000
v 0.024000 0.069000 0.012000
v 0.021000 0.066000 0.012000
v 0.021000 0.069000 0.012000
v 0.024000 0.069000 0.012000
v 0.024000 0.066000 0.012000
v 0.021000 0.069000 0.018000
v 0.021000 0.069000 0.021000
v 0.024000 0.069000 0.021000
v 0.024000 0.069000 0.018000
v 0.021000 0.066000 0.021000
v 0.024000 0.066000 0.021000
v 0.024000 0.069000 0.021000
v 0.021000 0.069000 0.021000
v 0.021000 0.072000 0.015000
v 0.021000 0.072000 0.018000
v 0.024000 0.072000 0.018000
v 0.024000 0.072000 0.015000
v 0.021000 0.069000 0.018000
v 0.024000 0.069000 0.018000
v 0.024000 0.072000 0.018000
v 0.021000 0.072000 0.018000
v 0.021000 0.069000 0.015000
v 0.021000 0.072000 0.015000
v 0.024000 0.072000 0.015000
v 0.024000 0.069000 0.015000
v 0.024000 0.024000 0.015000
v 0.024000 0.024000 0.018000
v 0.024000 0.027000 0.018000
v 0.024000 0.027000 0.015000
v 0.024000 0.024000 0.015000
v 0.027000 0.024000 0.015000
v 0.027000 0.024000 0.018000
v 0.024000 0.024000 0.018000
v 0.024000 0.024000 0.018000
v 0.027000 0.024000 0.018000
v 0.027000 0.027000 0.018000
v 0.024000 0.027000 0.018000
v 0.024000 0.024000 0.015000
v 0.024000 0.027000 0.015000
v 0.027000 0.027000 0.015000
v 0.027000 0.024000 0.015000
v 0.024000 0.027000 0.018000
v 0.027000 0.027000 0.018000
v 0.027000 0.030000 0.018000
v 0.024000 0.030000 0.018000
v 0.024000 0.027000 0.015000
v 0.024000 0.030000 0.015000
v 0.027000 0.030000 0.015000
v 0.027000 0.027000 0.015000
v 0.024000 0.030000 0.012000
v 0.027000 0.030000 0.012000
v 0.027000 0.030000 0.015000
v 0.024000 0.030000 0.015000
v 0.024000 0.030000 0.012000
v 0.024000 0.033000 0.012000
v 0.027000 0.033000 0.012000
v 0.027000 0.030000 0.012000
v 0.024000 0.030000 0.018000
v 0.027000 0.030000 0.018000
v 0.027000 0.030000 0.021000
v 0.024000 0.030000 0.021000
v 0.024000 0.030000 0.021000
v 0.027000 0.030000 0.021000
v 0.027000 0.033000 0.021000
v 0.024000 0.033000 0.021000
v 0.024000 0.033000 0.012000
v 0.024000 0.036000 0.012000
v 0.027000 0.036000 0.012000
v 0.027000 0.033000 0.012000
v 0.024000 0.033000 0.021000
v 0.027000 0.033000 0.021000
v 0.027000 0.036000 0.021000
v 0.024000 0.036000 0.021000
v 0.024000 0.036000 0.012000
v 0.024000 0.039000 0.012000
v 0.027000 0.039000 0.012000
v 0.027000 0.036000 0.012000
v 0.024000 0.036000 0.021000
v 0.027000 0.036000 0.021000
v 0.027000 0.039000 0.021000
v 0.024000 0.039000 0.021000
v 0.024000 0.039000 0.012000
v 0.024000 0.042000 0.012000
v 0.027000 0.042000 0.012000
v 0.027000 0.039000 0.012000
v 0.024000 0.039000 0.021000
v 0.027000 0.039000 0.021000
v 0.027000 0.042000 0.021000
v 0.024000 0.042000 0.021000
v 0.024000 0.042000 0.012000
v 0.024000 0.045000 0.012000
v 0.027000 0.045000 0.012000
v 0.027000 0.042000 0.012000
v 0.024000 0.042000 0.021000
v 0.027000 0.042000 0.021000
v 0.027000 0.045000 0.021000
v 0.024000 0.045000 0.021000
v 0.024000 0.045000 0.012000
v 0.024000 0.048000 0.012000
v 0.027000 0.048000 0.012000
v 0.027000 0.045000 0.012000
v 0.024000 0.045000 0.021000
v 0.027000 0.045000 0.021000
v 0.027000 0.048000 0.021000
v 0.024000 0.048000 0.021000
v 0.024000 0.048000 0.012000
v 0.024000 0.051000 0.012000
v 0.027000 0.051000 0.012000
v 0.027000 0.048000 0.012000
v 0.024000 0.048000 0.021000
v 0.027000 0.048000 0.021000
v 0.027000 0.051000 0.021000
v 0.024000 0.051000 0.021000
v 0.024000 0.051000 0.012000
v 0.024000 0.054000 0.012000
v 0.027000 0.054000 0.012000
v 0.027000 0.051000 0.012000
v 0.024000 0.051000 0.021000
v 0.027000 0.051000 0.021000
v 0.027000 0.054000 0.021000
v 0.024000 0.054000 0.021000
v 0.024000 0.054000 0.012000
v 0.024000 0.057000 0.012000
v 0.027000 0.057000 0.012000
v 0.027000 0.054000 0.012000
v 0.024000 0.054000 0.021000
v 0.027000 0.054000 0.021000
v 0.027000 0.057000 0.021000
v 0.024000 0.057000 0.021000
v 0.024000 0.057000 0.012000
v 0.024000 0.060000 0.012000
v 0.027000 0.060000 0.012000
v 0.027000 0.057000 0.012000
v 0.024000 0.057000 0.021000
v 0.027000 0.057000 0.021000
v 0.027000 0.060000 0.021000
v 0.024000 0.060000 0.021000
v 0.024000 0.060000 0.012000
v 0.024000 0.063000 0.012000
v 0.027000 0.063000 0.012000
v 0.027000 0.060000 0.012000
v 0.024000 0.060000 0.021000
v 0.027000 0.060000 0.021000
v 0.027000 0.063000 0.021000
v 0.024000 0.063000 0.021000
v 0.024000 0.063000 0.012000
v 0.024000 0.066000 0.012000
v 0.027000 0.066000 0.012000
v 0.027000 0.063000 0.012000
v 0.024000 0.063000 0.021000
v 0.027000 0.063000 0.021000
v 0.027000 0.066000 0.021000
v 0.024000 0.066000 0.021000
v 0.024000 0.069000 0.012000
v 0.024000 0.069000 0.015000
v 0.027000 0.069000 0.015000
v 0.027000 0.069000 0.012000
v 0.024000 0.066000 0.012000
v 0.024000 0.069000 0.012000
v 0.027000 0.069000 0.012000
v 0.027000 0.066000 0.012000
v 0.024000 0.069000 0.018000
v 0.024000 0.069000 0.021000
v 0.027000 0.069000 0.021000
v 0.027000 0.069000 0.018000
v 0.024000 0.066000 0.021000
v 0.027000 0.066000 0.021000
v 0.027000 0.069000 0.021000
v 0.024000 0.069000 0.021000
v 0.024000 0.069000 0.018000
v 0.027000 0.069000 0.018000
v 0.027000 0.072000 0.018000
v 0.024000 0.072000 0.018000
v 0.024000 0.069000 0.015000
v 0.024000 0.072000 0.015000
v 0.027000 0.072000 0.015000
v 0.027000 0.069000 0.015000
v 0.024000 0.072000 0.015000
v 0.024000 0.072000 0.018000
v 0.024000 0.075000 0.018000
v 0.024000 0.075000 0.015000
v 0.024000 0.075000 0.015000
v 0.024000 0.075000 0.018000
v 0.027000 0.075000 0.018000
v 0.027000 0.075000 0.015000
v 0.024000 0.072000 0.018000
v 0.027000 0.072000 0.018000
v 0.027000 0.075000 0.018000
v 0.024000 0.075000 0.018000
v 0.024000 0.072000 0.015000
v 0.024000 0.075000 0.015000
v 0.027000 0.075000 0.015000
v 0.027000 0.072000 0.015000
v 0.027000 0.021000 0.015000
v 0.027000 0.021000 0.018000
v 0.027000 0.024000 0.018000
v 0.027000 0.024000 0.015000
v 0.027000 0.021000 0.015000
v 0.030000 0.021000 0.015000
v 0.030000 0.021000 0.018000
v 0.027000 0.021000 0.018000
v 0.027000 0.021000 0.018000
v 0.030000 0.021000 0.018000
v 0.030000 0.024000 0.018000
v 0.027000 0.024000 0.018000
v 0.027000 0.021000 0.015000
v 0.027000 0.024000 0.015000
v 0.030000 0.024000 0.015000
v 0.030000 0.021000 0.015000
v 0.027000 0.024000 0.018000
v 0.030000 0.024000 0.018000
v 0.030000 0.027000 0.018000
v 0.027000 0.027000 0.018000
v 0.027000 0.024000 0.015000
v 0.027000 0.027000 0.015000
v 0.030000 0.027000 0.015000
v 0.030000 0.024000 0.015000
v 0.027000 0.027000 0.012000
v 0.027000 0.027000 0.015000
v 0.027000 0.030000 0.015000
v 0.027000 0.030000 0.012000
v 0.027000 0.027000 0.012000
v 0.030000 0.027000 0.012000
v 0.030000 0.027000 0.015000
v 0.027000 0.027000 0.015000
v 0.027000 0.027000 0.012000
v 0.027000 0.030000 0.012000
v 0.030000 0.030000 0.012000
v 0.030000 0.027000 0.012000
v 0.027000 0.027000 0.018000
v 0.027000 0.027000 0.021000
v 0.027000 0.030000 0.021000
v 0.027000 0.030000 0.018000
v 0.027000 0.027000 0.018000
v 0.030000 0.027000 0.018000
v 0.030000 0.027000 0.021000
v 0.027000 0.027000 0.021000
v 0.027000 0.027000 0.021000
v 0.030000 0.027000 0.021000
v 0.030000 0.030000 0.021000
v 0.027000 0.030000 0.021000
v 0.027000 0.030000 0.012000
v 0.027000 0.033000 0.012000
v 0.030000 0.033000 0.012000
v 0.030000 0.030000 0.012000
v 0.027000 0.030000 0.021000
v 0.030000 0.030000 0.021000
v 0.030000 0.033000 0.021000
v 0.027000 0.033000 0.021000
v 0.027000 0.033000 0.012000
v 0.027000 0.036000 0.012000
v 0.030000 0.036000 0.012000
v 0.030000 0.033000 0.012000
v 0.027000 0.033000 0.021000
v 0.030000 0.033000 0.021000
v 0.030000 0.036000 0.021000
v 0.027000 0.036000 0.021000
v 0.027000 0.036000 0.012000
v 0.027000 0.039000 0.012000
v 0.030000 0.039000 0.012000
v 0.030000 0.036000 0.012000
v 0.027000 0.036000 0.021000
v 0.030000 0.036000 0.021000
v 0.030000 0.039000 0.021000
v 0.027000 0.039000 0.021000
v 0.027000 0.039000 0.012000
v 0.027000 0.042000 0.012000
v 0.030000 0.042000 0.012000
v 0.030000 0.039000 0.012000
v 0.027000 0.039000 0.021000
v 0.030000 0.039000 0.021000
v 0.030000 0.042000 0.021000
v 0.027000 0.042000 0.021000
v 0.027000 0.042000 0.012000
v 0.027000 0.045000 0.012000
v 0.030000 0.045000 0.012000
v 0.030000 0.042000 0.012000
v 0.027000 0.042000 0.021000
v 0.030000 0.042000 0.021000
v 0.030000 0.045000 0.021000
v 0.027000 0.045000 0.021000
v 0.027000 0.045000 0.012000
v 0.027000 0.048000 0.012000
v 0.030000 0.048000 0.012000
v 0.030000 0.045000 0.012000
v 0.027000 0.045000 0.021000
v 0.030000 0.045000 0.021000
v 0.030000 0.048000 0.021000
v 0.027000 0.048000 0.021000
v 0.027000 0.048000 0.012000
v 0.027000 0.051000 0.012000
v 0.030000 0.051000 0.012000
v 0.030000 0.048000 0.012000
v 0.027000 0.048000 0.021000
v 0.030000 0.048000 0.021000
v 0.030000 0.051000 0.021000
v 0.027000 0.051000 0.021000
v 0.027000 0.051000 0.012000
v 0.027000 0.054000 0.012000
v 0.030000 0.054000 0.012000
v 0.030000 0.051000 0.012000
v 0.027000 0.051000 0.021000
v 0.030000 0.051000 0.021000
v 0.030000 0.054000 0.021000
v 0.027000 0.054000 0.021000
v 0.027000 0.054000 0.012000
v 0.027000 0.057000 0.012000
v 0.030000 0.057000 0.012000
v 0.030000 0.054000 0.012000
v 0.027000 0.054000 0.021000
v 0.030000 0.054000 0.021000
v 0.030000 0.057000 0.021000
v 0.027000 0.057000 0.021000
v 0.027000 0.057000 0.012000
v 0.027000 0.060000 0.012000
v 0.030000 0.060000 0.012000
v 0.030000 0.057000 0.012000
v 0.027000 0.057000 0.021000
v 0.030000 0.057000 0.021000
v 0.030000 0.060000 0.021000
v 0.027000 0.060000 0.021000
v 0.027000 0.060000 0.012000
v 0.027000 0.063000 0.012000
v 0.030000 0.063000 0.012000
v 0.030000 0.060000 0.012000
v 0.027000 0.060000 0.021000
v 0.030000 0.060000 0.021000
v 0.030000 0.063000 0.021000
v 0.027000 0.063000 0.021000
v 0.027000 0.063000 0.012000
v 0.027000 0.066000 0.012000
v 0.030000 0.066000 0.012000
v 0.030000 0.063000 0.012000
v 0.027000 0.063000 0.021000
v 0.030000 0.063000 0.021000
v 0.030000 0.066000 0.021000
v 0.027000 0.066000 0.021000
v 0.027000 0.066000 0.012000
v 0.027000 0.069000 0.012000
v 0.030000 0.069000 0.012000
v 0.030000 0.066000 0.012000
v 0.027000 0.066000 0.021000
v 0.030000 0.066000 0.021000
v 0.030000 0.069000 0.021000
v 0.027000 0.069000 0.021000
v 0.027000 0.069000 0.012000
v 0.027000 0.069000 0.015000
v 0.027000 0.072000 0.015000
v 0.027000 0.072000 0.012000
v 0.027000 0.072000 0.012000
v 0.027000 0.072000 0.015000
v 0.030000 0.072000 0.015000
v 0.030000 0.072000 0.012000
v 0.027000 0.069000 0.012000
v 0.027000 0.072000 0.012000
v 0.030000 0.072000 0.012000
v 0.030000 0.069000 0.012000
v 0.027000 0.069000 0.018000
v 0.027000 0.069000 0.021000
v 0.027000 0.072000 0.021000
v 0.027000 0.072000 0.018000
v 0.027000 0.072000 0.018000
v 0.027000 0.072000 0.021000
v 0.030000 0.072000 0.021000
v 0.030000 0.072000 0.018000
v 0.027000 0.069000 0.021000
v 0.030000 0.069000 0.021000
v 0.030000 0.072000 0.021000
v 0.027000 0.072000 0.021000
v 0.027000 0.072000 0.018000
v 0.030000 0.072000 0.018000
v 0.030000 0.075000 0.018000
v 0.027000 0.075000 0.018000
v 0.027000 0.072000 0.015000
v 0.027000 0.075000 0.015000
v 0.030000 0.075000 0.015000
v 0.030000 0.072000 0.015000
v 0.027000 0.075000 0.015000
v 0.027000 0.075000 0.018000
v 0.027000 0.078000 0.018000
v 0.027000 0.078000 0.015000
v 0.027000 0.078000 0.015000
v 0.027000 0.078000 0.018000
v 0.030000 0.078000 0.018000
v 0.030000 0.078000 0.015000
v 0.027000 0.075000 0.018000
v 0.030000 0.075000 0.018000
v 0.030000 0.078000 0.018000
v 0.027000 0.078000 0.018000
v 0.027000 0.075000 0.015000
v 0.027000 0.078000 0.015000
v 0.030000 0.078000 0.015000
v 0.030000 0.075000 0.015000
v 0.030000 0.018000 0.015000
v 0.030000 0.018000 0.018000
v 0.030000 0.021000 0.018000
v 0.030000 0.021000 0.015000
v 0.030000 0.018000 0.015000
v 0.033000 0.018000 0.015000
v 0.033000 0.018000 0.018000
v 0.030000 0.018000 0.018000
v 0.030000 0.018000 0.018000
v 0.033000 0.018000 0.018000
v 0.033000 0.021000 0.018000
v 0.030000 0.021000 0.018000
v 0.030000 0.018000 0.015000
v 0.030000 0.021000 0.015000
v 0.033000 0.021000 0.015000
v 0.033000 0.018000 0.015000
v 0.030000 0.021000 0.018000
v 0.033000 0.021000 0.018000
v 0.033000 0.024000 0.018000
v 0.030000 0.024000 0.018000
v 0.030000 0.021000 0.015000
v 0.030000 0.024000 0.015000
v 0.033000 0.024000 0.015000
v 0.033000 0.021000 0.015000
v 0.030000 0.024000 0.012000
v 0.030000 0.024000 0.015000
v 0.030000 0.027000 0.015000
v 0.030000 0.027000 0.012000
v 0.030000 0.024000 0.012000
v 0.033000 0.024000 0.012000
v 0.033000 0.024000 0.015000
v 0.030000 0.024000 0.015000
v 0.030000 0.024000 0.012000
v 0.030000 0.027000 0.012000
v 0.033000 0.027000 0.012000
v 0.033000 0.024000 0.012000
v 0.030000 0.024000 0.018000
v 0.030000 0.024000 0.021000
v 0.030000 0.027000 0.021000
v 0.030000 0.027000 0.018000
v 0.030000 0.024000 0.018000
v 0.033000 0.024000 0.018000
v 0.033000 0.024000 0.021000
v 0.030000 0.024000 0.021000
v 0.030000 0.024000 0.021000
v 0.033000 0.024000 0.021000
v 0.033000 0.027000 0.021000
v 0.030000 0.027000 0.021000
v 0.030000 0.027000 0.012000
v 0.030000 0.030000 0.012000
v 0.033000 0.030000 0.012000
v 0.033000 0.027000 0.012000
v 0.030000 0.027000 0.021000
v 0.033000 0.027000 0.021000
v 0.033000 0.030000 0.021000
v 0.030000 0.030000 0.021000
v 0.030000 0.030000 0.012000
v 0.030000 0.033000 0.012000
v 0.033000 0.033000 0.012000
v 0.033000 0.030000 0.012000
v 0.030000 0.030000 0.021000
v 0.033000 0.030000 0.021000
v 0.033000 0.033000 0.021000
v 0.030000 0.033000 0.021000
v 0.030000 0.033000 0.012000
v 0.030000 0.036000 0.012000
v 0.033000 0.036000 0.012000
v 0.033000 0.033000 0.012000
v 0.030000 0.033000 0.021000
v 0.033000 0.033000 0.021000
v 0.033000 0.036000 0.021000
v 0.030000 0.036000 0.021000
v 0.030000 0.036000 0.012000
v 0.030000 0.039000 0.012000
v 0.033000 0.039000 0.012000
v 0.033000 0.036000 0.012000
v 0.030000 0.036000 0.021000
v 0.033000 0.036000 0.021000
v 0.033000 0.039000 0.021000
v 0.030000 0.039000 0.021000
v 0.030000 0.039000 0.012000
v 0.030000 0.042000 0.012000
v 0.033000 0.042000 0.012000
v 0.033000 0.039000 0.012000
v 0.030000 0.039000 0.021000
v 0.033000 0.039000 0.021000
v 0.033000 0.042000 0.021000
v 0.030000 0.042000 0.021000
v 0.030000 0.042000 0.012000
v 0.030000 0.045000 0.012000
v 0.033000 0.045000 0.012000
v 0.033000 0.042000 0.012000
v 0.030000 0.042000 0.021000
v 0.033000 0.042000 0.021000
v 0.033000 0.045000 0.021000
v 0.030000 0.045000 0.021000
v 0.030000 0.045000 0.012000
v 0.030000 0.048000 0.012000
v 0.033000 0.048000 0.012000
v 0.033000 0.045000 0.012000
v 0.030000 0.045000 0.021000
v 0.033000 0.045000 0.021000
v 0.033000 0.048000 0.021000
v 0.030000 0.048000 0.021000
v 0.030000 0.048000 0.012000
v 0.030000 0.051000 0.012000
v 0.033000 0.051000 0.012000
v 0.033000 0.048000 0.012000
v 0.030000 0.048000 0.021000
v 0.033000 0.048000 0.021000
v 0.033000 0.051000 0.021000
v 0.030000 0.051000 0.021000
v 0.030000 0.051000 0.012000
v 0.030000 0.054000 0.012000
v 0.033000 0.054000 0.012000
v 0.033000 0.051000 0.012000
v 0.030000 0.051000 0.021000
v 0.033000 0.051000 0.021000
v 0.033000 0.054000 0.021000
v 0.030000 0.054000 0.021000
v 0.030000 0.054000 0.012000
v 0.030000 0.057000 0.012000
v 0.033000 0.057000 0.012000
v 0.033000 0.054000 0.012000
v 0.030000 0.054000 0.021000
v 0.033000 0.054000 0.021000
v 0.033000 0.057000 0.021000
v 0.030000 0.057000 0.021000
v 0.030000 0.057000 0.012000
v 0.030000 0.060000 0.012000
v 0.033000 0.060000 0.012000
v 0.033000 0.057000 0.012000
v 0.030000 0.057000 0.021000
v 0.033000 0.057000 0.021000
v 0.033000 0.060000 0.021000
v 0.030000 0.060000 0.021000
v 0.030000 0.060000 0.012000
v 0.030000 0.063000 0.012000
v 0.033000 0.063000 0.012000
v 0.033000 0.060000 0.012000
v 0.030000 0.060000 0.021000
v 0.033000 0.060000 0.021000
v 0.033000 0.063000 0.021000
v 0.030000 0.063000 0.021000
v 0.030000 0.063000 0.012000
v 0.030000 0.066000 0.012000
v 0.033000 0.066000 0.012000
v 0.033000 0.063000 0.012000
v 0.030000 0.063000 0.021000
v 0.033000 0.063000 0.021000
v 0.033000 0.066000 0.021000
v 0.030000 0.066000 0.021000
v 0.030000 0.066000 0.012000
v 0.030000 0.069000 0.012000
v 0.033000 0.069000 0.012000
v 0.033000 0.066000 0.012000
v 0.030000 0.066000 0.021000
v 0.033000 0.066000 0.021000
v 0.033000 0.069000 0.021000
v 0.030000 0.069000 0.021000
v 0.030000 0.069000 0.012000
v 0.030000 0.072000 0.012000
v 0.033000 0.072000 0.012000
v 0.033000 0.069000 0.012000
v 0.030000 0.069000 0.021000
v 0.033000 0.069000 0.021000
v 0.033000 0.072000 0.021000
v 0.030000 0.072000 0.021000
v 0.030000 0.072000 0.012000
v 0.030000 0.072000 0.015000
v 0.030000 0.075000 0.015000
v 0.030000 0.075000 0.012000
v 0.030000 0.075000 0.012000
v 0.030000 0.075000 0.015000
v 0.033000 0.075000 0.015000
v 0.033000 0.075000 0.012000
v 0.030000 0.072000 0.012000
v 0.030000 0.075000 0.012000
v 0.033000 0.075000 0.012000
v 0.033000 0.072000 0.012000
v 0.030000 0.072000 0.018000
v 0.030000 0.072000 0.021000
v 0.030000 0.075000 0.021000
v 0.030000 0.075000 0.018000
v 0.030000 0.075000 0.018000
v 0.030000 0.075000 0.021000
v 0.033000 0.075000 0.021000
v 0.033000 0.075000 0.018000
v 0.030000 0.072000 0.021000
v 0.033000 0.072000 0.021000
v 0.033000 0.075000 0.021000
v 0.030000 0.075000 0.021000
v 0.030000 0.075000 0.018000
v 0.033000 0.075000 0.018000
v 0.033000 0.078000 0.018000
v 0.030000 0.078000 0.018000
v 0.030000 0.075000 0.015000
v 0.030000 0.078000 0.015000
v 0.033000 0.078000 0.015000
v 0.033000 0.075000 0.015000
v 0.030000 0.078000 0.015000
v 0.030000 0.078000 0.018000
v 0.030000 0.081000 0.018000
v 0.030000 0.081000 0.015000
v 0.030000 0.081000 0.015000
v 0.030000 0.081000 0.018000
v 0.033000 0.081000 0.018000
v 0.033000 0.081000 0.015000
v 0.030000 0.078000 0.018000
v 0.033000 0.078000 0.018000
v 0.033000 0.081000 0.018000
v 0.030000 0.081000 0.018000
v 0.030000 0.078000 0.015000
v 0.030000 0.081000 0.015000
v 0.033000 0.081000 0.015000
v 0.033000 0.078000 0.015000
v 0.033000 0.015000 0.015000
v 0.033000 0.015000 0.018000
v 0.033000 0.018000 0.018000
v 0.033000 0.018000 0.015000
v 0.033000 0.015000 0.015000
v 0.036000 0.015000 0.015000
v 0.036000 0.015000 0.018000
v 0.033000 0.015000 0.018000
v 0.033000 0.015000 0.018000
v 0.036000 0.015000 0.018000
v 0.036000 0.018000 0.018000
v 0.033000 0.018000 0.018000
v 0.033000 0.015000 0.015000
v 0.033000 0.018000 0.015000
v 0.036000 0.018000 0.015000
v 0.036000 0.015000 0.015000
v 0.033000 0.018000 0.018000
v 0.036000 0.018000 0.018000
v 0.036000 0.021000 0.018000
v 0.033000 0.021000 0.018000
v 0.033000 0.018000 0.015000
v 0.033000 0.021000 0.015000
v 0.036000 0.021000 0.015000
v 0.036000 0.018000 0.015000
v 0.033000 0.021000 0.012000
v 0.033000 0.021000 0.015000
v 0.033000 0.024000 0.015000
v 0.033000 0.024000 0.012000
v 0.033000 0.021000 0.012000
v 0.036000 0.021000 0.012000
v 0.036000 0.021000 0.015000
v 0.033000 0.021000 0.015000
v 0.033000 0.021000 0.012000
v 0.033000 0.024000 0.012000
v 0.036000 0.024000 0.012000
v 0.036000 0.021000 0.012000
v 0.033000 0.021000 0.018000
v 0.033000 0.021000 0.021000
v 0.033000 0.024000 0.021000
v 0.033000 0.024000 0.018000
v 0.033000 0.021000 0.018000
v 0.036000 0.021000 0.018000
v 0.036000 0.021000 0.021000
v 0.033000 0.021000 0.021000
v 0.033000 0.021000 0.021000
v 0.036000 0.021000 0.021000
v 0.036000 0.024000 0.021000
v 0.033000 0.024000 0.021000
v 0.033000 0.024000 0.012000
v 0.033000 0.027000 0.012000
v 0.036000 0.027000 0.012000
v 0.036000 0.024000 0.012000
v 0.033000 0.024000 0.021000
v 0.036000 0.024000 0.021000
v 0.036000 0.027000 0.021000
v 0.033000 0.027000 0.021000
v 0.033000 0.027000 0.012000
v 0.033000 0.030000 0.012000
v 0.036000 0.030000 0.012000
v 0.036000 0.027000 0.012000
v 0.033000 0.027000 0.021000
v 0.036000 0.027000 0.021000
v 0.036000 0.030000 0.021000
v 0.033000 0.030000 0.021000
v 0.033000 0.030000 0.012000
v 0.033000 0.033000 0.012000
v 0.036000 0.033000 0.012000
v 0.036000 0.030000 0.012000
v 0.033000 0.030000 0.021000
v 0.036000 0.030000 0.021000
v 0.036000 0.033000 0.021000
v 0.033000 0.033000 0.021000
v 0.033000 0.033000 0.012000
v 0.033000 0.036000 0.012000
v 0.036000 0.036000 0.012000
v 0.036000 0.033000 0.012000
v 0.033000 0.033000 0.021000
v 0.036000 0.033000 0.021000
v 0.036000 0.036000 0.021000
v 0.033000 0.036000 0.021000
v 0.033000 0.036000 0.012000
v 0.033000 0.039000 0.012000
v 0.036000 0.039000 0.012000
v 0.036000 0.036000 0.012000
v 0.033000 0.036000 0.021000
v 0.036000 0.036000 0.021000
v 0.036000 0.039000 0.021000
v 0.033000 0.039000 0.021000
v 0.033000 0.039000 0.012000
v 0.033000 0.042000 0.012000
v 0.036000 0.042000 0.012000
v 0.036000 0.039000 0.012000
v 0.033000 0.039000 0.021000
v 0.036000 0.039000 0.021000
v 0.036000 0.042000 0.021000
v 0.033000 0.042000 0.021000
v 0.033000 0.042000 0.012000
v 0.033000 0.045000 0.012000
v 0.036000 0.045000 0.012000
v 0.036000 0.042000 0.012000
v 0.033000 0.042000 0.021000
v 0.036000 0.042000 0.021000
v 0.036000 0.045000 0.021000
v 0.033000 0.045000 0.021000
v 0.033000 0.045000 0.012000
v 0.033000 0.048000 0.012000
v 0.036000 0.048000 0.012000
v 0.036000 0.045000 0.012000
v 0.033000 0.045000 0.021000
v 0.036000 0.045000 0.021000
v 0.036000 0.048000 0.021000
v 0.033000 0.048000 0.021000
v 0.033000 0.048000 0.012000
v 0.033000 0.051000 0.012000
v 0.036000 0.051000 0.012000
v 0.036000 0.048000 0.012000
v 0.033000 0.048000 0.021000
v 0.036000 0.048000 0.021000
v 0.036000 0.051000 0.021000
v 0.033000 0.051000 0.021000
v 0.033000 0.051000 0.012000
v 0.033000 0.054000 0.012000
v 0.036000 0.054000 0.012000
v 0.036000 0.051000 0.012000
v 0.033000 0.051000 0.021000
v 0.036000 0.051000 0.021000
v 0.036000 0.054000 0.021000
v 0.033000 0.054000 0.021000
v 0.033000 0.054000 0.012000
v 0.033000 0.057000 0.012000
v 0.036000 0.057000 0.012000
v 0.036000 0.054000 0.012000
v 0.033000 0.054000 0.021000
v 0.036000 0.054000 0.021000
v 0.036000 0.057000 0.021000
v 0.033000 0.057000 0.021000
v 0.033000 0.057000 0.012000
v 0.033000 0.060000 0.012000
v 0.036000 0.060000 0.012000
v 0.036000 0.057000 0.012000
v 0.033000 0.057000 0.021000
v 0.036000 0.057000 0.021000
v 0.036000 0.060000 0.021000
v 0.033000 0.060000 0.021000
v 0.033000 0.060000 0.012000
v 0.033000 0.063000 0.012000
v 0.036000 0.063000 0.012000
v 0.036000 0.060000 0.012000
v 0.033000 0.060000 0.021000
v 0.036000 0.060000 0.021000
v 0.036000 0.063000 0.021000
v 0.033000 0.063000 0.021000
v 0.033000 0.063000 0.012000
v 0.033000 0.066000 0.012000
v 0.036000 0.066000 0.012000
v 0.036000 0.063000 0.012000
v 0.033000 0.063000 0.021000
v 0.036000 0.063000 0.021000
v 0.036000 0.066000 0.021000
v 0.033000 0.066000 0.021000
v 0.033000 0.066000 0.012000
v 0.033000 0.069000 0.012000
v 0.036000 0.069000 0.012000
v 0.036000 0.066000 0.012000
v 0.033000 0.066000 0.021000
v 0.036000 0.066000 0.021000
v 0.036000 0.069000 0.021000
v 0.033000 0.069000 0.021000
v 0.033000 0.069000 0.012000
v 0.033000 0.072000 0.012000
v 0.036000 0.072000 0.012000
v 0.036000 0.069000 0.012000
v 0.033000 0.069000 0.021000
v 0.036000 0.069000 0.021000
v 0.036000 0.072000 0.021000
v 0.033000 0.072000 0.021000
v 0.033000 0.072000 0.012000
v 0.033000 0.075000 0.012000
v 0.036000 0.075000 0.012000
v 0.036000 0.072000 0.012000
v 0.033000 0.072000 0.021000
v 0.036000 0.072000 0.021000
v 0.036000 0.075000 0.021000
v 0.033000 0.075000 0.021000
v 0.033000 0.075000 0.012000
v 0.033000 0.075000 0.015000
v 0.033000 0.078000 0.015000
v 0.033000 0.078000 0.012000
v 0.033000 0.078000 0.012000
v 0.033000 0.078000 0.015000
v 0.036000 0.078000 0.015000
v 0.036000 0.078000 0.012000
v 0.033000 0.075000 0.012000
v 0.033000 0.078000 0.012000
v 0.036000 0.078000 0.012000
v 0.036000 0.075000 0.012000
v 0.033000 0.075000 0.018000
v 0.033000 0.075000 0.021000
v 0.033000 0.078000 0.021000
v 0.033000 0.078000 0.018000
v 0.033000 0.078000 0.018000
v 0.033000 0.078000 0.021000
v 0.036000 0.078000 0.021000
v 0.036000 0.078000 0.018000
v 0.033000 0.075000 0.021000
v 0.036000 0.075000 0.021000
v 0.036000 0.078000 0.021000
v 0.033000 0.078000 0.021000
v 0.033000 0.078000 0.018000
v 0.036000 0.078000 0.018000
v 0.036000 0.081000 0.018000
v 0.033000 0.081000 0.018000
v 0.033000 0.078000 0.015000
v 0.033000 0.081000 0.015000
v 0.036000 0.081000 0.015000
v 0.036000 0.078000 0.015000
v 0.033000 0.081000 0.015000
v 0.033000 0.081000 0.018000
v 0.033000 0.084000 0.018000
v 0.033000 0.084000 0.015000
v 0.033000 0.084000 0.015000
v 0.033000 0.084000 0.018000
v 0.036000 0.084000 0.018000
v 0.036000 0.084000 0.015000
v 0.033000 0.081000 0.018000
v 0.036000 0.081000 0.018000
v 0.036000 0.084000 0.018000
v 0.033000 0.084000 0.018000
v 0.033000 0.081000 0.015000
v 0.033000 0.084000 0.015000
v 0.036000 0.084000 0.015000
v 0.036000 0.081000 0.015000
v 0.036000 0.015000 0.015000
v 0.039000 0.015000 0.015000
v 0.039000 0.015000 0.018000
v 0.036000 0.015000 0.018000
v 0.036000 0.015000 0.018000
v 0.039000 0.015000 0.018000
v 0.039000 0.018000 0.018000
v 0.036000 0.018000 0.018000
v 0.036000 0.015000 0.015000
v 0.036000 0.018000 0.015000
v 0.039000 0.018000 0.015000
v 0.039000 0.015000 0.015000
v 0.036000 0.018000 0.015000
v 0.036000 0.021000 0.015000
v 0.039000 0.021000 0.015000
v 0.039000 0.018000 0.015000
v 0.036000 0.018000 0.018000
v 0.036000 0.018000 0.021000
v 0.036000 0.021000 0.021000
v 0.036000 0.021000 0.018000
v 0.036000 0.018000 0.018000
v 0.039000 0.018000 0.018000
v 0.039000 0.018000 0.021000
v 0.036000 0.018000 0.021000
v 0.036000 0.018000 0.021000
v 0.039000 0.018000 0.021000
v 0.039000 0.021000 0.021000
v 0.036000 0.021000 0.021000
v 0.036000 0.021000 0.012000
v 0.039000 0.021000 0.012000
v 0.039000 0.021000 0.015000
v 0.036000 0.021000 0.015000
v 0.036000 0.021000 0.012000
v 0.036000 0.024000 0.012000
v 0.039000 0.024000 0.012000
v 0.039000 0.021000 0.012000
v 0.036000 0.021000 0.021000
v 0.039000 0.021000 0.021000
v 0.039000 0.024000 0.021000
v 0.036000 0.024000 0.021000
v 0.036000 0.024000 0.012000
v 0.036000 0.027000 0.012000
v 0.039000 0.027000 0.012000
v 0.039000 0.024000 0.012000
v 0.036000 0.024000 0.021000
v 0.039000 0.024000 0.021000
v 0.039000 0.027000 0.021000
v 0.036000 0.027000 0.021000
v 0.036000 0.027000 0.012000
v 0.036000 0.030000 0.012000
v 0.039000 0.030000 0.012000
v 0.039000 0.027000 0.012000
v 0.036000 0.027000 0.021000
v 0.039000 0.027000 0.021000
v 0.039000 0.030000 0.021000
v 0.036000 0.030000 0.021000
v 0.036000 0.030000 0.012000
v 0.036000 0.033000 0.012000
v 0.039000 0.033000 0.012000
v 0.039000 0.030000 0.012000
v 0.036000 0.030000 0.021000
v 0.039000 0.030000 0.021000
v 0.039000 0.033000 0.021000
v 0.036000 0.033000 0.021000
v 0.036000 0.033000 0.012000
v 0.036000 0.036000 0.012000
v 0.039000 0.036000 0.012000
v 0.039000 0.033000 0.012000
v 0.036000 0.033000 0.021000
v 0.039000 0.033000 0.021000
v 0.039000 0.036000 0.021000
v 0.036000 0.036000 0.021000
v 0.036000 0.036000 0.012000
v 0.036000 0.039000 0.012000
v 0.039000 0.039000 0.012000
v 0.039000 0.036000 0.012000
v 0.036000 0.036000 0.021000
v 0.039000 0.036000 0.021000
v 0.039000 0.039000 0.021000
v 0.036000 0.039000 0.021000
v 0.036000 0.039000 0.012000
v 0.036000 0.042000 0.012000
v 0.039000 0.042000 0.012000
v 0.039000 0.039000 0.012000
v 0.036000 0.039000 0.021000
v 0.039000 0.039000 0.021000
v 0.039000 0.042000 0.021000
v 0.036000 0.042000 0.021000
v 0.036000 0.042000 0.012000
v 0.036000 0.045000 0.012000
v 0.039000 0.045000 0.012000
v 0.039000 0.042000 0.012000
v 0.036000 0.042000 0.021000
v 0.039000 0.042000 0.021000
v 0.039000 0.045000 0.021000
v 0.036000 0.045000 0.021000
v 0.036000 0.045000 0.012000
v 0.036000 0.048000 0.012000
v 0.039000 0.048000 0.012000
v 0.039000 0.045000 0.012000
v 0.036000 0.045000 0.021000
v 0.039000 0.045000 0.021000
v 0.039000 0.048000 0.021000
v 0.036000 0.048000 0.021000
v 0.036000 0.048000 0.012000
v 0.036000 0.051000 0.012000
v 0.039000 0.051000 0.012000
v 0.039000 0.048000 0.012000
v 0.036000 0.048000 0.021000
v 0.039000 0.048000 0.021000
v 0.039000 0.051000 0.021000
v 0.036000 0.051000 0.021000
v 0.036000 0.051000 0.012000
v 0.036000 0.054000 0.012000
v 0.039000 0.054000 0.012000
v 0.039000 0.051000 0.012000
v 0.036000 0.051000 0.021000
v 0.039000 0.051000 0.021000
v 0.039000 0.054000 0.021000
v 0.036000 0.054000 0.021000
v 0.036000 0.054000 0.012000
v 0.036000 0.057000 0.012000
v 0.039000 0.057000 0.012000
v 0.039000 0.054000 0.012000
v 0.036000 0.054000 0.021000
v 0.039000 0.054000 0.021000
v 0.039000 0.057000 0.021000
v 0.036000 0.057000 0.021000
v 0.036000 0.057000 0.012000
v 0.036000 0.060000 0.012000
v 0.039000 0.060000 0.012000
v 0.039000 0.057000 0.012000
v 0.036000 0.057000 0.021000
v 0.039000 0.057000 0.021000
v 0.039000 0.060000 0.021000
v 0.036000 0.060000 0.021000
v 0.036000 0.060000 0.012000
v 0.036000 0.063000 0.012000
v 0.039000 0.063000 0.012000
v 0.039000 0.060000 0.012000
v 0.036000 0.060000 0.021000
v 0.039000 0.060000 0.021000
v 0.039000 0.063000 0.021000
v 0.036000 0.063000 0.021000
v 0.036000 0.063000 0.012000
v 0.036000 0.066000 0.012000
v 0.039000 0.066000 0.012000
v 0.039000 0.063000 0.012000
v 0.036000 0.063000 0.021000
v 0.039000 0.063000 0.021000
v 0.039000 0.066000 0.021000
v 0.036000 0.066000 0.021000
v 0.036000 0.066000 0.012000
v 0.036000 0.069000 0.012000
v 0.039000 0.069000 0.012000
v 0.039000 0.066000 0.012000
v 0.036000 0.066000 0.021000
v 0.039000 0.066000 0.021000
v 0.039000 0.069000 0.021000
v 0.036000 0.069000 0.021000
v 0.036000 0.069000 0.012000
v 0.036000 0.072000 0.012000
v 0.039000 0.072000 0.012000
v 0.039000 0.069000 0.012000
v 0.036000 0.069000 0.021000
v 0.039000 0.069000 0.021000
v 0.039000 0.072000 0.021000
v 0.036000 0.072000 0.021000
v 0.036000 0.072000 0.012000
v 0.036000 0.075000 0.012000
v 0.039000 0.075000 0.012000
v 0.039000 0.072000 0.012000
v 0.036000 0.072000 0.021000
v 0.039000 0.072000 0.021000
v 0.039000 0.075000 0.021000
v 0.036000 0.075000 0.021000
v 0.036000 0.075000 0.012000
v 0.036000 0.078000 0.012000
v 0.039000 0.078000 0.012000
v 0.039000 0.075000 0.012000
v 0.036000 0.075000 0.021000
v 0.039000 0.075000 0.021000
v 0.039000 0.078000 0.021000
v 0.036000 0.078000 0.021000
v 0.036000 0.078000 0.012000
v 0.036000 0.078000 0.015000
v 0.036000 0.081000 0.015000
v 0.036000 0.081000 0.012000
v 0.036000 0.081000 0.012000
v 0.036000 0.081000 0.015000
v 0.039000 0.081000 0.015000
v 0.039000 0.081000 0.012000
v 0.036000 0.078000 0.012000
v 0.036000 0.081000 0.012000
v 0.039000 0.081000 0.012000
v 0.039000 0.078000 0.012000
v 0.036000 0.078000 0.018000
v 0.036000 0.078000 0.021000
v 0.036000 0.081000 0.021000
v 0.036000 0.081000 0.018000
v 0.036000 0.081000 0.018000
v 0.036000 0.081000 0.021000
v 0.039000 0.081000 0.021000
v 0.039000 0.081000 0.018000
v 0.036000 0.078000 0.021000
v 0.039000 0.078000 0.021000
v 0.039000 0.081000 0.021000
v 0.036000 0.081000 0.021000
v 0.036000 0.081000 0.018000
v 0.039000 0.081000 0.018000
v 0.039000 0.084000 0.018000
v 0.036000 0.084000 0.018000
v 0.036000 0.081000 0.015000
v 0.036000 0.084000 0.015000
v 0.039000 0.084000 0.015000
v 0.039000 0.081000 0.015000
v 0.036000 0.084000 0.015000
v 0.036000 0.084000 0.018000
v 0.036000 0.087000 0.018000
v 0.036000 0.087000 0.015000
v 0.036000 0.087000 0.015000
v 0.036000 0.087000 0.018000
v 0.039000 0.087000 0.018000
v 0.039000 0.087000 0.015000
v 0.036000 0.084000 0.018000
v 0.039000 0.084000 0.018000
v 0.039000 0.087000 0.018000
v 0.036000 0.087000 0.018000
v 0.036000 0.084000 0.015000
v 0.036000 0.087000 0.015000
v 0.039000 0.087000 0.015000
v 0.039000 0.084000 0.015000
v 0.039000 0.012000 0.015000
v 0.039000 0.012000 0.018000
v 0.039000 0.015000 0.018000
v 0.039000 0.015000 0.015000
v 0.039000 0.012000 0.015000
v 0.042000 0.012000 0.015000
v 0.042000 0.012000 0.018000
v 0.039000 0.012000 0.018000
v 0.039000 0.012000 0.018000
v 0.042000 0.012000 0.018000
v 0.042000 0.015000 0.018000
v 0.039000 0.015000 0.018000
v 0.039000 0.012000 0.015000
v 0.039000 0.015000 0.015000
v 0.042000 0.015000 0.015000
v 0.042000 0.012000 0.015000
v 0.039000 0.015000 0.018000
v 0.042000 0.015000 0.018000
v 0.042000 0.018000 0.018000
v 0.039000 0.018000 0.018000
v 0.039000 0.015000 0.015000
v 0.039000 0.018000 0.015000
v 0.042000 0.018000 0.015000
v 0.042000 0.015000 0.015000
v 0.039000 0.018000 0.012000
v 0.039000 0.018000 0.015000
v 0.039000 0.021000 0.015000
v 0.039000 0.021000 0.012000
v 0.039000 0.018000 0.012000
v 0.042000 0.018000 0.012000
v 0.042000 0.018000 0.015000
v 0.039000 0.018000 0.015000
v 0.039000 0.018000 0.012000
v 0.039000 0.021000 0.012000
v 0.042000 0.021000 0.012000
v 0.042000 0.018000 0.012000
v 0.039000 0.018000 0.018000
v 0.042000 0.018000 0.018000
v 0.042000 0.018000 0.021000
v 0.039000 0.018000 0.021000
v 0.039000 0.018000 0.021000
v 0.042000 0.018000 0.021000
v 0.042000 0.021000 0.021000
v 0.039000 0.021000 0.021000
v 0.039000 0.021000 0.012000
v 0.039000 0.024000 0.012000
v 0.042000 0.024000 0.012000
v 0.042000 0.021000 0.012000
v 0.039000 0.021000 0.021000
v 0.042000 0.021000 0.021000
v 0.042000 0.024000 0.021000
v 0.039000 0.024000 0.021000
v 0.039000 0.024000 0.012000
v 0.039000 0.027000 0.012000
v 0.042000 0.027000 0.012000
v 0.042000 0.024000 0.012000
v 0.039000 0.024000 0.021000
v 0.042000 0.024000 0.021000
v 0.042000 0.027000 0.021000
v 0.039000 0.027000 0.021000
v 0.039000 0.027000 0.012000
v 0.039000 0.030000 0.012000
v 0.042000 0.030000 0.012000
v 0.042000 0.027000 0.012000
v 0.039000 0.027000 0.021000
v 0.042000 0.027000 0.021000
v 0.042000 0.030000 0.021000
v 0.039000 0.030000 0.021000
v 0.039000 0.030000 0.012000
v 0.039000 0.033000 0.012000
v 0.042000 0.033000 0.012000
v 0.042000 0.030000 0.012000
v 0.039000 0.030000 0.021000
v 0.042000 0.030000 0.021000
v 0.042000 0.033000 0.021000
v 0.039000 0.033000 0.021000
v 0.039000 0.033000 0.012000
v 0.039000 0.036000 0.012000
v 0.042000 0.036000 0.012000
v 0.042000 0.033000 0.012000
v 0.039000 0.033000 0.021000
v 0.042000 0.033000 0.021000
v 0.042000 0.036000 0.021000
v 0.039000 0.036000 0.021000
v 0.039000 0.036000 0.012000
v 0.039000 0.039000 0.012000
v 0.042000 0.039000 0.012000
v 0.042000 0.036000 0.012000
v 0.039000 0.036000 0.021000
v 0.042000 0.036000 0.021000
v 0.042000 0.039000 0.021000
v 0.039000 0.039000 0.021000
v 0.039000 0.039000 0.012000
v 0.039000 0.042000 0.012000
v 0.042000 0.042000 0.012000
v 0.042000 0.039000 0.012000
v 0.039000 0.039000 0.021000
v 0.042000 0.039000 0.021000
v 0.042000 0.042000 0.021000
v 0.039000 0.042000 0.021000
v 0.039000 0.042000 0.012000
v 0.039000 0.045000 0.012000
v 0.042000 0.045000 0.012000
v 0.042000 0.042000 0.012000
v 0.039000 0.042000 0.021000
v 0.042000 0.042000 0.021000
v 0.042000 0.045000 0.021000
v 0.039000 0.045000 0.021000
v 0.039000 0.045000 0.012000
v 0.039000 0.048000 0.012000
v 0.042000 0.048000 0.012000
v 0.042000 0.045000 0.012000
v 0.039000 0.045000 0.021000
v 0.042000 0.045000 0.021000
v 0.042000 0.048000 0.021000
v 0.039000 0.048000 0.021000
v 0.039000 0.048000 0.012000
v 0.039000 0.051000 0.012000
v 0.042000 0.051000 0.012000
v 0.042000 0.048000 0.012000
v 0.039000 0.048000 0.021000
v 0.042000 0.048000 0.021000
v 0.042000 0.051000 0.021000
v 0.039000 0.051000 0.021000
v 0.039000 0.051000 0.012000
v 0.039000 0.054000 0.012000
v 0.042000 0.054000 0.012000
v 0.042000 0.051000 0.012000
v 0.039000 0.051000 0.021000
v 0.042000 0.051000 0.021000
v 0.042000 0.054000 0.021000
v 0.039000 0.054000 0.021000
v 0.039000 0.054000 0.012000
v 0.039000 0.057000 0.012000
v 0.042000 0.057000 0.012000
v 0.042000 0.054000 0.012000
v 0.039000 0.054000 0.021000
v 0.042000 0.054000 0.021000
v 0.042000 0.057000 0.021000
v 0.039000 0.057000 0.021000
v 0.039000 0.057000 0.012000
v 0.039000 0.060000 0.012000
v 0.042000 0.060000 0.012000
v 0.042000 0.057000 0.012000
v 0.039000 0.057000 0.021000
v 0.042000 0.057000 0.021000
v 0.042000 0.060000 0.021000
v 0.039000 0.060000 0.021000
v 0.039000 0.060000 0.012000
v 0.039000 0.063000 0.012000
v 0.042000 0.063000 0.012000
v 0.042000 0.060000 0.012000
v 0.039000 0.060000 0.021000
v 0.042000 0.060000 0.021000
v 0.042000 0.063000 0.021000
v 0.039000 0.063000 0.021000
v 0.039000 0.063000 0.012000
v 0.039000 0.066000 0.012000
v 0.042000 0.066000 0.012000
v 0.042000 0.063000 0.012000
v 0.039000 0.063000 0.021000
v 0.042000 0.063000 0.021000
v 0.042000 0.066000 0.021000
v 0.039000 0.066000 0.021000
v 0.039000 0.066000 0.012000
v 0.039000 0.069000 0.012000
v 0.042000 0.069000 0.012000
v 0.042000 0.066000 0.012000
v 0.039000 0.066000 0.021000
v 0.042000 0.066000 0.021000
v 0.042000 0.069000 0.021000
v 0.039000 0.069000 0.021000
v 0.039000 0.069000 0.012000
v 0.039000 0.072000 0.012000
v 0.042000 0.072000 0.012000
v 0.042000 0.069000 0.012000
v 0.039000 0.069000 0.021000
v 0.042000 0.069000 0.021000
v 0.042000 0.072000 0.021000
v 0.039000 0.072000 0.021000
v 0.039000 0.072000 0.012000
v 0.039000 0.075000 0.012000
v 0.042000 0.075000 0.012000
v 0.042000 0.072000 0.012000
v 0.039000 0.072000 0.021000
v 0.042000 0.072000 0.021000
v 0.042000 0.075000 0.021000
v 0.039000 0.075000 0.021000
v 0.039000 0.075000 0.012000
v 0.039000 0.078000 0.012000
v 0.042000 0.078000 0.012000
v 0.042000 0.075000 0.012000
v 0.039000 0.075000 0.021000
v 0.042000 0.075000 0.021000
v 0.042000 0.078000 0.021000
v 0.039000 0.078000 0.021000
v 0.039000 0.081000 0.012000
v 0.039000 0.081000 0.015000
v 0.042000 0.081000 0.015000
v 0.042000 0.081000 0.012000
v 0.039000 0.078000 0.012000
v 0.039000 0.081000 0.012000
v 0.042000 0.081000 0.012000
v 0.042000 0.078000 0.012000
v 0.039000 0.081000 0.018000
v 0.039000 0.081000 0.021000
v 0.042000 0.081000 0.021000
v 0.042000 0.081000 0.018000
v 0.039000 0.078000 0.021000
v 0.042000 0.078000 0.021000
v 0.042000 0.081000 0.021000
v 0.039000 0.081000 0.021000
v 0.039000 0.081000 0.018000
v 0.042000 0.081000 0.018000
v 0.042000 0.084000 0.018000
v 0.039000 0.084000 0.018000
v 0.039000 0.081000 0.015000
v 0.039000 0.084000 0.015000
v 0.042000 0.084000 0.015000
v 0.042000 0.081000 0.015000
v 0.039000 0.087000 0.015000
v 0.039000 0.087000 0.018000
v 0.042000 0.087000 0.018000
v 0.042000 0.087000 0.015000
v 0.039000 0.084000 0.018000
v 0.042000 0.084000 0.018000
v 0.042000 0.087000 0.018000
v 0.039000 0.087000 0.018000
v 0.039000 0.084000 0.015000
v 0.039000 0.087000 0.015000
v 0.042000 0.087000 0.015000
v 0.042000 0.084000 0.015000
v 0.042000 0.009000 0.015000
v 0.042000 0.009000 0.018000
v 0.042000 0.012000 0.018000
v 0.042000 0.012000 0.015000
v 0.042000 0.009000 0.015000
v 0.045000 0.009000 0.015000
v 0.045000 0.009000 0.018000
v 0.042000 0.009000 0.018000
v 0.042000 0.009000 0.018000
v 0.045000 0.009000 0.018000
v 0.045000 0.012000 0.018000
v 0.042000 0.012000 0.018000
v 0.042000 0.009000 0.015000
v 0.042000 0.012000 0.015000
v 0.045000 0.012000 0.015000
v 0.045000 0.009000 0.015000
v 0.042000 0.012000 0.018000
v 0.045000 0.012000 0.018000
v 0.045000 0.015000 0.018000
v 0.042000 0.015000 0.018000
v 0.042000 0.012000 0.015000
v 0.042000 0.015000 0.015000
v 0.045000 0.015000 0.015000
v 0.045000 0.012000 0.015000
v 0.042000 0.015000 0.012000
v 0.042000 0.015000 0.015000
v 0.042000 0.018000 0.015000
v 0.042000 0.018000 0.012000
v 0.042000 0.015000 0.012000
v 0.045000 0.015000 0.012000
v 0.045000 0.015000 0.015000
v 0.042000 0.015000 0.015000
v 0.042000 0.015000 0.012000
v 0.042000 0.018000 0.012000
v 0.045000 0.018000 0.012000
v 0.045000 0.015000 0.012000
v 0.042000 0.015000 0.018000
v 0.042000 0.015000 0.021000
v 0.042000 0.018000 0.021000
v 0.042000 0.018000 0.018000
v 0.042000 0.015000 0.018000
v 0.045000 0.015000 0.018000
v 0.045000 0.015000 0.021000
v 0.042000 0.015000 0.021000
v 0.042000 0.015000 0.021000
v 0.045000 0.015000 0.021000
v 0.045000 0.018000 0.021000
v 0.042000 0.018000 0.021000
v 0.042000 0.018000 0.012000
v 0.042000 0.021000 0.012000
v 0.045000 0.021000 0.012000
v 0.045000 0.018000 0.012000
v 0.042000 0.018000 0.021000
v 0.045000 0.018000 0.021000
v 0.045000 0.021000 0.021000
v 0.042000 0.021000 0.021000
v 0.042000 0.021000 0.012000
v 0.042000 0.024000 0.012000
v 0.045000 0.024000 0.012000
v 0.045000 0.021000 0.012000
v 0.042000 0.021000 0.021000
v 0.045000 0.021000 0.021000
v 0.045000 0.024000 0.021000
v 0.042000 0.024000 0.021000
v 0.042000 0.024000 0.012000
v 0.042000 0.027000 0.012000
v 0.045000 0.027000 0.012000
v 0.045000 0.024000 0.012000
v 0.042000 0.024000 0.021000
v 0.045000 0.024000 0.021000
v 0.045000 0.027000 0.021000
v 0.042000 0.027000 0.021000
v 0.042000 0.027000 0.012000
v 0.042000 0.030000 0.012000
v 0.045000 0.030000 0.012000
v 0.045000 0.027000 0.012000
v 0.042000 0.027000 0.021000
v 0.045000 0.027000 0.021000
v 0.045000 0.030000 0.021000
v 0.042000 0.030000 0.021000
v 0.042000 0.030000 0.012000
v 0.042000 0.033000 0.012000
v 0.045000 0.033000 0.012000
v 0.045000 0.030000 0.012000
v 0.042000 0.030000 0.021000
v 0.045000 0.030000 0.021000
v 0.045000 0.033000 0.021000
v 0.042000 0.033000 0.021000
v 0.042000 0.033000 0.012000
v 0.042000 0.036000 0.012000
v 0.045000 0.036000 0.012000
v 0.045000 0.033000 0.012000
v 0.042000 0.033000 0.021000
v 0.045000 0.033000 0.021000
v 0.045000 0.036000 0.021000
v 0.042000 0.036000 0.021000
v 0.042000 0.036000 0.012000
v 0.042000 0.039000 0.012000
v 0.045000 0.039000 0.012000
v 0.045000 0.036000 0.012000
v 0.042000 0.036000 0.021000
v 0.045000 0.036000 0.021000
v 0.045000 0.039000 0.021000
v 0.042000 0.039000 0.021000
v 0.042000 0.039000 0.012000
v 0.042000 0.042000 0.012000
v 0.045000 0.042000 0.012000
v 0.045000 0.039000 0.012000
v 0.042000 0.039000 0.021000
v 0.045000 0.039000 0.021000
v 0.045000 0.042000 0.021000
v 0.042000 0.042000 0.021000
v 0.042000 0.042000 0.012000
v 0.042000 0.045000 0.012000
v 0.045000 0.045000 0.012000
v 0.045000 0.042000 0.012000
v 0.042000 0.042000 0.021000
v 0.045000 0.042000 0.021000
v 0.045000 0.045000 0.021000
v 0.042000 0.045000 0.021000
v 0.042000 0.045000 0.012000
v 0.042000 0.048000 0.012000
v 0.045000 0.048000 0.012000
v 0.045000 0.045000 0.012000
v 0.042000 0.045000 0.021000
v 0.045000 0.045000 0.021000
v 0.045000 0.048000 0.021000
v 0.042000 0.048000 0.021000
v 0.042000 0.048000 0.012000
v 0.042000 0.051000 0.012000
v 0.045000 0.051000 0.012000
v 0.045000 0.048000 0.012000
v 0.042000 0.048000 0.021000
v 0.045000 0.048000 0.021000
v 0.045000 0.051000 0.021000
v 0.042000 0.051000 0.021000
v 0.042000 0.051000 0.012000
v 0.042000 0.054000 0.012000
v 0.045000 0.054000 0.012000
v 0.045000 0.051000 0.012000
v 0.042000 0.051000 0.021000
v 0.045000 0.051000 0.021000
v 0.045000 0.054000 0.021000
v 0.042000 0.054000 0.021000
v 0.042000 0.054000 0.012000
v 0.042000 0.057000 0.012000
v 0.045000 0.057000 0.012000
v 0.045000 0.054000 0.012000
v 0.042000 0.054000 0.021000
v 0.045000 0.054000 0.021000
v 0.045000 0.057000 0.021000
v 0.042000 0.057000 0.021000
v 0.042000 0.057000 0.012000
v 0.042000 0.060000 0.012000
v 0.045000 0.060000 0.012000
v 0.045000 0.057000 0.012000
v 0.042000 0.057000 0.021000
v 0.045000 0.057000 0.021000
v 0.045000 0.060000 0.021000
v 0.042000 0.060000 0.021000
v 0.042000 0.060000 0.012000
v 0.042000 0.063000 0.012000
v 0.045000 0.063000 0.012000
v 0.045000 0.060000 0.012000
v 0.042000 0.060000 0.021000
v 0.045000 0.060000 0.021000
v 0.045000 0.063000 0.021000
v 0.042000 0.063000 0.021000
v 0.042000 0.063000 0.012000
v 0.042000 0.066000 0.012000
v 0.045000 0.066000 0.012000
v 0.045000 0.063000 0.012000
v 0.042000 0.063000 0.021000
v 0.045000 0.063000 0.021000
v 0.045000 0.066000 0.021000
v 0.042000 0.066000 0.021000
v 0.042000 0.066000 0.012000
v 0.042000 0.069000 0.012000
v 0.045000 0.069000 0.012000
v 0.045000 0.066000 0.012000
v 0.042000 0.066000 0.021000
v 0.045000 0.066000 0.021000
v 0.045000 0.069000 0.021000
v 0.042000 0.069000 0.021000
v 0.042000 0.069000 0.012000
v 0.042000 0.072000 0.012000
v 0.045000 0.072000 0.012000
v 0.045000 0.069000 0.012000
v 0.042000 0.069000 0.021000
v 0.045000 0.069000 0.021000
v 0.045000 0.072000 0.021000
v 0.042000 0.072000 0.021000
v 0.042000 0.072000 0.012000
v 0.042000 0.075000 0.012000
v 0.045000 0.075000 0.012000
v 0.045000 0.072000 0.012000
v 0.042000 0.072000 0.021000
v 0.045000 0.072000 0.021000
v 0.045000 0.075000 0.021000
v 0.042000 0.075000 0.021000
v 0.042000 0.075000 0.012000
v 0.042000 0.078000 0.012000
v 0.045000 0.078000 0.012000
v 0.045000 0.075000 0.012000
v 0.042000 0.075000 0.021000
v 0.045000 0.075000 0.021000
v 0.045000 0.078000 0.021000
v 0.042000 0.078000 0.021000
v 0.042000 0.078000 0.012000
v 0.042000 0.081000 0.012000
v 0.045000 0.081000 0.012000
v 0.045000 0.078000 0.012000
v 0.042000 0.078000 0.021000
v 0.045000 0.078000 0.021000
v 0.045000 0.081000 0.021000
v 0.042000 0.081000 0.021000
v 0.042000 0.081000 0.012000
v 0.042000 0.081000 0.015000
v 0.042000 0.084000 0.015000
v 0.042000 0.084000 0.012000
v 0.042000 0.084000 0.012000
v 0.042000 0.084000 0.015000
v 0.045000 0.084000 0.015000
v 0.045000 0.084000 0.012000
v 0.042000 0.081000 0.012000
v 0.042000 0.084000 0.012000
v 0.045000 0.084000 0.012000
v 0.045000 0.081000 0.012000
v 0.042000 0.081000 0.018000
v 0.042000 0.081000 0.021000
v 0.042000 0.084000 0.021000
v 0.042000 0.084000 0.018000
v 0.042000 0.084000 0.018000
v 0.042000 0.084000 0.021000
v 0.045000 0.084000 0.021000
v 0.045000 0.084000 0.018000
v 0.042000 0.081000 0.021000
v 0.045000 0.081000 0.021000
v 0.045000 0.084000 0.021000
v 0.042000 0.084000 0.021000
v 0.042000 0.084000 0.018000
v 0.045000 0.084000 0.018000
v 0.045000 0.087000 0.018000
v 0.042000 0.087000 0.018000
v 0.042000 0.084000 0.015000
v 0.042000 0.087000 0.015000
v 0.045000 0.087000 0.015000
v 0.045000 0.084000 0.015000
v 0.042000 0.087000 0.015000
v 0.042000 0.087000 0.018000
v 0.042000 0.090000 0.018000
v 0.042000 0.090000 0.015000
v 0.042000 0.090000 0.015000
v 0.042000 0.090000 0.018000
v 0.045000 0.090000 0.018000
v 0.045000 0.090000 0.015000
v 0.042000 0.087000 0.018000
v 0.045000 0.087000 0.018000
v 0.045000 0.090000 0.018000
v 0.042000 0.090000 0.018000
v 0.042000 0.087000 0.015000
v 0.042000 0.090000 0.015000
v 0.045000 0.090000 0.015000
v 0.045000 0.087000 0.015000
v 0.045000 0.009000 0.015000
v 0.048000 0.009000 0.015000
v 0.048000 0.009000 0.018000
v 0.045000 0.009000 0.018000
v 0.045000 0.009000 0.018000
v 0.048000 0.009000 0.018000
v 0.048000 0.012000 0.018000
v 0.045000 0.012000 0.018000
v 0.045000 0.009000 0.015000
v 0.045000 0.012000 0.015000
v 0.048000 0.012000 0.015000
v 0.048000 0.009000 0.015000
v 0.045000 0.012000 0.018000
v 0.048000 0.012000 0.018000
v 0.048000 0.015000 0.018000
v 0.045000 0.015000 0.018000
v 0.045000 0.012000 0.015000
v 0.045000 0.015000 0.015000
v 0.048000 0.015000 0.015000
v 0.048000 0.012000 0.015000
v 0.045000 0.015000 0.012000
v 0.048000 0.015000 0.012000
v 0.048000 0.015000 0.015000
v 0.045000 0.015000 0.015000
v 0.045000 0.015000 0.012000
v 0.045000 0.018000 0.012000
v 0.048000 0.018000 0.012000
v 0.048000 0.015000 0.012000
v 0.045000 0.015000 0.018000
v 0.048000 0.015000 0.018000
v 0.048000 0.015000 0.021000
v 0.045000 0.015000 0.021000
v 0.045000 0.015000 0.021000
v 0.048000 0.015000 0.021000
v 0.048000 0.018000 0.021000
v 0.045000 0.018000 0.021000
v 0.045000 0.018000 0.012000
v 0.045000 0.021000 0.012000
v 0.048000 0.021000 0.012000
v 0.048000 0.018000 0.012000
v 0.045000 0.018000 0.021000
v 0.048000 0.018000 0.021000
v 0.048000 0.021000 0.021000
v 0.045000 0.021000 0.021000
v 0.045000 0.021000 0.012000
v 0.045000 0.024000 0.012000
v 0.048000 0.024000 0.012000
v 0.048000 0.021000 0.012000
v 0.045000 0.021000 0.021000
v 0.048000 0.021000 0.021000
v 0.048000 0.024000 0.021000
v 0.045000 0.024000 0.021000
v 0.045000 0.024000 0.012000
v 0.045000 0.027000 0.012000
v 0.048000 0.027000 0.012000
v 0.048000 0.024000 0.012000
v 0.045000 0.024000 0.021000
v 0.048000 0.024000 0.021000
v 0.048000 0.027000 0.021000
v 0.045000 0.027000 0.021000
v 0.045000 0.027000 0.012000
v 0.045000 0.030000 0.012000
v 0.048000 0.030000 0.012000
v 0.048000 0.027000 0.012000
v 0.045000 0.027000 0.021000
v 0.048000 0.027000 0.021000
v 0.048000 0.030000 0.021000
v 0.045000 0.030000 0.021000
v 0.045000 0.030000 0.012000
v 0.045000 0.033000 0.012000
v 0.048000 0.033000 0.012000
v 0.048000 0.030000 0.012000
v 0.045000 0.030000 0.021000
v 0.048000 0.030000 0.021000
v 0.048000 0.033000 0.021000
v 0.045000 0.033000 0.021000
v 0.045000 0.033000 0.012000
v 0.045000 0.036000 0.012000
v 0.048000 0.036000 0.012000
v 0.048000 0.033000 0.012000
v 0.045000 0.033000 0.021000
v 0.048000 0.033000 0.021000
v 0.048000 0.036000 0.021000
v 0.045000 0.036000 0.021000
v 0.045000 0.036000 0.012000
v 0.045000 0.039000 0.012000
v 0.048000 0.039000 0.012000
v 0.048000 0.036000 0.012000
v 0.045000 0.036000 0.021000
v 0.048000 0.036000 0.021000
v 0.048000 0.039000 0.021000
v 0.045000 0.039000 0.021000
v 0.045000 0.039000 0.012000
v 0.045000 0.042000 0.012000
v 0.048000 0.042000 0.012000
v 0.048000 0.039000 0.012000
v 0.045000 0.039000 0.021000
v 0.048000 0.039000 0.021000
v 0.048000 0.042000 0.021000
v 0.045000 0.042000 0.021000
v 0.045000 0.042000 0.012000
v 0.045000 0.045000 0.012000
v 0.048000 0.045000 0.012000
v 0.048000 0.042000 0.012000
v 0.045000 0.042000 0.021000
v 0.048000 0.042000 0.021000
v 0.048000 0.045000 0.021000
v 0.045000 0.045000 0.021000
v 0.045000 0.045000 0.012000
v 0.045000 0.048000 0.012000
v 0.048000 0.048000 0.012000
v 0.048000 0.045000 0.012000
v 0.045000 0.045000 0.021000
v 0.048000 0.045000 0.021000
v 0.048000 0.048000 0.021000
v 0.045000 0.048000 0.021000
v 0.045000 0.048000 0.012000
v 0.045000 0.051000 0.012000
v 0.048000 0.051000 0.012000
v 0.048000 0.048000 0.012000
v 0.045000 0.048000 0.021000
v 0.048000 0.048000 0.021000
v 0.048000 0.051000 0.021000
v 0.045000 0.051000 0.021000
v 0.045000 0.051000 0.012000
v 0.045000 0.054000 0.012000
v 0.048000 0.054000 0.012000
v 0.048000 0.051000 0.012000
v 0.045000 0.051000 0.021000
v 0.048000 0.051000 0.021000
v 0.048000 0.054000 0.021000
v 0.045000 0.054000 0.021000
v 0.045000 0.054000 0.012000
v 0.045000 0.057000 0.012000
v 0.048000 0.057000 0.012000
v 0.048000 0.054000 0.012000
v 0.045000 0.054000 0.021000
v 0.048000 0.054000 0.021000
v 0.048000 0.057000 0.021000
v 0.045000 0.057000 0.021000
v 0.045000 0.057000 0.012000
v 0.045000 0.060000 0.012000
v 0.048000 0.060000 0.012000
v 0.048000 0.057000 0.012000
v 0.045000 0.057000 0.021000
v 0.048000 0.057000 0.021000
v 0.048000 0.060000 0.021000
v 0.045000 0.060000 0.021000
v 0.045000 0.060000 0.012000
v 0.045000 0.063000 0.012000
v 0.048000 0.063000 0.012000
v 0.048000 0.060000 0.012000
v 0.045000 0.060000 0.021000
v 0.048000 0.060000 0.021000
v 0.048000 0.063000 0.021000
v 0.045000 0.063000 0.021000
v 0.045000 0.063000 0.012000
v 0.045000 0.066000 0.012000
v 0.048000 0.066000 0.012000
v 0.048000 0.063000 0.012000
v 0.045000 0.063000 0.021000
v 0.048000 0.063000 0.021000
v 0.048000 0.066000 0.021000
v 0.045000 0.066000 0.021000
v 0.045000 0.066000 0.012000
v 0.045000 0.069000 0.012000
v 0.048000 0.069000 0.012000
v 0.048000 0.066000 0.012000
v 0.045000 0.066000 0.021000
v 0.048000 0.066000 0.021000
v 0.048000 0.069000 0.021000
v 0.045000 0.069000 0.021000
v 0.045000 0.069000 0.012000
v 0.045000 0.072000 0.012000
v 0.048000 0.072000 0.012000
v 0.048000 0.069000 0.012000
v 0.045000 0.069000 0.021000
v 0.048000 0.069000 0.021000
v 0.048000 0.072000 0.021000
v 0.045000 0.072000 0.021000
v 0.045000 0.072000 0.012000
v 0.045000 0.075000 0.012000
v 0.048000 0.075000 0.012000
v 0.048000 0.072000 0.012000
v 0.045000 0.072000 0.021000
v 0.048000 0.072000 0.021000
v 0.048000 0.075000 0.021000
v 0.045000 0.075000 0.021000
v 0.045000 0.075000 0.012000
v 0.045000 0.078000 0.012000
v 0.048000 0.078000 0.012000
v 0.048000 0.075000 0.012000
v 0.045000 0.075000 0.021000
v 0.048000 0.075000 0.021000
v 0.048000 0.078000 0.021000
v 0.045000 0.078000 0.021000
v 0.045000 0.078000 0.012000
v 0.045000 0.081000 0.012000
v 0.048000 0.081000 0.012000
v 0.048000 0.078000 0.012000
v 0.045000 0.078000 0.021000
v 0.048000 0.078000 0.021000
v 0.048000 0.081000 0.021000
v 0.045000 0.081000 0.021000
v 0.045000 0.084000 0.012000
v 0.045000 0.084000 0.015000
v 0.048000 0.084000 0.015000
v 0.048000 0.084000 0.012000
v 0.045000 0.081000 0.012000
v 0.045000 0.084000 0.012000
v 0.048000 0.084000 0.012000
v 0.048000 0.081000 0.012000
v 0.045000 0.084000 0.018000
v 0.045000 0.084000 0.021000
v 0.048000 0.084000 0.021000
v 0.048000 0.084000 0.018000
v 0.045000 0.081000 0.021000
v 0.048000 0.081000 0.021000
v 0.048000 0.084000 0.021000
v 0.045000 0.084000 0.021000
v 0.045000 0.084000 0.018000
v 0.048000 0.084000 0.018000
v 0.048000 0.087000 0.018000
v 0.045000 0.087000 0.018000
v 0.045000 0.084000 0.015000
v 0.045000 0.087000 0.015000
v 0.048000 0.087000 0.015000
v 0.048000 0.084000 0.015000
v 0.045000 0.087000 0.018000
v 0.048000 0.087000 0.018000
v 0.048000 0.090000 0.018000
v 0.045000 0.090000 0.018000
v 0.045000 0.087000 0.015000
v 0.045000 0.090000 0.015000
v 0.048000 0.090000 0.015000
v 0.048000 0.087000 0.015000
v 0.045000 0.090000 0.015000
v 0.045000 0.090000 0.018000
v 0.045000 0.093000 0.018000
v 0.045000 0.093000 0.015000
v 0.045000 0.093000 0.015000
v 0.045000 0.093000 0.018000
v 0.048000 0.093000 0.018000
v 0.048000 0.093000 0.015000
v 0.045000 0.090000 0.018000
v 0.048000 0.090000 0.018000
v 0.048000 0.093000 0.018000
v 0.045000 0.093000 0.018000
v 0.045000 0.090000 0.015000
v 0.045000 0.093000 0.015000
v 0.048000 0.093000 0.015000
v 0.048000 0.090000 0.015000
v 0.048000 0.006000 0.015000
v 0.048000 0.006000 0.018000
v 0.048000 0.009000 0.018000
v 0.048000 0.009000 0.015000
v 0.048000 0.006000 0.015000
v 0.051000 0.006000 0.015000
v 0.051000 0.006000 0.018000
v 0.048000 0.006000 0.018000
v 0.048000 0.006000 0.018000
v 0.051000 0.006000 0.018000
v 0.051000 0.009000 0.018000
v 0.048000 0.009000 0.018000
v 0.048000 0.006000 0.015000
v 0.048000 0.009000 0.015000
v 0.051000 0.009000 0.015000
v 0.051000 0.006000 0.015000
v 0.048000 0.009000 0.018000
v 0.051000 0.009000 0.018000
v 0.051000 0.012000 0.018000
v 0.048000 0.012000 0.018000
v 0.048000 0.009000 0.015000
v 0.048000 0.012000 0.015000
v 0.051000 0.012000 0.015000
v 0.051000 0.009000 0.015000
v 0.048000 0.012000 0.015000
v 0.048000 0.015000 0.015000
v 0.051000 0.015000 0.015000
v 0.051000 0.012000 0.015000
v 0.048000 0.012000 0.018000
v 0.048000 0.012000 0.021000
v 0.048000 0.015000 0.021000
v 0.048000 0.015000 0.018000
v 0.048000 0.012000 0.018000
v 0.051000 0.012000 0.018000
v 0.051000 0.012000 0.021000
v 0.048000 0.012000 0.021000
v 0.048000 0.012000 0.021000
v 0.051000 0.012000 0.021000
v 0.051000 0.015000 0.021000
v 0.048000 0.015000 0.021000
v 0.048000 0.015000 0.012000
v 0.051000 0.015000 0.012000
v 0.051000 0.015000 0.015000
v 0.048000 0.015000 0.015000
v 0.048000 0.015000 0.012000
v 0.048000 0.018000 0.012000
v 0.051000 0.018000 0.012000
v 0.051000 0.015000 0.012000
v 0.048000 0.015000 0.021000
v 0.051000 0.015000 0.021000
v 0.051000 0.018000 0.021000
v 0.048000 0.018000 0.021000
v 0.048000 0.018000 0.012000
v 0.048000 0.021000 0.012000
v 0.051000 0.021000 0.012000
v 0.051000 0.018000 0.012000
v 0.048000 0.018000 0.021000
v 0.051000 0.018000 0.021000
v 0.051000 0.021000 0.021000
v 0.048000 0.021000 0.021000
v 0.048000 0.021000 0.012000
v 0.048000 0.024000 0.012000
v 0.051000 0.024000 0.012000
v 0.051000 0.021000 0.012000
v 0.048000 0.021000 0.021000
v 0.051000 0.021000 0.021000
v 0.051000 0.024000 0.021000
v 0.048000 0.024000 0.021000
v 0.048000 0.024000 0.012000
v 0.048000 0.027000 0.012000
v 0.051000 0.027000 0.012000
v 0.051000 0.024000 0.012000
v 0.048000 0.024000 0.021000
v 0.051000 0.024000 0.021000
v 0.051000 0.027000 0.021000
v 0.048000 0.027000 0.021000
v 0.048000 0.027000 0.012000
v 0.048000 0.030000 0.012000
v 0.051000 0.030000 0.012000
v 0.051000 0.027000 0.012000
v 0.048000 0.027000 0.021000
v 0.051000 0.027000 0.021000
v 0.051000 0.030000 0.021000
v 0.048000 0.030000 0.021000
v 0.048000 0.030000 0.012000
v 0.048000 0.033000 0.012000
v 0.051000 0.033000 0.012000
v 0.051000 0.030000 0.012000
v 0.048000 0.030000 0.021000
v 0.051000 0.030000 0.021000
v 0.051000 0.033000 0.021000
v 0.048000 0.033000 0.021000
v 0.048000 0.033000 0.012000
v 0.048000 0.036000 0.012000
v 0.051000 0.036000 0.012000
v 0.051000 0.033000 0.012000
v 0.048000 0.033000 0.021000
v 0.051000 0.033000 0.021000
v 0.051000 0.036000 0.021000
v 0.048000 0.036000 0.021000
v 0.048000 0.036000 0.012000
v 0.048000 0.039000 0.012000
v 0.051000 0.039000 0.012000
v 0.051000 0.036000 0.012000
v 0.048000 0.036000 0.021000
v 0.051000 0.036000 0.021000
v 0.051000 0.039000 0.021000
v 0.048000 0.039000 0.021000
v 0.048000 0.039000 0.012000
v 0.048000 0.042000 0.012000
v 0.051000 0.042000 0.012000
v 0.051000 0.039000 0.012000
v 0.048000 0.039000 0.021000
v 0.051000 0.039000 0.021000
v 0.051000 0.042000 0.021000
v 0.048000 0.042000 0.021000
v 0.048000 0.042000 0.012000
v 0.048000 0.045000 0.012000
v 0.051000 0.045000 0.012000
v 0.051000 0.042000 0.012000
v 0.048000 0.042000 0.021000
v 0.051000 0.042000 0.021000
v 0.051000 0.045000 0.021000
v 0.048000 0.045000 0.021000
v 0.048000 0.045000 0.012000
v 0.048000 0.048000 0.012000
v 0.051000 0.048000 0.012000
v 0.051000 0.045000 0.012000
v 0.048000 0.045000 0.021000
v 0.051000 0.045000 0.021000
v 0.051000 0.048000 0.021000
v 0.048000 0.048000 0.021000
v 0.048000 0.048000 0.012000
v 0.048000 0.051000 0.012000
v 0.051000 0.051000 0.012000
v 0.051000 0.048000 0.012000
v 0.048000 0.048000 0.021000
v 0.051000 0.048000 0.021000
v 0.051000 0.051000 0.021000
v 0.048000 0.051000 0.021000
v 0.048000 0.051000 0.012000
v 0.048000 0.054000 0.012000
v 0.051000 0.054000 0.012000
v 0.051000 0.051000 0.012000
v 0.048000 0.051000 0.021000
v 0.051000 0.051000 0.021000
v 0.051000 0.054000 0.021000
v 0.048000 0.054000 0.021000
v 0.048000 0.054000 0.012000
v 0.048000 0.057000 0.012000
v 0.051000 0.057000 0.012000
v 0.051000 0.054000 0.012000
v 0.048000 0.054000 0.021000
v 0.051000 0.054000 0.021000
v 0.051000 0.057000 0.021000
v 0.048000 0.057000 0.021000
v 0.048000 0.057000 0.012000
v 0.048000 0.060000 0.012000
v 0.051000 0.060000 0.012000
v 0.051000 0.057000 0.012000
v 0.048000 0.057000 0.021000
v 0.051000 0.057000 0.021000
v 0.051000 0.060000 0.021000
v 0.048000 0.060000 0.021000
v 0.048000 0.060000 0.012000
v 0.048000 0.063000 0.012000
v 0.051000 0.063000 0.012000
v 0.051000 0.060000 0.012000
v 0.048000 0.060000 0.021000
v 0.051000 0.060000 0.021000
v 0.051000 0.063000 0.021000
v 0.048000 0.063000 0.021000
v 0.048000 0.063000 0.012000
v 0.048000 0.066000 0.012000
v 0.051000 0.066000 0.012000
v 0.051000 0.063000 0.012000
v 0.048000 0.063000 0.021000
v 0.051000 0.063000 0.021000
v 0.051000 0.066000 0.021000
v 0.048000 0.066000 0.021000
v 0.048000 0.066000 0.012000
v 0.048000 0.069000 0.012000
v 0.051000 0.069000 0.012000
v 0.051000 0.066000 0.012000
v 0.048000 0.066000 0.021000
v 0.051000 0.066000 0.021000
v 0.051000 0.069000 0.021000
v 0.048000 0.069000 0.021000
v 0.048000 0.069000 0.012000
v 0.048000 0.072000 0.012000
v 0.051000 0.072000 0.012000
v 0.051000 0.069000 0.012000
v 0.048000 0.069000 0.021000
v 0.051000 0.069000 0.021000
v 0.051000 0.072000 0.021000
v 0.048000 0.072000 0.021000
v 0.048000 0.072000 0.012000
v 0.048000 0.075000 0.012000
v 0.051000 0.075000 0.012000
v 0.051000 0.072000 0.012000
v 0.048000 0.072000 0.021000
v 0.051000 0.072000 0.021000
v 0.051000 0.075000 0.021000
v 0.048000 0.075000 0.021000
v 0.048000 0.075000 0.012000
v 0.048000 0.078000 0.012000
v 0.051000 0.078000 0.012000
v 0.051000 0.075000 0.012000
v 0.048000 0.075000 0.021000
v 0.051000 0.075000 0.021000
v 0.051000 0.078000 0.021000
v 0.048000 0.078000 0.021000
v 0.048000 0.078000 0.012000
v 0.048000 0.081000 0.012000
v 0.051000 0.081000 0.012000
v 0.051000 0.078000 0.012000
v 0.048000 0.078000 0.021000
v 0.051000 0.078000 0.021000
v 0.051000 0.081000 0.021000
v 0.048000 0.081000 0.021000
v 0.048000 0.081000 0.012000
v 0.048000 0.084000 0.012000
v 0.051000 0.084000 0.012000
v 0.051000 0.081000 0.012000
v 0.048000 0.081000 0.021000
v 0.051000 0.081000 0.021000
v 0.051000 0.084000 0.021000
v 0.048000 0.084000 0.021000
v 0.048000 0.084000 0.012000
v 0.048000 0.084000 0.015000
v 0.048000 0.087000 0.015000
v 0.048000 0.087000 0.012000
v 0.048000 0.087000 0.012000
v 0.048000 0.087000 0.015000
v 0.051000 0.087000 0.015000
v 0.051000 0.087000 0.012000
v 0.048000 0.084000 0.012000
v 0.048000 0.087000 0.012000
v 0.051000 0.087000 0.012000
v 0.051000 0.084000 0.012000
v 0.048000 0.084000 0.018000
v 0.048000 0.084000 0.021000
v 0.048000 0.087000 0.021000
v 0.048000 0.087000 0.018000
v 0.048000 0.087000 0.018000
v 0.048000 0.087000 0.021000
v 0.051000 0.087000 0.021000
v 0.051000 0.087000 0.018000
v 0.048000 0.084000 0.021000
v 0.051000 0.084000 0.021000
v 0.051000 0.087000 0.021000
v 0.048000 0.087000 0.021000
v 0.048000 0.087000 0.018000
v 0.051000 0.087000 0.018000
v 0.051000 0.090000 0.018000
v 0.048000 0.090000 0.018000
v 0.048000 0.087000 0.015000
v 0.048000 0.090000 0.015000
v 0.051000 0.090000 0.015000
v 0.051000 0.087000 0.015000
v 0.048000 0.093000 0.015000
v 0.048000 0.093000 0.018000
v 0.051000 0.093000 0.018000
v 0.051000 0.093000 0.015000
v 0.048000 0.090000 0.018000
v 0.051000 0.090000 0.018000
v 0.051000 0.093000 0.018000
v 0.048000 0.093000 0.018000
v 0.048000 0.090000 0.015000
v 0.048000 0.093000 0.015000
v 0.051000 0.093000 0.015000
v 0.051000 0.090000 0.015000
v 0.051000 0.006000 0.015000
v 0.054000 0.006000 0.015000
v 0.054000 0.006000 0.018000
v 0.051000 0.006000 0.018000
v 0.051000 0.006000 0.018000
v 0.054000 0.006000 0.018000
v 0.054000 0.009000 0.018000
v 0.051000 0.009000 0.018000
v 0.051000 0.006000 0.015000
v 0.051000 0.009000 0.015000
v 0.054000 0.009000 0.015000
v 0.054000 0.006000 0.015000
v 0.051000 0.009000 0.018000
v 0.054000 0.009000 0.018000
v 0.054000 0.012000 0.018000
v 0.051000 0.012000 0.018000
v 0.051000 0.009000 0.015000
v 0.051000 0.012000 0.015000
v 0.054000 0.012000 0.015000
v 0.054000 0.009000 0.015000
v 0.051000 0.012000 0.012000
v 0.051000 0.012000 0.015000
v 0.051000 0.015000 0.015000
v 0.051000 0.015000 0.012000
v 0.051000 0.012000 0.012000
v 0.054000 0.012000 0.012000
v 0.054000 0.012000 0.015000
v 0.051000 0.012000 0.015000
v 0.051000 0.012000 0.012000
v 0.051000 0.015000 0.012000
v 0.054000 0.015000 0.012000
v 0.054000 0.012000 0.012000
v 0.051000 0.012000 0.018000
v 0.054000 0.012000 0.018000
v 0.054000 0.012000 0.021000
v 0.051000 0.012000 0.021000
v 0.051000 0.012000 0.021000
v 0.054000 0.012000 0.021000
v 0.054000 0.015000 0.021000
v 0.051000 0.015000 0.021000
v 0.051000 0.015000 0.012000
v 0.051000 0.018000 0.012000
v 0.054000 0.018000 0.012000
v 0.054000 0.015000 0.012000
v 0.051000 0.015000 0.021000
v 0.054000 0.015000 0.021000
v 0.054000 0.018000 0.021000
v 0.051000 0.018000 0.021000
v 0.051000 0.018000 0.012000
v 0.051000 0.021000 0.012000
v 0.054000 0.021000 0.012000
v 0.054000 0.018000 0.012000
v 0.051000 0.018000 0.021000
v 0.054000 0.018000 0.021000
v 0.054000 0.021000 0.021000
v 0.051000 0.021000 0.021000
v 0.051000 0.021000 0.012000
v 0.051000 0.024000 0.012000
v 0.054000 0.024000 0.012000
v 0.054000 0.021000 0.012000
v 0.051000 0.021000 0.021000
v 0.054000 0.021000 0.021000
v 0.054000 0.024000 0.021000
v 0.051000 0.024000 0.021000
v 0.051000 0.024000 0.012000
v 0.051000 0.027000 0.012000
v 0.054000 0.027000 0.012000
v 0.054000 0.024000 0.012000
v 0.051000 0.024000 0.021000
v 0.054000 0.024000 0.021000
v 0.054000 0.027000 0.021000
v 0.051000 0.027000 0.021000
v 0.051000 0.027000 0.012000
v 0.051000 0.030000 0.012000
v 0.054000 0.030000 0.012000
v 0.054000 0.027000 0.012000
v 0.051000 0.027000 0.021000
v 0.054000 0.027000 0.021000
v 0.054000 0.030000 0.021000
v 0.051000 0.030000 0.021000
v 0.051000 0.030000 0.012000
v 0.051000 0.033000 0.012000
v 0.054000 0.033000 0.012000
v 0.054000 0.030000 0.012000
v 0.051000 0.030000 0.021000
v 0.054000 0.030000 0.021000
v 0.054000 0.033000 0.021000
v 0.051000 0.033000 0.021000
v 0.051000 0.033000 0.012000
v 0.051000 0.036000 0.012000
v 0.054000 0.036000 0.012000
v 0.054000 0.033000 0.012000
v 0.051000 0.033000 0.021000
v 0.054000 0.033000 0.021000
v 0.054000 0.036000 0.021000
v 0.051000 0.036000 0.021000
v 0.051000 0.036000 0.012000
v 0.051000 0.039000 0.012000
v 0.054000 0.039000 0.012000
v 0.054000 0.036000 0.012000
v 0.051000 0.036000 0.021000
v 0.054000 0.036000 0.021000
v 0.054000 0.039000 0.021000
v 0.051000 0.039000 0.021000
v 0.051000 0.039000 0.012000
v 0.051000 0.042000 0.012000
v 0.054000 0.042000 0.012000
v 0.054000 0.039000 0.012000
v 0.051000 0.039000 0.021000
v 0.054000 0.039000 0.021000
v 0.054000 0.042000 0.021000
v 0.051000 0.042000 0.021000
v 0.051000 0.042000 0.012000
v 0.051000 0.045000 0.012000
v 0.054000 0.045000 0.012000
v 0.054000 0.042000 0.012000
v 0.051000 0.042000 0.021000
v 0.054000 0.042000 0.021000
v 0.054000 0.045000 0.021000
v 0.051000 0.045000 0.021000
v 0.051000 0.045000 0.012000
v 0.051000 0.048000 0.012000
v 0.054000 0.048000 0.012000
v 0.054000 0.045000 0.012000
v 0.051000 0.045000 0.021000
v 0.054000 0.045000 0.021000
v 0.054000 0.048000 0.021000
v 0.051000 0.048000 0.021000
v 0.051000 0.048000 0.012000
v 0.051000 0.051000 0.012000
v 0.054000 0.051000 0.012000
v 0.054000 0.048000 0.012000
v 0.051000 0.048000 0.021000
v 0.054000 0.048000 0.021000
v 0.054000 0.051000 0.021000
v 0.051000 0.051000 0.021000
v 0.051000 0.051000 0.012000
v 0.051000 0.054000 0.012000
v 0.054000 0.054000 0.012000
v 0.054000 0.051000 0.012000
v 0.051000 0.051000 0.021000
v 0.054000 0.051000 0.021000
v 0.054000 0.054000 0.021000
v 0.051000 0.054000 0.021000
v 0.051000 0.054000 0.012000
v 0.051000 0.057000 0.012000
v 0.054000 0.057000 0.012000
v 0.054000 0.054000 0.012000
v 0.051000 0.054000 0.021000
v 0.054000 0.054000 0.021000
v 0.054000 0.057000 0.021000
v 0.051000 0.057000 0.021000
v 0.051000 0.057000 0.012000
v 0.051000 0.060000 0.012000
v 0.054000 0.060000 0.012000
v 0.054000 0.057000 0.012000
v 0.051000 0.057000 0.021000
v 0.054000 0.057000 0.021000
v 0.054000 0.060000 0.021000
v 0.051000 0.060000 0.021000
v 0.051000 0.060000 0.012000
v 0.051000 0.063000 0.012000
v 0.054000 0.063000 0.012000
v 0.054000 0.060000 0.012000
v 0.051000 0.060000 0.021000
v 0.054000 0.060000 0.021000
v 0.054000 0.063000 0.021000
v 0.051000 0.063000 0.021000
v 0.051000 0.063000 0.012000
v 0.051000 0.066000 0.012000
v 0.054000 0.066000 0.012000
v 0.054000 0.063000 0.012000
v 0.051000 0.063000 0.021000
v 0.054000 0.063000 0.021000
v 0.054000 0.066000 0.021000
v 0.051000 0.066000 0.021000
v 0.051000 0.066000 0.012000
v 0.051000 0.069000 0.012000
v 0.054000 0.069000 0.012000
v 0.054000 0.066000 0.012000
v 0.051000 0.066000 0.021000
v 0.054000 0.066000 0.021000
v 0.054000 0.069000 0.021000
v 0.051000 0.069000 0.021000
v 0.051000 0.069000 0.012000
v 0.051000 0.072000 0.012000
v 0.054000 0.072000 0.012000
v 0.054000 0.069000 0.012000
v 0.051000 0.069000 0.021000
v 0.054000 0.069000 0.021000
v 0.054000 0.072000 0.021000
v 0.051000 0.072000 0.021000
v 0.051000 0.072000 0.012000
v 0.051000 0.075000 0.012000
v 0.054000 0.075000 0.012000
v 0.054000 0.072000 0.012000
v 0.051000 0.072000 0.021000
v 0.054000 0.072000 0.021000
v 0.054000 0.075000 0.021000
v 0.051000 0.075000 0.021000
v 0.051000 0.075000 0.012000
v 0.051000 0.078000 0.012000
v 0.054000 0.078000 0.012000
v 0.054000 0.075000 0.012000
v 0.051000 0.075000 0.021000
v 0.054000 0.075000 0.021000
v 0.054000 0.078000 0.021000
v 0.051000 0.078000 0.021000
v 0.051000 0.078000 0.012000
v 0.051000 0.081000 0.012000
v 0.054000 0.081000 0.012000
v 0.054000 0.078000 0.012000
v 0.051000 0.078000 0.021000
v 0.054000 0.078000 0.021000
v 0.054000 0.081000 0.021000
v 0.051000 0.081000 0.021000
v 0.051000 0.081000 0.012000
v 0.051000 0.084000 0.012000
v 0.054000 0.084000 0.012000
v 0.054000 0.081000 0.012000
v 0.051000 0.081000 0.021000
v 0.054000 0.081000 0.021000
v 0.054000 0.084000 0.021000
v 0.051000 0.084000 0.021000
v 0.051000 0.087000 0.012000
v 0.051000 0.087000 0.015000
v 0.054000 0.087000 0.015000
v 0.054000 0.087000 0.012000
v 0.051000 0.084000 0.012000
v 0.051000 0.087000 0.012000
v 0.054000 0.087000 0.012000
v 0.054000 0.084000 0.012000
v 0.051000 0.087000 0.018000
v 0.051000 0.087000 0.021000
v 0.054000 0.087000 0.021000
v 0.054000 0.087000 0.018000
v 0.051000 0.084000 0.021000
v 0.054000 0.084000 0.021000
v 0.054000 0.087000 0.021000
v 0.051000 0.087000 0.021000
v 0.051000 0.087000 0.018000
v 0.054000 0.087000 0.018000
v 0.054000 0.090000 0.018000
v 0.051000 0.090000 0.018000
v 0.051000 0.087000 0.015000
v 0.051000 0.090000 0.015000
v 0.054000 0.090000 0.015000
v 0.054000 0.087000 0.015000
v 0.051000 0.090000 0.018000
v 0.054000 0.090000 0.018000
v 0.054000 0.093000 0.018000
v 0.051000 0.093000 0.018000
v 0.051000 0.090000 0.015000
v 0.051000 0.093000 0.015000
v 0.054000 0.093000 0.015000
v 0.054000 0.090000 0.015000
v 0.051000 0.093000 0.015000
v 0.051000 0.093000 0.018000
v 0.051000 0.096000 0.018000
v 0.051000 0.096000 0.015000
v 0.051000 0.096000 0.015000
v 0.051000 0.096000 0.018000
v 0.054000 0.096000 0.018000
v 0.054000 0.096000 0.015000
v 0.051000 0.093000 0.018000
v 0.054000 0.093000 0.018000
v 0.054000 0.096000 0.018000
v 0.051000 0.096000 0.018000
v 0.051000 0.093000 0.015000
v 0.051000 0.096000 0.015000
v 0.054000 0.096000 0.015000
v 0.054000 0.093000 0.015000
v 0.054000 0.003000 0.015000
v 0.054000 0.003000 0.018000
v 0.054000 0.006000 0.018000
v 0.054000 0.006000 0.015000
v 0.054000 0.003000 0.015000
v 0.057000 0.003000 0.015000
v 0.057000 0.003000 0.018000
v 0.054000 0.003000 0.018000
v 0.054000 0.003000 0.018000
v 0.057000 0.003000 0.018000
v 0.057000 0.006000 0.018000
v 0.054000 0.006000 0.018000
v 0.054000 0.003000 0.015000
v 0.054000 0.006000 0.015000
v 0.057000 0.006000 0.015000
v 0.057000 0.003000 0.015000
v 0.054000 0.006000 0.018000
v 0.057000 0.006000 0.018000
v 0.057000 0.009000 0.018000
v 0.054000 0.009000 0.018000
v 0.054000 0.006000 0.015000
v 0.054000 0.009000 0.015000
v 0.057000 0.009000 0.015000
v 0.057000 0.006000 0.015000
v 0.054000 0.009000 0.018000
v 0.057000 0.009000 0.018000
v 0.057000 0.012000 0.018000
v 0.054000 0.012000 0.018000
v 0.054000 0.009000 0.015000
v 0.054000 0.012000 0.015000
v 0.057000 0.012000 0.015000
v 0.057000 0.009000 0.015000
v 0.054000 0.012000 0.012000
v 0.057000 0.012000 0.012000
v 0.057000 0.012000 0.015000
v 0.054000 0.012000 0.015000
v 0.054000 0.012000 0.012000
v 0.054000 0.015000 0.012000
v 0.057000 0.015000 0.012000
v 0.057000 0.012000 0.012000
v 0.054000 0.012000 0.018000
v 0.057000 0.012000 0.018000
v 0.057000 0.012000 0.021000
v 0.054000 0.012000 0.021000
v 0.054000 0.012000 0.021000
v 0.057000 0.012000 0.021000
v 0.057000 0.015000 0.021000
v 0.054000 0.015000 0.021000
v 0.054000 0.015000 0.012000
v 0.054000 0.018000 0.012000
v 0.057000 0.018000 0.012000
v 0.057000 0.015000 0.012000
v 0.054000 0.015000 0.021000
v 0.057000 0.015000 0.021000
v 0.057000 0.018000 0.021000
v 0.054000 0.018000 0.021000
v 0.054000 0.018000 0.012000
v 0.054000 0.021000 0.012000
v 0.057000 0.021000 0.012000
v 0.057000 0.018000 0.012000
v 0.054000 0.018000 0.021000
v 0.057000 0.018000 0.021000
v 0.057000 0.021000 0.021000
v 0.054000 0.021000 0.021000
v 0.054000 0.021000 0.012000
v 0.054000 0.024000 0.012000
v 0.057000 0.024000 0.012000
v 0.057000 0.021000 0.012000
v 0.054000 0.021000 0.021000
v 0.057000 0.021000 0.021000
v 0.057000 0.024000 0.021000
v 0.054000 0.024000 0.021000
v 0.054000 0.024000 0.012000
v 0.054000 0.027000 0.012000
v 0.057000 0.027000 0.012000
v 0.057000 0.024000 0.012000
v 0.054000 0.024000 0.021000
v 0.057000 0.024000 0.021000
v 0.057000 0.027000 0.021000
v 0.054000 0.027000 0.021000
v 0.054000 0.027000 0.012000
v 0.054000 0.030000 0.012000
v 0.057000 0.030000 0.012000
v 0.057000 0.027000 0.012000
v 0.054000 0.027000 0.021000
v 0.057000 0.027000 0.021000
v 0.057000 0.030000 0.021000
v 0.054000 0.030000 0.021000
v 0.054000 0.030000 0.012000
v 0.054000 0.033000 0.012000
v 0.057000 0.033000 0.012000
v 0.057000 0.030000 0.012000
v 0.054000 0.030000 0.021000
v 0.057000 0.030000 0.021000
v 0.057000 0.033000 0.021000
v 0.054000 0.033000 0.021000
v 0.054000 0.033000 0.012000
v 0.054000 0.036000 0.012000
v 0.057000 0.036000 0.012000
v 0.057000 0.033000 0.012000
v 0.054000 0.033000 0.021000
v 0.057000 0.033000 0.021000
v 0.057000 0.036000 0.021000
v 0.054000 0.036000 0.021000
v 0.054000 0.036000 0.012000
v 0.054000 0.039000 0.012000
v 0.057000 0.039000 0.012000
v 0.057000 0.036000 0.012000
v 0.054000 0.036000 0.021000
v 0.057000 0.036000 0.021000
v 0.057000 0.039000 0.021000
v 0.054000 0.039000 0.021000
v 0.054000 0.039000 0.012000
v 0.054000 0.042000 0.012000
v 0.057000 0.042000 0.012000
v 0.057000 0.039000 0.012000
v 0.054000 0.039000 0.021000
v 0.057000 0.039000 0.021000
v 0.057000 0.042000 0.021000
v 0.054000 0.042000 0.021000
v 0.054000 0.042000 0.012000
v 0.054000 0.045000 0.012000
v 0.057000 0.045000 0.012000
v 0.057000 0.042000 0.012000
v 0.054000 0.042000 0.021000
v 0.057000 0.042000 0.021000
v 0.057000 0.045000 0.021000
v 0.054000 0.045000 0.021000
v 0.054000 0.045000 0.012000
v 0.054000 0.048000 0.012000
v 0.057000 0.048000 0.012000
v 0.057000 0.045000 0.012000
v 0.054000 0.045000 0.021000
v 0.057000 0.045000 0.021000
v 0.057000 0.048000 0.021000
v 0.054000 0.048000 0.021000
v 0.054000 0.048000 0.012000
v 0.054000 0.051000 0.012000
v 0.057000 0.051000 0.012000
v 0.057000 0.048000 0.012000
v 0.054000 0.048000 0.021000
v 0.057000 0.048000 0.021000
v 0.057000 0.051000 0.021000
v 0.054000 0.051000 0.021000
v 0.054000 0.051000 0.012000
v 0.054000 0.054000 0.012000
v 0.057000 0.054000 0.012000
v 0.057000 0.051000 0.012000
v 0.054000 0.051000 0.021000
v 0.057000 0.051000 0.021000
v 0.057000 0.054000 0.021000
v 0.054000 0.054000 0.021000
v 0.054000 0.054000 0.012000
v 0.054000 0.057000 0.012000
v 0.057000 0.057000 0.012000
v 0.057000 0.054000 0.012000
v 0.054000 0.054000 0.021000
v 0.057000 0.054000 0.021000
v 0.057000 0.057000 0.021000
v 0.054000 0.057000 0.021000
v 0.054000 0.057000 0.012000
v 0.054000 0.060000 0.012000
v 0.057000 0.060000 0.012000
v 0.057000 0.057000 0.012000
v 0.054000 0.057000 0.021000
v 0.057000 0.057000 0.021000
v 0.057000 0.060000 0.021000
v 0.054000 0.060000 0.021000
v 0.054000 0.060000 0.012000
v 0.054000 0.063000 0.012000
v 0.057000 0.063000 0.012000
v 0.057000 0.060000 0.012000
v 0.054000 0.060000 0.021000
v 0.057000 0.060000 0.021000
v 0.057000 0.063000 0.021000
v 0.054000 0.063000 0.021000
v 0.054000 0.063000 0.012000
v 0.054000 0.066000 0.012000
v 0.057000 0.066000 0.012000
v 0.057000 0.063000 0.012000
v 0.054000 0.063000 0.021000
v 0.057000 0.063000 0.021000
v 0.057000 0.066000 0.021000
v 0.054000 0.066000 0.021000
v 0.054000 0.066000 0.012000
v 0.054000 0.069000 0.012000
v 0.057000 0.069000 0.012000
v 0.057000 0.066000 0.012000
v 0.054000 0.066000 0.021000
v 0.057000 0.066000 0.021000
v 0.057000 0.069000 0.021000
v 0.054000 0.069000 0.021000
v 0.054000 0.069000 0.012000
v 0.054000 0.072000 0.012000
v 0.057000 0.072000 0.012000
v 0.057000 0.069000 0.012000
v 0.054000 0.069000 0.021000
v 0.057000 0.069000 0.021000
v 0.057000 0.072000 0.021000
v 0.054000 0.072000 0.021000
v 0.054000 0.072000 0.012000
v 0.054000 0.075000 0.012000
v 0.057000 0.075000 0.012000
v 0.057000 0.072000 0.012000
v 0.054000 0.072000 0.021000
v 0.057000 0.072000 0.021000
v 0.057000 0.075000 0.021000
v 0.054000 0.075000 0.021000
v 0.054000 0.075000 0.012000
v 0.054000 0.078000 0.012000
v 0.057000 0.078000 0.012000
v 0.057000 0.075000 0.012000
v 0.054000 0.075000 0.021000
v 0.057000 0.075000 0.021000
v 0.057000 0.078000 0.021000
v 0.054000 0.078000 0.021000
v 0.054000 0.078000 0.012000
v 0.054000 0.081000 0.012000
v 0.057000 0.081000 0.012000
v 0.057000 0.078000 0.012000
v 0.054000 0.078000 0.021000
v 0.057000 0.078000 0.021000
v 0.057000 0.081000 0.021000
v 0.054000 0.081000 0.021000
v 0.054000 0.081000 0.012000
v 0.054000 0.084000 0.012000
v 0.057000 0.084000 0.012000
v 0.057000 0.081000 0.012000
v 0.054000 0.081000 0.021000
v 0.057000 0.081000 0.021000
v 0.057000 0.084000 0.021000
v 0.054000 0.084000 0.021000
v 0.054000 0.087000 0.012000
v 0.054000 0.087000 0.015000
v 0.057000 0.087000 0.015000
v 0.057000 0.087000 0.012000
v 0.054000 0.084000 0.012000
v 0.054000 0.087000 0.012000
v 0.057000 0.087000 0.012000
v 0.057000 0.084000 0.012000
v 0.054000 0.087000 0.018000
v 0.054000 0.087000 0.021000
v 0.057000 0.087000 0.021000
v 0.057000 0.087000 0.018000
v 0.054000 0.084000 0.021000
v 0.057000 0.084000 0.021000
v 0.057000 0.087000 0.021000
v 0.054000 0.087000 0.021000
v 0.054000 0.087000 0.018000
v 0.057000 0.087000 0.018000
v 0.057000 0.090000 0.018000
v 0.054000 0.090000 0.018000
v 0.054000 0.087000 0.015000
v 0.054000 0.090000 0.015000
v 0.057000 0.090000 0.015000
v 0.057000 0.087000 0.015000
v 0.054000 0.090000 0.018000
v 0.057000 0.090000 0.018000
v 0.057000 0.093000 0.018000
v 0.054000 0.093000 0.018000
v 0.054000 0.090000 0.015000
v 0.054000 0.093000 0.015000
v 0.057000 0.093000 0.015000
v 0.057000 0.090000 0.015000
v 0.054000 0.096000 0.015000
v 0.054000 0.096000 0.018000
v 0.057000 0.096000 0.018000
v 0.057000 0.096000 0.015000
v 0.054000 0.093000 0.018000
v 0.057000 0.093000 0.018000
v 0.057000 0.096000 0.018000
v 0.054000 0.096000 0.018000
v 0.054000 0.093000 0.015000
v 0.054000 0.096000 0.015000
v 0.057000 0.096000 0.015000
v 0.057000 0.093000 0.015000
v 0.057000 0.003000 0.015000
v 0.060000 0.003000 0.015000
v 0.060000 0.003000 0.018000
v 0.057000 0.003000 0.018000
v 0.057000 0.003000 0.018000
v 0.060000 0.003000 0.018000
v 0.060000 0.006000 0.018000
v 0.057000 0.006000 0.018000
v 0.057000 0.003000 0.015000
v 0.057000 0.006000 0.015000
v 0.060000 0.006000 0.015000
v 0.060000 0.003000 0.015000
v 0.057000 0.006000 0.018000
v 0.060000 0.006000 0.018000
v 0.060000 0.009000 0.018000
v 0.057000 0.009000 0.018000
v 0.057000 0.006000 0.015000
v 0.057000 0.009000 0.015000
v 0.060000 0.009000 0.015000
v 0.060000 0.006000 0.015000
v 0.057000 0.009000 0.015000
v 0.057000 0.012000 0.015000
v 0.060000 0.012000 0.015000
v 0.060000 0.009000 0.015000
v 0.057000 0.009000 0.018000
v 0.057000 0.009000 0.021000
v 0.057000 0.012000 0.021000
v 0.057000 0.012000 0.018000
v 0.057000 0.009000 0.018000
v 0.060000 0.009000 0.018000
v 0.060000 0.009000 0.021000
v 0.057000 0.009000 0.021000
v 0.057000 0.009000 0.021000
v 0.060000 0.009000 0.021000
v 0.060000 0.012000 0.021000
v 0.057000 0.012000 0.021000
v 0.057000 0.012000 0.012000
v 0.060000 0.012000 0.012000
v 0.060000 0.012000 0.015000
v 0.057000 0.012000 0.015000
v 0.057000 0.012000 0.012000
v 0.057000 0.015000 0.012000
v 0.060000 0.015000 0.012000
v 0.060000 0.012000 0.012000
v 0.057000 0.012000 0.021000
v 0.060000 0.012000 0.021000
v 0.060000 0.015000 0.021000
v 0.057000 0.015000 0.021000
v 0.057000 0.015000 0.012000
v 0.057000 0.018000 0.012000
v 0.060000 0.018000 0.012000
v 0.060000 0.015000 0.012000
v 0.057000 0.015000 0.021000
v 0.060000 0.015000 0.021000
v 0.060000 0.018000 0.021000
v 0.057000 0.018000 0.021000
v 0.057000 0.018000 0.012000
v 0.057000 0.021000 0.012000
v 0.060000 0.021000 0.012000
v 0.060000 0.018000 0.012000
v 0.057000 0.018000 0.021000
v 0.060000 0.018000 0.021000
v 0.060000 0.021000 0.021000
v 0.057000 0.021000 0.021000
v 0.057000 0.021000 0.012000
v 0.057000 0.024000 0.012000
v 0.060000 0.024000 0.012000
v 0.060000 0.021000 0.012000
v 0.057000 0.021000 0.021000
v 0.060000 0.021000 0.021000
v 0.060000 0.024000 0.021000
v 0.057000 0.024000 0.021000
v 0.057000 0.024000 0.012000
v 0.057000 0.027000 0.012000
v 0.060000 0.027000 0.012000
v 0.060000 0.024000 0.012000
v 0.057000 0.024000 0.021000
v 0.060000 0.024000 0.021000
v 0.060000 0.027000 0.021000
v 0.057000 0.027000 0.021000
v 0.057000 0.027000 0.012000
v 0.057000 0.030000 0.012000
v 0.060000 0.030000 0.012000
v 0.060000 0.027000 0.012000
v 0.057000 0.027000 0.021000
v 0.060000 0.027000 0.021000
v 0.060000 0.030000 0.021000
v 0.057000 0.030000 0.021000
v 0.057000 0.030000 0.012000
v 0.057000 0.033000 0.012000
v 0.060000 0.033000 0.012000
v 0.060000 0.030000 0.012000
v 0.057000 0.030000 0.021000
v 0.060000 0.030000 0.021000
v 0.060000 0.033000 0.021000
v 0.057000 0.033000 0.021000
v 0.057000 0.033000 0.012000
v 0.057000 0.036000 0.012000
v 0.060000 0.036000 0.012000
v 0.060000 0.033000 0.012000
v 0.057000 0.033000 0.021000
v 0.060000 0.033000 0.021000
v 0.060000 0.036000 0.021000
v 0.057000 0.036000 0.021000
v 0.057000 0.036000 0.012000
v 0.057000 0.039000 0.012000
v 0.060000 0.039000 0.012000
v 0.060000 0.036000 0.012000
v 0.057000 0.036000 0.021000
v 0.060000 0.036000 0.021000
v 0.060000 0.039000 0.021000
v 0.057000 0.039000 0.021000
v 0.057000 0.039000 0.012000
v 0.057000 0.042000 0.012000
v 0.060000 0.042000 0.012000
v 0.060000 0.039000 0.012000
v 0.057000 0.039000 0.021000
v 0.060000 0.039000 0.021000
v 0.060000 0.042000 0.021000
v 0.057000 0.042000 0.021000
v 0.057000 0.042000 0.012000
v 0.057000 0.045000 0.012000
v 0.060000 0.045000 0.012000
v 0.060000 0.042000 0.012000
v 0.057000 0.042000 0.021000
v 0.060000 0.042000 0.021000
v 0.060000 0.045000 0.021000
v 0.057000 0.045000 0.021000
v 0.057000 0.045000 0.012000
v 0.057000 0.048000 0.012000
v 0.060000 0.048000 0.012000
v 0.060000 0.045000 0.012000
v 0.057000 0.045000 0.021000
v 0.060000 0.045000 0.021000
v 0.060000 0.048000 0.021000
v 0.057000 0.048000 0.021000
v 0.057000 0.048000 0.012000
v 0.057000 0.051000 0.012000
v 0.060000 0.051000 0.012000
v 0.060000 0.048000 0.012000
v 0.057000 0.048000 0.021000
v 0.060000 0.048000 0.021000
v 0.060000 0.051000 0.021000
v 0.057000 0.051000 0.021000
v 0.057000 0.051000 0.012000
v 0.057000 0.054000 0.012000
v 0.060000 0.054000 0.012000
v 0.060000 0.051000 0.012000
v 0.057000 0.051000 0.021000
v 0.060000 0.051000 0.021000
v 0.060000 0.054000 0.021000
v 0.057000 0.054000 0.021000
v 0.057000 0.054000 0.012000
v 0.057000 0.057000 0.012000
v 0.060000 0.057000 0.012000
v 0.060000 0.054000 0.012000
v 0.057000 0.054000 0.021000
v 0.060000 0.054000 0.021000
v 0.060000 0.057000 0.021000
v 0.057000 0.057000 0.021000
v 0.057000 0.057000 0.012000
v 0.057000 0.060000 0.012000
v 0.060000 0.060000 0.012000
v 0.060000 0.057000 0.012000
v 0.057000 0.057000 0.021000
v 0.060000 0.057000 0.021000
v 0.060000 0.060000 0.021000
v 0.057000 0.060000 0.021000
v 0.057000 0.060000 0.012000
v 0.057000 0.063000 0.012000
v 0.060000 0.063000 0.012000
v 0.060000 0.060000 0.012000
v 0.057000 0.060000 0.021000
v 0.060000 0.060000 0.021000
v 0.060000 0.063000 0.021000
v 0.057000 0.063000 0.021000
v 0.057000 0.063000 0.012000
v 0.057000 0.066000 0.012000
v 0.060000 0.066000 0.012000
v 0.060000 0.063000 0.012000
v 0.057000 0.063000 0.021000
v 0.060000 0.063000 0.021000
v 0.060000 0.066000 0.021000
v 0.057000 0.066000 0.021000
v 0.057000 0.066000 0.012000
v 0.057000 0.069000 0.012000
v 0.060000 0.069000 0.012000
v 0.060000 0.066000 0.012000
v 0.057000 0.066000 0.021000
v 0.060000 0.066000 0.021000
v 0.060000 0.069000 0.021000
v 0.057000 0.069000 0.021000
v 0.057000 0.069000 0.012000
v 0.057000 0.072000 0.012000
v 0.060000 0.072000 0.012000
v 0.060000 0.069000 0.012000
v 0.057000 0.069000 0.021000
v 0.060000 0.069000 0.021000
v 0.060000 0.072000 0.021000
v 0.057000 0.072000 0.021000
v 0.057000 0.072000 0.012000
v 0.057000 0.075000 0.012000
v 0.060000 0.075000 0.012000
v 0.060000 0.072000 0.012000
v 0.057000 0.072000 0.021000
v 0.060000 0.072000 0.021000
v 0.060000 0.075000 0.021000
v 0.057000 0.075000 0.021000
v 0.057000 0.075000 0.012000
v 0.057000 0.078000 0.012000
v 0.060000 0.078000 0.012000
v 0.060000 0.075000 0.012000
v 0.057000 0.075000 0.021000
v 0.060000 0.075000 0.021000
v 0.060000 0.078000 0.021000
v 0.057000 0.078000 0.021000
v 0.057000 0.078000 0.012000
v 0.057000 0.081000 0.012000
v 0.060000 0.081000 0.012000
v 0.060000 0.078000 0.012000
v 0.057000 0.078000 0.021000
v 0.060000 0.078000 0.021000
v 0.060000 0.081000 0.021000
v 0.057000 0.081000 0.021000
v 0.057000 0.081000 0.012000
v 0.057000 0.084000 0.012000
v 0.060000 0.084000 0.012000
v 0.060000 0.081000 0.012000
v 0.057000 0.081000 0.021000
v 0.060000 0.081000 0.021000
v 0.060000 0.084000 0.021000
v 0.057000 0.084000 0.021000
v 0.057000 0.084000 0.012000
v 0.057000 0.087000 0.012000
v 0.060000 0.087000 0.012000
v 0.060000 0.084000 0.012000
v 0.057000 0.084000 0.021000
v 0.060000 0.084000 0.021000
v 0.060000 0.087000 0.021000
v 0.057000 0.087000 0.021000
v 0.057000 0.087000 0.012000
v 0.057000 0.087000 0.015000
v 0.057000 0.090000 0.015000
v 0.057000 0.090000 0.012000
v 0.057000 0.090000 0.012000
v 0.057000 0.090000 0.015000
v 0.060000 0.090000 0.015000
v 0.060000 0.090000 0.012000
v 0.057000 0.087000 0.012000
v 0.057000 0.090000 0.012000
v 0.060000 0.090000 0.012000
v 0.060000 0.087000 0.012000
v 0.057000 0.087000 0.018000
v 0.057000 0.087000 0.021000
v 0.057000 0.090000 0.021000
v 0.057000 0.090000 0.018000
v 0.057000 0.090000 0.018000
v 0.057000 0.090000 0.021000
v 0.060000 0.090000 0.021000
v 0.060000 0.090000 0.018000
v 0.057000 0.087000 0.021000
v 0.060000 0.087000 0.021000
v 0.060000 0.090000 0.021000
v 0.057000 0.090000 0.021000
v 0.057000 0.090000 0.018000
v 0.060000 0.090000 0.018000
v 0.060000 0.093000 0.018000
v 0.057000 0.093000 0.018000
v 0.057000 0.090000 0.015000
v 0.057000 0.093000 0.015000
v 0.060000 0.093000 0.015000
v 0.060000 0.090000 0.015000
v 0.057000 0.096000 0.015000
v 0.057000 0.096000 0.018000
v 0.060000 0.096000 0.018000
v 0.060000 0.096000 0.015000
v 0.057000 0.093000 0.018000
v 0.060000 0.093000 0.018000
v 0.060000 0.096000 0.018000
v 0.057000 0.096000 0.018000
v 0.057000 0.093000 0.015000
v 0.057000 0.096000 0.015000
v 0.060000 0.096000 0.015000
v 0.060000 0.093000 0.015000
v 0.060000 0.003000 0.015000
v 0.063000 0.003000 0.015000
v 0.063000 0.003000 0.018000
v 0.060000 0.003000 0.018000
v 0.060000 0.003000 0.018000
v 0.063000 0.003000 0.018000
v 0.063000 0.006000 0.018000
v 0.060000 0.006000 0.018000
v 0.060000 0.003000 0.015000
v 0.060000 0.006000 0.015000
v 0.063000 0.006000 0.015000
v 0.063000 0.003000 0.015000
v 0.060000 0.006000 0.018000
v 0.063000 0.006000 0.018000
v 0.063000 0.009000 0.018000
v 0.060000 0.009000 0.018000
v 0.060000 0.006000 0.015000
v 0.060000 0.009000 0.015000
v 0.063000 0.009000 0.015000
v 0.063000 0.006000 0.015000
v 0.060000 0.009000 0.012000
v 0.060000 0.009000 0.015000
v 0.060000 0.012000 0.015000
v 0.060000 0.012000 0.012000
v 0.060000 0.009000 0.012000
v 0.063000 0.009000 0.012000
v 0.063000 0.009000 0.015000
v 0.060000 0.009000 0.015000
v 0.060000 0.009000 0.012000
v 0.060000 0.012000 0.012000
v 0.063000 0.012000 0.012000
v 0.063000 0.009000 0.012000
v 0.060000 0.009000 0.018000
v 0.063000 0.009000 0.018000
v 0.063000 0.009000 0.021000
v 0.060000 0.009000 0.021000
v 0.060000 0.009000 0.021000
v 0.063000 0.009000 0.021000
v 0.063000 0.012000 0.021000
v 0.060000 0.012000 0.021000
v 0.060000 0.012000 0.012000
v 0.060000 0.015000 0.012000
v 0.063000 0.015000 0.012000
v 0.063000 0.012000 0.012000
v 0.060000 0.012000 0.021000
v 0.063000 0.012000 0.021000
v 0.063000 0.015000 0.021000
v 0.060000 0.015000 0.021000
v 0.060000 0.015000 0.012000
v 0.060000 0.018000 0.012000
v 0.063000 0.018000 0.012000
v 0.063000 0.015000 0.012000
v 0.060000 0.015000 0.021000
v 0.063000 0.015000 0.021000
v 0.063000 0.018000 0.021000
v 0.060000 0.018000 0.021000
v 0.060000 0.018000 0.012000
v 0.060000 0.021000 0.012000
v 0.063000 0.021000 0.012000
v 0.063000 0.018000 0.012000
v 0.060000 0.018000 0.021000
v 0.063000 0.018000 0.021000
v 0.063000 0.021000 0.021000
v 0.060000 0.021000 0.021000
v 0.060000 0.021000 0.012000
v 0.060000 0.024000 0.012000
v 0.063000 0.024000 0.012000
v 0.063000 0.021000 0.012000
v 0.060000 0.021000 0.021000
v 0.063000 0.021000 0.021000
v 0.063000 0.024000 0.021000
v 0.060000 0.024000 0.021000
v 0.060000 0.024000 0.012000
v 0.060000 0.027000 0.012000
v 0.063000 0.027000 0.012000
v 0.063000 0.024000 0.012000
v 0.060000 0.024000 0.021000
v 0.063000 0.024000 0.021000
v 0.063000 0.027000 0.021000
v 0.060000 0.027000 0.021000
v 0.060000 0.027000 0.012000
v 0.060000 0.030000 0.012000
v 0.063000 0.030000 0.012000
v 0.063000 0.027000 0.012000
v 0.060000 0.027000 0.021000
v 0.063000 0.027000 0.021000
v 0.063000 0.030000 0.021000
v 0.060000 0.030000 0.021000
v 0.060000 0.030000 0.012000
v 0.060000 0.033000 0.012000
v 0.063000 0.033000 0.012000
v 0.063000 0.030000 0.012000
v 0.060000 0.030000 0.021000
v 0.063000 0.030000 0.021000
v 0.063000 0.033000 0.021000
v 0.060000 0.033000 0.021000
v 0.060000 0.033000 0.012000
v 0.060000 0.036000 0.012000
v 0.063000 0.036000 0.012000
v 0.063000 0.033000 0.012000
v 0.060000 0.033000 0.021000
v 0.063000 0.033000 0.021000
v 0.063000 0.036000 0.021000
v 0.060000 0.036000 0.021000
v 0.060000 0.036000 0.012000
v 0.060000 0.039000 0.012000
v 0.063000 0.039000 0.012000
v 0.063000 0.036000 0.012000
v 0.060000 0.036000 0.021000
v 0.063000 0.036000 0.021000
v 0.063000 0.039000 0.021000
v 0.060000 0.039000 0.021000
v 0.060000 0.039000 0.012000
v 0.060000 0.042000 0.012000
v 0.063000 0.042000 0.012000
v 0.063000 0.039000 0.012000
v 0.060000 0.039000 0.021000
v 0.063000 0.039000 0.021000
v 0.063000 0.042000 0.021000
v 0.060000 0.042000 0.021000
v 0.060000 0.042000 0.012000
v 0.060000 0.045000 0.012000
v 0.063000 0.045000 0.012000
v 0.063000 0.042000 0.012000
v 0.060000 0.042000 0.021000
v 0.063000 0.042000 0.021000
v 0.063000 0.045000 0.021000
v 0.060000 0.045000 0.021000
v 0.060000 0.045000 0.012000
v 0.060000 0.048000 0.012000
v 0.063000 0.048000 0.012000
v 0.063000 0.045000 0.012000
v 0.060000 0.045000 0.021000
v 0.063000 0.045000 0.021000
v 0.063000 0.048000 0.021000
v 0.060000 0.048000 0.021000
v 0.060000 0.048000 0.012000
v 0.060000 0.051000 0.012000
v 0.063000 0.051000 0.012000
v 0.063000 0.048000 0.012000
v 0.060000 0.048000 0.021000
v 0.063000 0.048000 0.021000
v 0.063000 0.051000 0.021000
v 0.060000 0.051000 0.021000
v 0.060000 0.051000 0.012000
v 0.060000 0.054000 0.012000
v 0.063000 0.054000 0.012000
v 0.063000 0.051000 0.012000
v 0.060000 0.051000 0.021000
v 0.063000 0.051000 0.021000
v 0.063000 0.054000 0.021000
v 0.060000 0.054000 0.021000
v 0.060000 0.054000 0.012000
v 0.060000 0.057000 0.012000
v 0.063000 0.057000 0.012000
v 0.063000 0.054000 0.012000
v 0.060000 0.054000 0.021000
v 0.063000 0.054000 0.021000
v 0.063000 0.057000 0.021000
v 0.060000 0.057000 0.021000
v 0.060000 0.057000 0.012000
v 0.060000 0.060000 0.012000
v 0.063000 0.060000 0.012000
v 0.063000 0.057000 0.012000
v 0.060000 0.057000 0.021000
v 0.063000 0.057000 0.021000
v 0.063000 0.060000 0.021000
v 0.060000 0.060000 0.021000
v 0.060000 0.060000 0.012000
v 0.060000 0.063000 0.012000
v 0.063000 0.063000 0.012000
v 0.063000 0.060000 0.012000
v 0.060000 0.060000 0.021000
v 0.063000 0.060000 0.021000
v 0.063000 0.063000 0.021000
v 0.060000 0.063000 0.021000
v 0.060000 0.063000 0.012000
v 0.060000 0.066000 0.012000
v 0.063000 0.066000 0.012000
v 0.063000 0.063000 0.012000
v 0.060000 0.063000 0.021000
v 0.063000 0.063000 0.021000
v 0.063000 0.066000 0.021000
v 0.060000 0.066000 0.021000
v 0.060000 0.066000 0.012000
v 0.060000 0.069000 0.012000
v 0.063000 0.069000 0.012000
v 0.063000 0.066000 0.012000
v 0.060000 0.066000 0.021000
v 0.063000 0.066000 0.021000
v 0.063000 0.069000 0.021000
v 0.060000 0.069000 0.021000
v 0.060000 0.069000 0.012000
v 0.060000 0.072000 0.012000
v 0.063000 0.072000 0.012000
v 0.063000 0.069000 0.012000
v 0.060000 0.069000 0.021000
v 0.063000 0.069000 0.021000
v 0.063000 0.072000 0.021000
v 0.060000 0.072000 0.021000
v 0.060000 0.072000 0.012000
v 0.060000 0.075000 0.012000
v 0.063000 0.075000 0.012000
v 0.063000 0.072000 0.012000
v 0.060000 0.072000 0.021000
v 0.063000 0.072000 0.021000
v 0.063000 0.075000 0.021000
v 0.060000 0.075000 0.021000
v 0.060000 0.075000 0.012000
v 0.060000 0.078000 0.012000
v 0.063000 0.078000 0.012000
v 0.063000 0.075000 0.012000
v 0.060000 0.075000 0.021000
v 0.063000 0.075000 0.021000
v 0.063000 0.078000 0.021000
v 0.060000 0.078000 0.021000
v 0.060000 0.078000 0.012000
v 0.060000 0.081000 0.012000
v 0.063000 0.081000 0.012000
v 0.063000 0.078000 0.012000
v 0.060000 0.078000 0.021000
v 0.063000 0.078000 0.021000
v 0.063000 0.081000 0.021000
v 0.060000 0.081000 0.021000
v 0.060000 0.081000 0.012000
v 0.060000 0.084000 0.012000
v 0.063000 0.084000 0.012000
v 0.063000 0.081000 0.012000
v 0.060000 0.081000 0.021000
v 0.063000 0.081000 0.021000
v 0.063000 0.084000 0.021000
v 0.060000 0.084000 0.021000
v 0.060000 0.084000 0.012000
v 0.060000 0.087000 0.012000
v 0.063000 0.087000 0.012000
v 0.063000 0.084000 0.012000
v 0.060000 0.084000 0.021000
v 0.063000 0.084000 0.021000
v 0.063000 0.087000 0.021000
v 0.060000 0.087000 0.021000
v 0.060000 0.090000 0.012000
v 0.060000 0.090000 0.015000
v 0.063000 0.090000 0.015000
v 0.063000 0.090000 0.012000
v 0.060000 0.087000 0.012000
v 0.060000 0.090000 0.012000
v 0.063000 0.090000 0.012000
v 0.063000 0.087000 0.012000
v 0.060000 0.090000 0.018000
v 0.060000 0.090000 0.021000
v 0.063000 0.090000 0.021000
v 0.063000 0.090000 0.018000
v 0.060000 0.087000 0.021000
v 0.063000 0.087000 0.021000
v 0.063000 0.090000 0.021000
v 0.060000 0.090000 0.021000
v 0.060000 0.090000 0.018000
v 0.063000 0.090000 0.018000
v 0.063000 0.093000 0.018000
v 0.060000 0.093000 0.018000
v 0.060000 0.090000 0.015000
v 0.060000 0.093000 0.015000
v 0.063000 0.093000 0.015000
v 0.063000 0.090000 0.015000
v 0.060000 0.093000 0.018000
v 0.063000 0.093000 0.018000
v 0.063000 0.096000 0.018000
v 0.060000 0.096000 0.018000
v 0.060000 0.093000 0.015000
v 0.060000 0.096000 0.015000
v 0.063000 0.096000 0.015000
v 0.063000 0.093000 0.015000
v 0.060000 0.096000 0.015000
v 0.060000 0.096000 0.018000
v 0.060000 0.099000 0.018000
v 0.060000 0.099000 0.015000
v 0.060000 0.099000 0.015000
v 0.060000 0.099000 0.018000
v 0.063000 0.099000 0.018000
v 0.063000 0.099000 0.015000
v 0.060000 0.096000 0.018000
v 0.063000 0.096000 0.018000
v 0.063000 0.099000 0.018000
v 0.060000 0.099000 0.018000
v 0.060000 0.096000 0.015000
v 0.060000 0.099000 0.015000
v 0.063000 0.099000 0.015000
v 0.063000 0.096000 0.015000
v 0.063000 0.003000 0.015000
v 0.066000 0.003000 0.015000
v 0.066000 0.003000 0.018000
v 0.063000 0.003000 0.018000
v 0.063000 0.003000 0.018000
v 0.066000 0.003000 0.018000
v 0.066000 0.006000 0.018000
v 0.063000 0.006000 0.018000
v 0.063000 0.003000 0.015000
v 0.063000 0.006000 0.015000
v 0.066000 0.006000 0.015000
v 0.066000 0.003000 0.015000
v 0.063000 0.006000 0.018000
v 0.066000 0.006000 0.018000
v 0.066000 0.009000 0.018000
v 0.063000 0.009000 0.018000
v 0.063000 0.006000 0.015000
v 0.063000 0.009000 0.015000
v 0.066000 0.009000 0.015000
v 0.066000 0.006000 0.015000
v 0.063000 0.009000 0.012000
v 0.066000 0.009000 0.012000
v 0.066000 0.009000 0.015000
v 0.063000 0.009000 0.015000
v 0.063000 0.009000 0.012000
v 0.063000 0.012000 0.012000
v 0.066000 0.012000 0.012000
v 0.066000 0.009000 0.012000
v 0.063000 0.009000 0.018000
v 0.066000 0.009000 0.018000
v 0.066000 0.009000 0.021000
v 0.063000 0.009000 0.021000
v 0.063000 0.009000 0.021000
v 0.066000 0.009000 0.021000
v 0.066000 0.012000 0.021000
v 0.063000 0.012000 0.021000
v 0.063000 0.012000 0.012000
v 0.063000 0.015000 0.012000
v 0.066000 0.015000 0.012000
v 0.066000 0.012000 0.012000
v 0.066000 0.012000 0.018000
v 0.066000 0.015000 0.018000
v 0.066000 0.015000 0.021000
v 0.066000 0.012000 0.021000
v 0.063000 0.012000 0.021000
v 0.066000 0.012000 0.021000
v 0.066000 0.015000 0.021000
v 0.063000 0.015000 0.021000
v 0.063000 0.015000 0.012000
v 0.063000 0.018000 0.012000
v 0.066000 0.018000 0.012000
v 0.066000 0.015000 0.012000
v 0.063000 0.015000 0.021000
v 0.066000 0.015000 0.021000
v 0.066000 0.018000 0.021000
v 0.063000 0.018000 0.021000
v 0.063000 0.018000 0.012000
v 0.063000 0.021000 0.012000
v 0.066000 0.021000 0.012000
v 0.066000 0.018000 0.012000
v 0.063000 0.018000 0.021000
v 0.066000 0.018000 0.021000
v 0.066000 0.021000 0.021000
v 0.063000 0.021000 0.021000
v 0.063000 0.021000 0.012000
v 0.063000 0.024000 0.012000
v 0.066000 0.024000 0.012000
v 0.066000 0.021000 0.012000
v 0.063000 0.021000 0.021000
v 0.066000 0.021000 0.021000
v 0.066000 0.024000 0.021000
v 0.063000 0.024000 0.021000
v 0.063000 0.024000 0.012000
v 0.063000 0.027000 0.012000
v 0.066000 0.027000 0.012000
v 0.066000 0.024000 0.012000
v 0.066000 0.024000 0.018000
v 0.066000 0.027000 0.018000
v 0.066000 0.027000 0.021000
v 0.066000 0.024000 0.021000
v 0.063000 0.024000 0.021000
v 0.066000 0.024000 0.021000
v 0.066000 0.027000 0.021000
v 0.063000 0.027000 0.021000
v 0.063000 0.027000 0.012000
v 0.063000 0.030000 0.012000
v 0.066000 0.030000 0.012000
v 0.066000 0.027000 0.012000
v 0.063000 0.027000 0.021000
v 0.066000 0.027000 0.021000
v 0.066000 0.030000 0.021000
v 0.063000 0.030000 0.021000
v 0.063000 0.030000 0.012000
v 0.063000 0.033000 0.012000
v 0.066000 0.033000 0.012000
v 0.066000 0.030000 0.012000
v 0.063000 0.030000 0.021000
v 0.066000 0.030000 0.021000
v 0.066000 0.033000 0.021000
v 0.063000 0.033000 0.021000
v 0.063000 0.033000 0.012000
v 0.063000 0.036000 0.012000
v 0.066000 0.036000 0.012000
v 0.066000 0.033000 0.012000
v 0.063000 0.033000 0.021000
v 0.066000 0.033000 0.021000
v 0.066000 0.036000 0.021000
v 0.063000 0.036000 0.021000
v 0.063000 0.036000 0.012000
v 0.063000 0.039000 0.012000
v 0.066000 0.039000 0.012000
v 0.066000 0.036000 0.012000
v 0.063000 0.036000 0.021000
v 0.066000 0.036000 0.021000
v 0.066000 0.039000 0.021000
v 0.063000 0.039000 0.021000
v 0.063000 0.039000 0.012000
v 0.063000 0.042000 0.012000
v 0.066000 0.042000 0.012000
v 0.066000 0.039000 0.012000
v 0.063000 0.039000 0.021000
v 0.066000 0.039000 0.021000
v 0.066000 0.042000 0.021000
v 0.063000 0.042000 0.021000
v 0.063000 0.042000 0.012000
v 0.063000 0.045000 0.012000
v 0.066000 0.045000 0.012000
v 0.066000 0.042000 0.012000
v 0.063000 0.042000 0.021000
v 0.066000 0.042000 0.021000
v 0.066000 0.045000 0.021000
v 0.063000 0.045000 0.021000
v 0.063000 0.045000 0.012000
v 0.063000 0.048000 0.012000
v 0.066000 0.048000 0.012000
v 0.066000 0.045000 0.012000
v 0.063000 0.045000 0.021000
v 0.066000 0.045000 0.021000
v 0.066000 0.048000 0.021000
v 0.063000 0.048000 0.021000
v 0.066000 0.048000 0.012000
v 0.066000 0.051000 0.012000
v 0.066000 0.051000 0.015000
v 0.066000 0.048000 0.015000
v 0.063000 0.048000 0.012000
v 0.063000 0.051000 0.012000
v 0.066000 0.051000 0.012000
v 0.066000 0.048000 0.012000
v 0.063000 0.048000 0.021000
v 0.066000 0.048000 0.021000
v 0.066000 0.051000 0.021000
v 0.063000 0.051000 0.021000
v 0.066000 0.051000 0.012000
v 0.066000 0.054000 0.012000
v 0.066000 0.054000 0.015000
v 0.066000 0.051000 0.015000
v 0.063000 0.051000 0.012000
v 0.063000 0.054000 0.012000
v 0.066000 0.054000 0.012000
v 0.066000 0.051000 0.012000
v 0.063000 0.051000 0.021000
v 0.066000 0.051000 0.021000
v 0.066000 0.054000 0.021000
v 0.063000 0.054000 0.021000
v 0.066000 0.054000 0.012000
v 0.066000 0.057000 0.012000
v 0.066000 0.057000 0.015000
v 0.066000 0.054000 0.015000
v 0.063000 0.054000 0.012000
v 0.063000 0.057000 0.012000
v 0.066000 0.057000 0.012000
v 0.066000 0.054000 0.012000
v 0.066000 0.054000 0.018000
v 0.066000 0.057000 0.018000
v 0.066000 0.057000 0.021000
v 0.066000 0.054000 0.021000
v 0.063000 0.054000 0.021000
v 0.066000 0.054000 0.021000
v 0.066000 0.057000 0.021000
v 0.063000 0.057000 0.021000
v 0.066000 0.057000 0.012000
v 0.066000 0.060000 0.012000
v 0.066000 0.060000 0.015000
v 0.066000 0.057000 0.015000
v 0.063000 0.057000 0.012000
v 0.063000 0.060000 0.012000
v 0.066000 0.060000 0.012000
v 0.066000 0.057000 0.012000
v 0.066000 0.057000 0.018000
v 0.066000 0.060000 0.018000
v 0.066000 0.060000 0.021000
v 0.066000 0.057000 0.021000
v 0.063000 0.057000 0.021000
v 0.066000 0.057000 0.021000
v 0.066000 0.060000 0.021000
v 0.063000 0.060000 0.021000
v 0.066000 0.060000 0.012000
v 0.066000 0.063000 0.012000
v 0.066000 0.063000 0.015000
v 0.066000 0.060000 0.015000
v 0.063000 0.060000 0.012000
v 0.063000 0.063000 0.012000
v 0.066000 0.063000 0.012000
v 0.066000 0.060000 0.012000
v 0.063000 0.060000 0.021000
v 0.066000 0.060000 0.021000
v 0.066000 0.063000 0.021000
v 0.063000 0.063000 0.021000
v 0.066000 0.063000 0.012000
v 0.066000 0.066000 0.012000
v 0.066000 0.066000 0.015000
v 0.066000 0.063000 0.015000
v 0.063000 0.063000 0.012000
v 0.063000 0.066000 0.012000
v 0.066000 0.066000 0.012000
v 0.066000 0.063000 0.012000
v 0.063000 0.063000 0.021000
v 0.066000 0.063000 0.021000
v 0.066000 0.066000 0.021000
v 0.063000 0.066000 0.021000
v 0.063000 0.066000 0.012000
v 0.063000 0.069000 0.012000
v 0.066000 0.069000 0.012000
v 0.066000 0.066000 0.012000
v 0.063000 0.066000 0.021000
v 0.066000 0.066000 0.021000
v 0.066000 0.069000 0.021000
v 0.063000 0.069000 0.021000
v 0.063000 0.069000 0.012000
v 0.063000 0.072000 0.012000
v 0.066000 0.072000 0.012000
v 0.066000 0.069000 0.012000
v 0.063000 0.069000 0.021000
v 0.066000 0.069000 0.021000
v 0.066000 0.072000 0.021000
v 0.063000 0.072000 0.021000
v 0.063000 0.072000 0.012000
v 0.063000 0.075000 0.012000
v 0.066000 0.075000 0.012000
v 0.066000 0.072000 0.012000
v 0.063000 0.072000 0.021000
v 0.066000 0.072000 0.021000
v 0.066000 0.075000 0.021000
v 0.063000 0.075000 0.021000
v 0.063000 0.075000 0.012000
v 0.063000 0.078000 0.012000
v 0.066000 0.078000 0.012000
v 0.066000 0.075000 0.012000
v 0.063000 0.075000 0.021000
v 0.066000 0.075000 0.021000
v 0.066000 0.078000 0.021000
v 0.063000 0.078000 0.021000
v 0.063000 0.078000 0.012000
v 0.063000 0.081000 0.012000
v 0.066000 0.081000 0.012000
v 0.066000 0.078000 0.012000
v 0.063000 0.078000 0.021000
v 0.066000 0.078000 0.021000
v 0.066000 0.081000 0.021000
v 0.063000 0.081000 0.021000
v 0.063000 0.081000 0.012000
v 0.063000 0.084000 0.012000
v 0.066000 0.084000 0.012000
v 0.066000 0.081000 0.012000
v 0.063000 0.081000 0.021000
v 0.066000 0.081000 0.021000
v 0.066000 0.084000 0.021000
v 0.063000 0.084000 0.021000
v 0.063000 0.084000 0.012000
v 0.063000 0.087000 0.012000
v 0.066000 0.087000 0.012000
v 0.066000 0.084000 0.012000
v 0.063000 0.084000 0.021000
v 0.066000 0.084000 0.021000
v 0.066000 0.087000 0.021000
v 0.063000 0.087000 0.021000
v 0.063000 0.090000 0.012000
v 0.063000 0.090000 0.015000
v 0.066000 0.090000 0.015000
v 0.066000 0.090000 0.012000
v 0.063000 0.087000 0.012000
v 0.063000 0.090000 0.012000
v 0.066000 0.090000 0.012000
v 0.066000 0.087000 0.012000
v 0.063000 0.090000 0.018000
v 0.063000 0.090000 0.021000
v 0.066000 0.090000 0.021000
v 0.066000 0.090000 0.018000
v 0.063000 0.087000 0.021000
v 0.066000 0.087000 0.021000
v 0.066000 0.090000 0.021000
v 0.063000 0.090000 0.021000
v 0.063000 0.090000 0.018000
v 0.066000 0.090000 0.018000
v 0.066000 0.093000 0.018000
v 0.063000 0.093000 0.018000
v 0.063000 0.090000 0.015000
v 0.063000 0.093000 0.015000
v 0.066000 0.093000 0.015000
v 0.066000 0.090000 0.015000
v 0.063000 0.093000 0.018000
v 0.066000 0.093000 0.018000
v 0.066000 0.096000 0.018000
v 0.063000 0.096000 0.018000
v 0.063000 0.093000 0.015000
v 0.063000 0.096000 0.015000
v 0.066000 0.096000 0.015000
v 0.066000 0.093000 0.015000
v 0.063000 0.099000 0.015000
v 0.063000 0.099000 0.018000
v 0.066000 0.099000 0.018000
v 0.066000 0.099000 0.015000
v 0.063000 0.096000 0.018000
v 0.066000 0.096000 0.018000
v 0.066000 0.099000 0.018000
v 0.063000 0.099000 0.018000
v 0.063000 0.096000 0.015000
v 0.063000 0.099000 0.015000
v 0.066000 0.099000 0.015000
v 0.066000 0.096000 0.015000
v 0.066000 0.000000 0.015000
v 0.066000 0.000000 0.018000
v 0.066000 0.003000 0.018000
v 0.066000 0.003000 0.015000
v 0.066000 0.000000 0.015000
v 0.069000 0.000000 0.015000
v 0.069000 0.000000 0.018000
v 0.066000 0.000000 0.018000
v 0.066000 0.000000 0.018000
v 0.069000 0.000000 0.018000
v 0.069000 0.003000 0.018000
v 0.066000 0.003000 0.018000
v 0.066000 0.000000 0.015000
v 0.066000 0.003000 0.015000
v 0.069000 0.003000 0.015000
v 0.069000 0.000000 0.015000
v 0.066000 0.003000 0.018000
v 0.069000 0.003000 0.018000
v 0.069000 0.006000 0.018000
v 0.066000 0.006000 0.018000
v 0.066000 0.003000 0.015000
v 0.066000 0.006000 0.015000
v 0.069000 0.006000 0.015000
v 0.069000 0.003000 0.015000
v 0.066000 0.006000 0.018000
v 0.069000 0.006000 0.018000
v 0.069000 0.009000 0.018000
v 0.066000 0.009000 0.018000
v 0.066000 0.006000 0.015000
v 0.066000 0.009000 0.015000
v 0.069000 0.009000 0.015000
v 0.069000 0.006000 0.015000
v 0.069000 0.009000 0.012000
v 0.069000 0.012000 0.012000
v 0.069000 0.012000 0.015000
v 0.069000 0.009000 0.015000
v 0.066000 0.009000 0.012000
v 0.069000 0.009000 0.012000
v 0.069000 0.009000 0.015000
v 0.066000 0.009000 0.015000
v 0.066000 0.009000 0.012000
v 0.066000 0.012000 0.012000
v 0.069000 0.012000 0.012000
v 0.069000 0.009000 0.012000
v 0.069000 0.009000 0.018000
v 0.069000 0.012000 0.018000
v 0.069000 0.012000 0.021000
v 0.069000 0.009000 0.021000
v 0.066000 0.009000 0.018000
v 0.069000 0.009000 0.018000
v 0.069000 0.009000 0.021000
v 0.066000 0.009000 0.021000
v 0.066000 0.012000 0.018000
v 0.066000 0.012000 0.021000
v 0.069000 0.012000 0.021000
v 0.069000 0.012000 0.018000
v 0.066000 0.009000 0.021000
v 0.069000 0.009000 0.021000
v 0.069000 0.012000 0.021000
v 0.066000 0.012000 0.021000
v 0.069000 0.012000 0.012000
v 0.069000 0.015000 0.012000
v 0.069000 0.015000 0.015000
v 0.069000 0.012000 0.015000
v 0.066000 0.012000 0.012000
v 0.066000 0.015000 0.012000
v 0.069000 0.015000 0.012000
v 0.069000 0.012000 0.012000
v 0.066000 0.012000 0.018000
v 0.069000 0.012000 0.018000
v 0.069000 0.015000 0.018000
v 0.066000 0.015000 0.018000
v 0.069000 0.015000 0.012000
v 0.069000 0.018000 0.012000
v 0.069000 0.018000 0.015000
v 0.069000 0.015000 0.015000
v 0.066000 0.015000 0.012000
v 0.066000 0.018000 0.012000
v 0.069000 0.018000 0.012000
v 0.069000 0.015000 0.012000
v 0.069000 0.015000 0.018000
v 0.069000 0.018000 0.018000
v 0.069000 0.018000 0.021000
v 0.069000 0.015000 0.021000
v 0.066000 0.015000 0.018000
v 0.069000 0.015000 0.018000
v 0.069000 0.015000 0.021000
v 0.066000 0.015000 0.021000
v 0.066000 0.015000 0.021000
v 0.069000 0.015000 0.021000
v 0.069000 0.018000 0.021000
v 0.066000 0.018000 0.021000
v 0.069000 0.018000 0.012000
v 0.069000 0.021000 0.012000
v 0.069000 0.021000 0.015000
v 0.069000 0.018000 0.015000
v 0.066000 0.018000 0.012000
v 0.066000 0.021000 0.012000
v 0.069000 0.021000 0.012000
v 0.069000 0.018000 0.012000
v 0.069000 0.018000 0.018000
v 0.069000 0.021000 0.018000
v 0.069000 0.021000 0.021000
v 0.069000 0.018000 0.021000
v 0.066000 0.018000 0.021000
v 0.069000 0.018000 0.021000
v 0.069000 0.021000 0.021000
v 0.066000 0.021000 0.021000
v 0.069000 0.021000 0.012000
v 0.069000 0.024000 0.012000
v 0.069000 0.024000 0.015000
v 0.069000 0.021000 0.015000
v 0.066000 0.021000 0.012000
v 0.066000 0.024000 0.012000
v 0.069000 0.024000 0.012000
v 0.069000 0.021000 0.012000
v 0.069000 0.021000 0.018000
v 0.069000 0.024000 0.018000
v 0.069000 0.024000 0.021000
v 0.069000 0.021000 0.021000
v 0.066000 0.024000 0.018000
v 0.066000 0.024000 0.021000
v 0.069000 0.024000 0.021000
v 0.069000 0.024000 0.018000
v 0.066000 0.021000 0.021000
v 0.069000 0.021000 0.021000
v 0.069000 0.024000 0.021000
v 0.066000 0.024000 0.021000
v 0.069000 0.024000 0.012000
v 0.069000 0.027000 0.012000
v 0.069000 0.027000 0.015000
v 0.069000 0.024000 0.015000
v 0.066000 0.024000 0.012000
v 0.066000 0.027000 0.012000
v 0.069000 0.027000 0.012000
v 0.069000 0.024000 0.012000
v 0.066000 0.024000 0.018000
v 0.069000 0.024000 0.018000
v 0.069000 0.027000 0.018000
v 0.066000 0.027000 0.018000
v 0.069000 0.027000 0.012000
v 0.069000 0.030000 0.012000
v 0.069000 0.030000 0.015000
v 0.069000 0.027000 0.015000
v 0.066000 0.027000 0.012000
v 0.066000 0.030000 0.012000
v 0.069000 0.030000 0.012000
v 0.069000 0.027000 0.012000
v 0.069000 0.027000 0.018000
v 0.069000 0.030000 0.018000
v 0.069000 0.030000 0.021000
v 0.069000 0.027000 0.021000
v 0.066000 0.027000 0.018000
v 0.069000 0.027000 0.018000
v 0.069000 0.027000 0.021000
v 0.066000 0.027000 0.021000
v 0.066000 0.027000 0.021000
v 0.069000 0.027000 0.021000
v 0.069000 0.030000 0.021000
v 0.066000 0.030000 0.021000
v 0.069000 0.030000 0.012000
v 0.069000 0.033000 0.012000
v 0.069000 0.033000 0.015000
v 0.069000 0.030000 0.015000
v 0.066000 0.030000 0.012000
v 0.066000 0.033000 0.012000
v 0.069000 0.033000 0.012000
v 0.069000 0.030000 0.012000
v 0.069000 0.030000 0.018000
v 0.069000 0.033000 0.018000
v 0.069000 0.033000 0.021000
v 0.069000 0.030000 0.021000
v 0.066000 0.030000 0.021000
v 0.069000 0.030000 0.021000
v 0.069000 0.033000 0.021000
v 0.066000 0.033000 0.021000
v 0.069000 0.033000 0.012000
v 0.069000 0.036000 0.012000
v 0.069000 0.036000 0.015000
v 0.069000 0.033000 0.015000
v 0.066000 0.033000 0.012000
v 0.066000 0.036000 0.012000
v 0.069000 0.036000 0.012000
v 0.069000 0.033000 0.012000
v 0.069000 0.033000 0.018000
v 0.069000 0.036000 0.018000
v 0.069000 0.036000 0.021000
v 0.069000 0.033000 0.021000
v 0.066000 0.033000 0.021000
v 0.069000 0.033000 0.021000
v 0.069000 0.036000 0.021000
v 0.066000 0.036000 0.021000
v 0.069000 0.036000 0.012000
v 0.069000 0.039000 0.012000
v 0.069000 0.039000 0.015000
v 0.069000 0.036000 0.015000
v 0.066000 0.036000 0.012000
v 0.066000 0.039000 0.012000
v 0.069000 0.039000 0.012000
v 0.069000 0.036000 0.012000
v 0.069000 0.036000 0.018000
v 0.069000 0.039000 0.018000
v 0.069000 0.039000 0.021000
v 0.069000 0.036000 0.021000
v 0.066000 0.036000 0.021000
v 0.069000 0.036000 0.021000
v 0.069000 0.039000 0.021000
v 0.066000 0.039000 0.021000
v 0.069000 0.039000 0.012000
v 0.069000 0.042000 0.012000
v 0.069000 0.042000 0.015000
v 0.069000 0.039000 0.015000
v 0.066000 0.039000 0.012000
v 0.066000 0.042000 0.012000
v 0.069000 0.042000 0.012000
v 0.069000 0.039000 0.012000
v 0.069000 0.039000 0.018000
v 0.069000 0.042000 0.018000
v 0.069000 0.042000 0.021000
v 0.069000 0.039000 0.021000
v 0.066000 0.039000 0.021000
v 0.069000 0.039000 0.021000
v 0.069000 0.042000 0.021000
v 0.066000 0.042000 0.021000
v 0.069000 0.042000 0.012000
v 0.069000 0.045000 0.012000
v 0.069000 0.045000 0.015000
v 0.069000 0.042000 0.015000
v 0.066000 0.042000 0.012000
v 0.066000 0.045000 0.012000
v 0.069000 0.045000 0.012000
v 0.069000 0.042000 0.012000
v 0.069000 0.042000 0.018000
v 0.069000 0.045000 0.018000
v 0.069000 0.045000 0.021000
v 0.069000 0.042000 0.021000
v 0.066000 0.042000 0.021000
v 0.069000 0.042000 0.021000
v 0.069000 0.045000 0.021000
v 0.066000 0.045000 0.021000
v 0.069000 0.045000 0.012000
v 0.069000 0.048000 0.012000
v 0.069000 0.048000 0.015000
v 0.069000 0.045000 0.015000
v 0.066000 0.048000 0.012000
v 0.066000 0.048000 0.015000
v 0.069000 0.048000 0.015000
v 0.069000 0.048000 0.012000
v 0.066000 0.045000 0.012000
v 0.066000 0.048000 0.012000
v 0.069000 0.048000 0.012000
v 0.069000 0.045000 0.012000
v 0.069000 0.045000 0.018000
v 0.069000 0.048000 0.018000
v 0.069000 0.048000 0.021000
v 0.069000 0.045000 0.021000
v 0.066000 0.045000 0.021000
v 0.069000 0.045000 0.021000
v 0.069000 0.048000 0.021000
v 0.066000 0.048000 0.021000
v 0.066000 0.048000 0.015000
v 0.066000 0.051000 0.015000
v 0.069000 0.051000 0.015000
v 0.069000 0.048000 0.015000
v 0.069000 0.048000 0.018000
v 0.069000 0.051000 0.018000
v 0.069000 0.051000 0.021000
v 0.069000 0.048000 0.021000
v 0.066000 0.048000 0.021000
v 0.069000 0.048000 0.021000
v 0.069000 0.051000 0.021000
v 0.066000 0.051000 0.021000
v 0.066000 0.051000 0.015000
v 0.066000 0.054000 0.015000
v 0.069000 0.054000 0.015000
v 0.069000 0.051000 0.015000
v 0.069000 0.051000 0.018000
v 0.069000 0.054000 0.018000
v 0.069000 0.054000 0.021000
v 0.069000 0.051000 0.021000
v 0.066000 0.054000 0.018000
v 0.066000 0.054000 0.021000
v 0.069000 0.054000 0.021000
v 0.069000 0.054000 0.018000
v 0.066000 0.051000 0.021000
v 0.069000 0.051000 0.021000
v 0.069000 0.054000 0.021000
v 0.066000 0.054000 0.021000
v 0.066000 0.054000 0.018000
v 0.069000 0.054000 0.018000
v 0.069000 0.057000 0.018000
v 0.066000 0.057000 0.018000
v 0.066000 0.054000 0.015000
v 0.066000 0.057000 0.015000
v 0.069000 0.057000 0.015000
v 0.069000 0.054000 0.015000
v 0.066000 0.057000 0.018000
v 0.069000 0.057000 0.018000
v 0.069000 0.060000 0.018000
v 0.066000 0.060000 0.018000
v 0.066000 0.057000 0.015000
v 0.066000 0.060000 0.015000
v 0.069000 0.060000 0.015000
v 0.069000 0.057000 0.015000
v 0.066000 0.060000 0.015000
v 0.066000 0.063000 0.015000
v 0.069000 0.063000 0.015000
v 0.069000 0.060000 0.015000
v 0.069000 0.060000 0.018000
v 0.069000 0.063000 0.018000
v 0.069000 0.063000 0.021000
v 0.069000 0.060000 0.021000
v 0.066000 0.060000 0.018000
v 0.069000 0.060000 0.018000
v 0.069000 0.060000 0.021000
v 0.066000 0.060000 0.021000
v 0.066000 0.060000 0.021000
v 0.069000 0.060000 0.021000
v 0.069000 0.063000 0.021000
v 0.066000 0.063000 0.021000
v 0.066000 0.063000 0.015000
v 0.066000 0.066000 0.015000
v 0.069000 0.066000 0.015000
v 0.069000 0.063000 0.015000
v 0.069000 0.063000 0.018000
v 0.069000 0.066000 0.018000
v 0.069000 0.066000 0.021000
v 0.069000 0.063000 0.021000
v 0.066000 0.063000 0.021000
v 0.069000 0.063000 0.021000
v 0.069000 0.066000 0.021000
v 0.066000 0.066000 0.021000
v 0.069000 0.066000 0.012000
v 0.069000 0.069000 0.012000
v 0.069000 0.069000 0.015000
v 0.069000 0.066000 0.015000
v 0.066000 0.066000 0.012000
v 0.069000 0.066000 0.012000
v 0.069000 0.066000 0.015000
v 0.066000 0.066000 0.015000
v 0.066000 0.066000 0.012000
v 0.066000 0.069000 0.012000
v 0.069000 0.069000 0.012000
v 0.069000 0.066000 0.012000
v 0.069000 0.066000 0.018000
v 0.069000 0.069000 0.018000
v 0.069000 0.069000 0.021000
v 0.069000 0.066000 0.021000
v 0.066000 0.066000 0.021000
v 0.069000 0.066000 0.021000
v 0.069000 0.069000 0.021000
v 0.066000 0.069000 0.021000
v 0.069000 0.069000 0.012000
v 0.069000 0.072000 0.012000
v 0.069000 0.072000 0.015000
v 0.069000 0.069000 0.015000
v 0.066000 0.069000 0.012000
v 0.066000 0.072000 0.012000
v 0.069000 0.072000 0.012000
v 0.069000 0.069000 0.012000
v 0.069000 0.069000 0.018000
v 0.069000 0.072000 0.018000
v 0.069000 0.072000 0.021000
v 0.069000 0.069000 0.021000
v 0.066000 0.069000 0.021000
v 0.069000 0.069000 0.021000
v 0.069000 0.072000 0.021000
v 0.066000 0.072000 0.021000
v 0.069000 0.072000 0.012000
v 0.069000 0.075000 0.012000
v 0.069000 0.075000 0.015000
v 0.069000 0.072000 0.015000
v 0.066000 0.072000 0.012000
v 0.066000 0.075000 0.012000
v 0.069000 0.075000 0.012000
v 0.069000 0.072000 0.012000
v 0.069000 0.072000 0.018000
v 0.069000 0.075000 0.018000
v 0.069000 0.075000 0.021000
v 0.069000 0.072000 0.021000
v 0.066000 0.072000 0.021000
v 0.069000 0.072000 0.021000
v 0.069000 0.075000 0.021000
v 0.066000 0.075000 0.021000
v 0.069000 0.075000 0.012000
v 0.069000 0.078000 0.012000
v 0.069000 0.078000 0.015000
v 0.069000 0.075000 0.015000
v 0.066000 0.075000 0.012000
v 0.066000 0.078000 0.012000
v 0.069000 0.078000 0.012000
v 0.069000 0.075000 0.012000
v 0.069000 0.075000 0.018000
v 0.069000 0.078000 0.018000
v 0.069000 0.078000 0.021000
v 0.069000 0.075000 0.021000
v 0.066000 0.075000 0.021000
v 0.069000 0.075000 0.021000
v 0.069000 0.078000 0.021000
v 0.066000 0.078000 0.021000
v 0.069000 0.078000 0.012000
v 0.069000 0.081000 0.012000
v 0.069000 0.081000 0.015000
v 0.069000 0.078000 0.015000
v 0.066000 0.078000 0.012000
v 0.066000 0.081000 0.012000
v 0.069000 0.081000 0.012000
v 0.069000 0.078000 0.012000
v 0.069000 0.078000 0.018000
v 0.069000 0.081000 0.018000
v 0.069000 0.081000 0.021000
v 0.069000 0.078000 0.021000
v 0.066000 0.078000 0.021000
v 0.069000 0.078000 0.021000
v 0.069000 0.081000 0.021000
v 0.066000 0.081000 0.021000
v 0.069000 0.081000 0.012000
v 0.069000 0.084000 0.012000
v 0.069000 0.084000 0.015000
v 0.069000 0.081000 0.015000
v 0.066000 0.081000 0.012000
v 0.066000 0.084000 0.012000
v 0.069000 0.084000 0.012000
v 0.069000 0.081000 0.012000
v 0.069000 0.081000 0.018000
v 0.069000 0.084000 0.018000
v 0.069000 0.084000 0.021000
v 0.069000 0.081000 0.021000
v 0.066000 0.081000 0.021000
v 0.069000 0.081000 0.021000
v 0.069000 0.084000 0.021000
v 0.066000 0.084000 0.021000
v 0.069000 0.084000 0.012000
v 0.069000 0.087000 0.012000
v 0.069000 0.087000 0.015000
v 0.069000 0.084000 0.015000
v 0.066000 0.084000 0.012000
v 0.066000 0.087000 0.012000
v 0.069000 0.087000 0.012000
v 0.069000 0.084000 0.012000
v 0.069000 0.084000 0.018000
v 0.069000 0.087000 0.018000
v 0.069000 0.087000 0.021000
v 0.069000 0.084000 0.021000
v 0.066000 0.084000 0.021000
v 0.069000 0.084000 0.021000
v 0.069000 0.087000 0.021000
v 0.066000 0.087000 0.021000
v 0.069000 0.087000 0.012000
v 0.069000 0.090000 0.012000
v 0.069000 0.090000 0.015000
v 0.069000 0.087000 0.015000
v 0.066000 0.090000 0.012000
v 0.066000 0.090000 0.015000
v 0.069000 0.090000 0.015000
v 0.069000 0.090000 0.012000
v 0.066000 0.087000 0.012000
v 0.066000 0.090000 0.012000
v 0.069000 0.090000 0.012000
v 0.069000 0.087000 0.012000
v 0.069000 0.087000 0.018000
v 0.069000 0.090000 0.018000
v 0.069000 0.090000 0.021000
v 0.069000 0.087000 0.021000
v 0.066000 0.090000 0.018000
v 0.066000 0.090000 0.021000
v 0.069000 0.090000 0.021000
v 0.069000 0.090000 0.018000
v 0.066000 0.087000 0.021000
v 0.069000 0.087000 0.021000
v 0.069000 0.090000 0.021000
v 0.066000 0.090000 0.021000
v 0.066000 0.090000 0.018000
v 0.069000 0.090000 0.018000
v 0.069000 0.093000 0.018000
v 0.066000 0.093000 0.018000
v 0.066000 0.090000 0.015000
v 0.066000 0.093000 0.015000
v 0.069000 0.093000 0.015000
v 0.069000 0.090000 0.015000
v 0.066000 0.093000 0.018000
v 0.069000 0.093000 0.018000
v 0.069000 0.096000 0.018000
v 0.066000 0.096000 0.018000
v 0.066000 0.093000 0.015000
v 0.066000 0.096000 0.015000
v 0.069000 0.096000 0.015000
v 0.069000 0.093000 0.015000
v 0.066000 0.099000 0.015000
v 0.066000 0.099000 0.018000
v 0.069000 0.099000 0.018000
v 0.069000 0.099000 0.015000
v 0.066000 0.096000 0.018000
v 0.069000 0.096000 0.018000
v 0.069000 0.099000 0.018000
v 0.066000 0.099000 0.018000
v 0.066000 0.096000 0.015000
v 0.066000 0.099000 0.015000
v 0.069000 0.099000 0.015000
v 0.069000 0.096000 0.015000
v 0.069000 0.000000 0.015000
v 0.072000 0.000000 0.015000
v 0.072000 0.000000 0.018000
v 0.069000 0.000000 0.018000
v 0.069000 0.000000 0.018000
v 0.072000 0.000000 0.018000
v 0.072000 0.003000 0.018000
v 0.069000 0.003000 0.018000
v 0.069000 0.000000 0.015000
v 0.069000 0.003000 0.015000
v 0.072000 0.003000 0.015000
v 0.072000 0.000000 0.015000
v 0.069000 0.003000 0.018000
v 0.072000 0.003000 0.018000
v 0.072000 0.006000 0.018000
v 0.069000 0.006000 0.018000
v 0.069000 0.003000 0.015000
v 0.069000 0.006000 0.015000
v 0.072000 0.006000 0.015000
v 0.072000 0.003000 0.015000
v 0.069000 0.006000 0.018000
v 0.072000 0.006000 0.018000
v 0.072000 0.009000 0.018000
v 0.069000 0.009000 0.018000
v 0.069000 0.006000 0.015000
v 0.069000 0.009000 0.015000
v 0.072000 0.009000 0.015000
v 0.072000 0.006000 0.015000
v 0.069000 0.009000 0.018000
v 0.072000 0.009000 0.018000
v 0.072000 0.012000 0.018000
v 0.069000 0.012000 0.018000
v 0.069000 0.009000 0.015000
v 0.069000 0.012000 0.015000
v 0.072000 0.012000 0.015000
v 0.072000 0.009000 0.015000
v 0.069000 0.012000 0.018000
v 0.072000 0.012000 0.018000
v 0.072000 0.015000 0.018000
v 0.069000 0.015000 0.018000
v 0.069000 0.012000 0.015000
v 0.069000 0.015000 0.015000
v 0.072000 0.015000 0.015000
v 0.072000 0.012000 0.015000
v 0.069000 0.015000 0.018000
v 0.072000 0.015000 0.018000
v 0.072000 0.018000 0.018000
v 0.069000 0.018000 0.018000
v 0.069000 0.015000 0.015000
v 0.069000 0.018000 0.015000
v 0.072000 0.018000 0.015000
v 0.072000 0.015000 0.015000
v 0.069000 0.018000 0.018000
v 0.072000 0.018000 0.018000
v 0.072000 0.021000 0.018000
v 0.069000 0.021000 0.018000
v 0.069000 0.018000 0.015000
v 0.069000 0.021000 0.015000
v 0.072000 0.021000 0.015000
v 0.072000 0.018000 0.015000
v 0.069000 0.021000 0.018000
v 0.072000 0.021000 0.018000
v 0.072000 0.024000 0.018000
v 0.069000 0.024000 0.018000
v 0.069000 0.021000 0.015000
v 0.069000 0.024000 0.015000
v 0.072000 0.024000 0.015000
v 0.072000 0.021000 0.015000
v 0.069000 0.024000 0.018000
v 0.072000 0.024000 0.018000
v 0.072000 0.027000 0.018000
v 0.069000 0.027000 0.018000
v 0.069000 0.024000 0.015000
v 0.069000 0.027000 0.015000
v 0.072000 0.027000 0.015000
v 0.072000 0.024000 0.015000
v 0.069000 0.027000 0.018000
v 0.072000 0.027000 0.018000
v 0.072000 0.030000 0.018000
v 0.069000 0.030000 0.018000
v 0.069000 0.027000 0.015000
v 0.069000 0.030000 0.015000
v 0.072000 0.030000 0.015000
v 0.072000 0.027000 0.015000
v 0.069000 0.030000 0.018000
v 0.072000 0.030000 0.018000
v 0.072000 0.033000 0.018000
v 0.069000 0.033000 0.018000
v 0.069000 0.030000 0.015000
v 0.069000 0.033000 0.015000
v 0.072000 0.033000 0.015000
v 0.072000 0.030000 0.015000
v 0.069000 0.033000 0.018000
v 0.072000 0.033000 0.018000
v 0.072000 0.036000 0.018000
v 0.069000 0.036000 0.018000
v 0.069000 0.033000 0.015000
v 0.069000 0.036000 0.015000
v 0.072000 0.036000 0.015000
v 0.072000 0.033000 0.015000
v 0.069000 0.036000 0.018000
v 0.072000 0.036000 0.018000
v 0.072000 0.039000 0.018000
v 0.069000 0.039000 0.018000
v 0.069000 0.036000 0.015000
v 0.069000 0.039000 0.015000
v 0.072000 0.039000 0.015000
v 0.072000 0.036000 0.015000
v 0.069000 0.039000 0.018000
v 0.072000 0.039000 0.018000
v 0.072000 0.042000 0.018000
v 0.069000 0.042000 0.018000
v 0.069000 0.039000 0.015000
v 0.069000 0.042000 0.015000
v 0.072000 0.042000 0.015000
v 0.072000 0.039000 0.015000
v 0.069000 0.042000 0.018000
v 0.072000 0.042000 0.018000
v 0.072000 0.045000 0.018000
v 0.069000 0.045000 0.018000
v 0.069000 0.042000 0.015000
v 0.069000 0.045000 0.015000
v 0.072000 0.045000 0.015000
v 0.072000 0.042000 0.015000
v 0.069000 0.045000 0.018000
v 0.072000 0.045000 0.018000
v 0.072000 0.048000 0.018000
v 0.069000 0.048000 0.018000
v 0.069000 0.045000 0.015000
v 0.069000 0.048000 0.015000
v 0.072000 0.048000 0.015000
v 0.072000 0.045000 0.015000
v 0.069000 0.048000 0.018000
v 0.072000 0.048000 0.018000
v 0.072000 0.051000 0.018000
v 0.069000 0.051000 0.018000
v 0.069000 0.048000 0.015000
v 0.069000 0.051000 0.015000
v 0.072000 0.051000 0.015000
v 0.072000 0.048000 0.015000
v 0.069000 0.051000 0.018000
v 0.072000 0.051000 0.018000
v 0.072000 0.054000 0.018000
v 0.069000 0.054000 0.018000
v 0.069000 0.051000 0.015000
v 0.069000 0.054000 0.015000
v 0.072000 0.054000 0.015000
v 0.072000 0.051000 0.015000
v 0.069000 0.054000 0.018000
v 0.072000 0.054000 0.018000
v 0.072000 0.057000 0.018000
v 0.069000 0.057000 0.018000
v 0.069000 0.054000 0.015000
v 0.069000 0.057000 0.015000
v 0.072000 0.057000 0.015000
v 0.072000 0.054000 0.015000
v 0.069000 0.057000 0.018000
v 0.072000 0.057000 0.018000
v 0.072000 0.060000 0.018000
v 0.069000 0.060000 0.018000
v 0.069000 0.057000 0.015000
v 0.069000 0.060000 0.015000
v 0.072000 0.060000 0.015000
v 0.072000 0.057000 0.015000
v 0.069000 0.060000 0.018000
v 0.072000 0.060000 0.018000
v 0.072000 0.063000 0.018000
v 0.069000 0.063000 0.018000
v 0.069000 0.060000 0.015000
v 0.069000 0.063000 0.015000
v 0.072000 0.063000 0.015000
v 0.072000 0.060000 0.015000
v 0.069000 0.063000 0.018000
v 0.072000 0.063000 0.018000
v 0.072000 0.066000 0.018000
v 0.069000 0.066000 0.018000
v 0.069000 0.063000 0.015000
v 0.069000 0.066000 0.015000
v 0.072000 0.066000 0.015000
v 0.072000 0.063000 0.015000
v 0.069000 0.066000 0.018000
v 0.072000 0.066000 0.018000
v 0.072000 0.069000 0.018000
v 0.069000 0.069000 0.018000
v 0.069000 0.066000 0.015000
v 0.069000 0.069000 0.015000
v 0.072000 0.069000 0.015000
v 0.072000 0.066000 0.015000
v 0.069000 0.069000 0.018000
v 0.072000 0.069000 0.018000
v 0.072000 0.072000 0.018000
v 0.069000 0.072000 0.018000
v 0.069000 0.069000 0.015000
v 0.069000 0.072000 0.015000
v 0.072000 0.072000 0.015000
v 0.072000 0.069000 0.015000
v 0.069000 0.072000 0.018000
v 0.072000 0.072000 0.018000
v 0.072000 0.075000 0.018000
v 0.069000 0.075000 0.018000
v 0.069000 0.072000 0.015000
v 0.069000 0.075000 0.015000
v 0.072000 0.075000 0.015000
v 0.072000 0.072000 0.015000
v 0.069000 0.075000 0.018000
v 0.072000 0.075000 0.018000
v 0.072000 0.078000 0.018000
v 0.069000 0.078000 0.018000
v 0.069000 0.075000 0.015000
v 0.069000 0.078000 0.015000
v 0.072000 0.078000 0.015000
v 0.072000 0.075000 0.015000
v 0.069000 0.078000 0.018000
v 0.072000 0.078000 0.018000
v 0.072000 0.081000 0.018000
v 0.069000 0.081000 0.018000
v 0.069000 0.078000 0.015000
v 0.069000 0.081000 0.015000
v 0.072000 0.081000 0.015000
v 0.072000 0.078000 0.015000
v 0.069000 0.081000 0.018000
v 0.072000 0.081000 0.018000
v 0.072000 0.084000 0.018000
v 0.069000 0.084000 0.018000
v 0.069000 0.081000 0.015000
v 0.069000 0.084000 0.015000
v 0.072000 0.084000 0.015000
v 0.072000 0.081000 0.015000
v 0.069000 0.084000 0.018000
v 0.072000 0.084000 0.018000
v 0.072000 0.087000 0.018000
v 0.069000 0.087000 0.018000
v 0.069000 0.084000 0.015000
v 0.069000 0.087000 0.015000
v 0.072000 0.087000 0.015000
v 0.072000 0.084000 0.015000
v 0.069000 0.087000 0.018000
v 0.072000 0.087000 0.018000
v 0.072000 0.090000 0.018000
v 0.069000 0.090000 0.018000
v 0.069000 0.087000 0.015000
v 0.069000 0.090000 0.015000
v 0.072000 0.090000 0.015000
v 0.072000 0.087000 0.015000
v 0.069000 0.090000 0.018000
v 0.072000 0.090000 0.018000
v 0.072000 0.093000 0.018000
v 0.069000 0.093000 0.018000
v 0.069000 0.090000 0.015000
v 0.069000 0.093000 0.015000
v 0.072000 0.093000 0.015000
v 0.072000 0.090000 0.015000
v 0.069000 0.093000 0.018000
v 0.072000 0.093000 0.018000
v 0.072000 0.096000 0.018000
v 0.069000 0.096000 0.018000
v 0.069000 0.093000 0.015000
v 0.069000 0.096000 0.015000
v 0.072000 0.096000 0.015000
v 0.072000 0.093000 0.015000
v 0.069000 0.099000 0.015000
v 0.069000 0.099000 0.018000
v 0.072000 0.099000 0.018000
v 0.072000 0.099000 0.015000
v 0.069000 0.096000 0.018000
v 0.072000 0.096000 0.018000
v 0.072000 0.099000 0.018000
v 0.069000 0.099000 0.018000
v 0.069000 0.096000 0.015000
v 0.069000 0.099000 0.015000
v 0.072000 0.099000 0.015000
v 0.072000 0.096000 0.015000
v 0.072000 0.000000 0.015000
v 0.075000 0.000000 0.015000
v 0.075000 0.000000 0.018000
v 0.072000 0.000000 0.018000
v 0.072000 0.000000 0.018000
v 0.075000 0.000000 0.018000
v 0.075000 0.003000 0.018000
v 0.072000 0.003000 0.018000
v 0.072000 0.000000 0.015000
v 0.072000 0.003000 0.015000
v 0.075000 0.003000 0.015000
v 0.075000 0.000000 0.015000
v 0.072000 0.003000 0.018000
v 0.075000 0.003000 0.018000
v 0.075000 0.006000 0.018000
v 0.072000 0.006000 0.018000
v 0.072000 0.003000 0.015000
v 0.072000 0.006000 0.015000
v 0.075000 0.006000 0.015000
v 0.075000 0.003000 0.015000
v 0.072000 0.006000 0.018000
v 0.075000 0.006000 0.018000
v 0.075000 0.009000 0.018000
v 0.072000 0.009000 0.018000
v 0.072000 0.006000 0.015000
v 0.072000 0.009000 0.015000
v 0.075000 0.009000 0.015000
v 0.075000 0.006000 0.015000
v 0.072000 0.009000 0.018000
v 0.075000 0.009000 0.018000
v 0.075000 0.012000 0.018000
v 0.072000 0.012000 0.018000
v 0.072000 0.009000 0.015000
v 0.072000 0.012000 0.015000
v 0.075000 0.012000 0.015000
v 0.075000 0.009000 0.015000
v 0.072000 0.012000 0.018000
v 0.075000 0.012000 0.018000
v 0.075000 0.015000 0.018000
v 0.072000 0.015000 0.018000
v 0.072000 0.012000 0.015000
v 0.072000 0.015000 0.015000
v 0.075000 0.015000 0.015000
v 0.075000 0.012000 0.015000
v 0.072000 0.015000 0.018000
v 0.075000 0.015000 0.018000
v 0.075000 0.018000 0.018000
v 0.072000 0.018000 0.018000
v 0.072000 0.015000 0.015000
v 0.072000 0.018000 0.015000
v 0.075000 0.018000 0.015000
v 0.075000 0.015000 0.015000
v 0.072000 0.018000 0.018000
v 0.075000 0.018000 0.018000
v 0.075000 0.021000 0.018000
v 0.072000 0.021000 0.018000
v 0.072000 0.018000 0.015000
v 0.072000 0.021000 0.015000
v 0.075000 0.021000 0.015000
v 0.075000 0.018000 0.015000
v 0.072000 0.021000 0.018000
v 0.075000 0.021000 0.018000
v 0.075000 0.024000 0.018000
v 0.072000 0.024000 0.018000
v 0.072000 0.021000 0.015000
v 0.072000 0.024000 0.015000
v 0.075000 0.024000 0.015000
v 0.075000 0.021000 0.015000
v 0.072000 0.024000 0.018000
v 0.075000 0.024000 0.018000
v 0.075000 0.027000 0.018000
v 0.072000 0.027000 0.018000
v 0.072000 0.024000 0.015000
v 0.072000 0.027000 0.015000
v 0.075000 0.027000 0.015000
v 0.075000 0.024000 0.015000
v 0.072000 0.027000 0.018000
v 0.075000 0.027000 0.018000
v 0.075000 0.030000 0.018000
v 0.072000 0.030000 0.018000
v 0.072000 0.027000 0.015000
v 0.072000 0.030000 0.015000
v 0.075000 0.030000 0.015000
v 0.075000 0.027000 0.015000
v 0.072000 0.030000 0.018000
v 0.075000 0.030000 0.018000
v 0.075000 0.033000 0.018000
v 0.072000 0.033000 0.018000
v 0.072000 0.030000 0.015000
v 0.072000 0.033000 0.015000
v 0.075000 0.033000 0.015000
v 0.075000 0.030000 0.015000
v 0.072000 0.033000 0.018000
v 0.075000 0.033000 0.018000
v 0.075000 0.036000 0.018000
v 0.072000 0.036000 0.018000
v 0.072000 0.033000 0.015000
v 0.072000 0.036000 0.015000
v 0.075000 0.036000 0.015000
v 0.075000 0.033000 0.015000
v 0.072000 0.036000 0.018000
v 0.075000 0.036000 0.018000
v 0.075000 0.039000 0.018000
v 0.072000 0.039000 0.018000
v 0.072000 0.036000 0.015000
v 0.072000 0.039000 0.015000
v 0.075000 0.039000 0.015000
v 0.075000 0.036000 0.015000
v 0.072000 0.039000 0.018000
v 0.075000 0.039000 0.018000
v 0.075000 0.042000 0.018000
v 0.072000 0.042000 0.018000
v 0.072000 0.039000 0.015000
v 0.072000 0.042000 0.015000
v 0.075000 0.042000 0.015000
v 0.075000 0.039000 0.015000
v 0.072000 0.042000 0.018000
v 0.075000 0.042000 0.018000
v 0.075000 0.045000 0.018000
v 0.072000 0.045000 0.018000
v 0.072000 0.042000 0.015000
v 0.072000 0.045000 0.015000
v 0.075000 0.045000 0.015000
v 0.075000 0.042000 0.015000
v 0.072000 0.045000 0.018000
v 0.075000 0.045000 0.018000
v 0.075000 0.048000 0.018000
v 0.072000 0.048000 0.018000
v 0.072000 0.045000 0.015000
v 0.072000 0.048000 0.015000
v 0.075000 0.048000 0.015000
v 0.075000 0.045000 0.015000
v 0.072000 0.048000 0.018000
v 0.075000 0.048000 0.018000
v 0.075000 0.051000 0.018000
v 0.072000 0.051000 0.018000
v 0.072000 0.048000 0.015000
v 0.072000 0.051000 0.015000
v 0.075000 0.051000 0.015000
v 0.075000 0.048000 0.015000
v 0.072000 0.051000 0.018000
v 0.075000 0.051000 0.018000
v 0.075000 0.054000 0.018000
v 0.072000 0.054000 0.018000
v 0.072000 0.051000 0.015000
v 0.072000 0.054000 0.015000
v 0.075000 0.054000 0.015000
v 0.075000 0.051000 0.015000
v 0.072000 0.054000 0.018000
v 0.075000 0.054000 0.018000
v 0.075000 0.057000 0.018000
v 0.072000 0.057000 0.018000
v 0.072000 0.054000 0.015000
v 0.072000 0.057000 0.015000
v 0.075000 0.057000 0.015000
v 0.075000 0.054000 0.015000
v 0.072000 0.057000 0.018000
v 0.075000 0.057000 0.018000
v 0.075000 0.060000 0.018000
v 0.072000 0.060000 0.018000
v 0.072000 0.057000 0.015000
v 0.072000 0.060000 0.015000
v 0.075000 0.060000 0.015000
v 0.075000 0.057000 0.015000
v 0.072000 0.060000 0.018000
v 0.075000 0.060000 0.018000
v 0.075000 0.063000 0.018000
v 0.072000 0.063000 0.018000
v 0.072000 0.060000 0.015000
v 0.072000 0.063000 0.015000
v 0.075000 0.063000 0.015000
v 0.075000 0.060000 0.015000
v 0.072000 0.063000 0.018000
v 0.075000 0.063000 0.018000
v 0.075000 0.066000 0.018000
v 0.072000 0.066000 0.018000
v 0.072000 0.063000 0.015000
v 0.072000 0.066000 0.015000
v 0.075000 0.066000 0.015000
v 0.075000 0.063000 0.015000
v 0.072000 0.066000 0.018000
v 0.075000 0.066000 0.018000
v 0.075000 0.069000 0.018000
v 0.072000 0.069000 0.018000
v 0.072000 0.066000 0.015000
v 0.072000 0.069000 0.015000
v 0.075000 0.069000 0.015000
v 0.075000 0.066000 0.015000
v 0.072000 0.069000 0.018000
v 0.075000 0.069000 0.018000
v 0.075000 0.072000 0.018000
v 0.072000 0.072000 0.018000
v 0.072000 0.069000 0.015000
v 0.072000 0.072000 0.015000
v 0.075000 0.072000 0.015000
v 0.075000 0.069000 0.015000
v 0.072000 0.072000 0.018000
v 0.075000 0.072000 0.018000
v 0.075000 0.075000 0.018000
v 0.072000 0.075000 0.018000
v 0.072000 0.072000 0.015000
v 0.072000 0.075000 0.015000
v 0.075000 0.075000 0.015000
v 0.075000 0.072000 0.015000
v 0.072000 0.075000 0.018000
v 0.075000 0.075000 0.018000
v 0.075000 0.078000 0.018000
v 0.072000 0.078000 0.018000
v 0.072000 0.075000 0.015000
v 0.072000 0.078000 0.015000
v 0.075000 0.078000 0.015000
v 0.075000 0.075000 0.015000
v 0.072000 0.078000 0.018000
v 0.075000 0.078000 0.018000
v 0.075000 0.081000 0.018000
v 0.072000 0.081000 0.018000
v 0.072000 0.078000 0.015000
v 0.072000 0.081000 0.015000
v 0.075000 0.081000 0.015000
v 0.075000 0.078000 0.015000
v 0.072000 0.081000 0.018000
v 0.075000 0.081000 0.018000
v 0.075000 0.084000 0.018000
v 0.072000 0.084000 0.018000
v 0.072000 0.081000 0.015000
v 0.072000 0.084000 0.015000
v 0.075000 0.084000 0.015000
v 0.075000 0.081000 0.015000
v 0.072000 0.084000 0.018000
v 0.075000 0.084000 0.018000
v 0.075000 0.087000 0.018000
v 0.072000 0.087000 0.018000
v 0.072000 0.084000 0.015000
v 0.072000 0.087000 0.015000
v 0.075000 0.087000 0.015000
v 0.075000 0.084000 0.015000
v 0.072000 0.087000 0.018000
v 0.075000 0.087000 0.018000
v 0.075000 0.090000 0.018000
v 0.072000 0.090000 0.018000
v 0.072000 0.087000 0.015000
v 0.072000 0.090000 0.015000
v 0.075000 0.090000 0.015000
v 0.075000 0.087000 0.015000
v 0.072000 0.090000 0.018000
v 0.075000 0.090000 0.018000
v 0.075000 0.093000 0.018000
v 0.072000 0.093000 0.018000
v 0.072000 0.090000 0.015000
v 0.072000 0.093000 0.015000
v 0.075000 0.093000 0.015000
v 0.075000 0.090000 0.015000
v 0.072000 0.093000 0.018000
v 0.075000 0.093000 0.018000
v 0.075000 0.096000 0.018000
v 0.072000 0.096000 0.018000
v 0.072000 0.093000 0.015000
v 0.072000 0.096000 0.015000
v 0.075000 0.096000 0.015000
v 0.075000 0.093000 0.015000
v 0.072000 0.099000 0.015000
v 0.072000 0.099000 0.018000
v 0.075000 0.099000 0.018000
v 0.075000 0.099000 0.015000
v 0.072000 0.096000 0.018000
v 0.075000 0.096000 0.018000
v 0.075000 0.099000 0.018000
v 0.072000 0.099000 0.018000
v 0.072000 0.096000 0.015000
v 0.072000 0.099000 0.015000
v 0.075000 0.099000 0.015000
v 0.075000 0.096000 0.015000
v 0.075000 0.000000 0.015000
v 0.078000 0.000000 0.015000
v 0.078000 0.000000 0.018000
v 0.075000 0.000000 0.018000
v 0.075000 0.000000 0.018000
v 0.078000 0.000000 0.018000
v 0.078000 0.003000 0.018000
v 0.075000 0.003000 0.018000
v 0.075000 0.000000 0.015000
v 0.075000 0.003000 0.015000
v 0.078000 0.003000 0.015000
v 0.078000 0.000000 0.015000
v 0.075000 0.003000 0.018000
v 0.078000 0.003000 0.018000
v 0.078000 0.006000 0.018000
v 0.075000 0.006000 0.018000
v 0.075000 0.003000 0.015000
v 0.075000 0.006000 0.015000
v 0.078000 0.006000 0.015000
v 0.078000 0.003000 0.015000
v 0.075000 0.006000 0.018000
v 0.078000 0.006000 0.018000
v 0.078000 0.009000 0.018000
v 0.075000 0.009000 0.018000
v 0.075000 0.006000 0.015000
v 0.075000 0.009000 0.015000
v 0.078000 0.009000 0.015000
v 0.078000 0.006000 0.015000
v 0.075000 0.009000 0.018000
v 0.078000 0.009000 0.018000
v 0.078000 0.012000 0.018000
v 0.075000 0.012000 0.018000
v 0.075000 0.009000 0.015000
v 0.075000 0.012000 0.015000
v 0.078000 0.012000 0.015000
v 0.078000 0.009000 0.015000
v 0.075000 0.012000 0.018000
v 0.078000 0.012000 0.018000
v 0.078000 0.015000 0.018000
v 0.075000 0.015000 0.018000
v 0.075000 0.012000 0.015000
v 0.075000 0.015000 0.015000
v 0.078000 0.015000 0.015000
v 0.078000 0.012000 0.015000
v 0.075000 0.015000 0.018000
v 0.078000 0.015000 0.018000
v 0.078000 0.018000 0.018000
v 0.075000 0.018000 0.018000
v 0.075000 0.015000 0.015000
v 0.075000 0.018000 0.015000
v 0.078000 0.018000 0.015000
v 0.078000 0.015000 0.015000
v 0.075000 0.018000 0.018000
v 0.078000 0.018000 0.018000
v 0.078000 0.021000 0.018000
v 0.075000 0.021000 0.018000
v 0.075000 0.018000 0.015000
v 0.075000 0.021000 0.015000
v 0.078000 0.021000 0.015000
v 0.078000 0.018000 0.015000
v 0.075000 0.021000 0.018000
v 0.078000 0.021000 0.018000
v 0.078000 0.024000 0.018000
v 0.075000 0.024000 0.018000
v 0.075000 0.021000 0.015000
v 0.075000 0.024000 0.015000
v 0.078000 0.024000 0.015000
v 0.078000 0.021000 0.015000
v 0.075000 0.024000 0.018000
v 0.078000 0.024000 0.018000
v 0.078000 0.027000 0.018000
v 0.075000 0.027000 0.018000
v 0.075000 0.024000 0.015000
v 0.075000 0.027000 0.015000
v 0.078000 0.027000 0.015000
v 0.078000 0.024000 0.015000
v 0.075000 0.027000 0.018000
v 0.078000 0.027000 0.018000
v 0.078000 0.030000 0.018000
v 0.075000 0.030000 0.018000
v 0.075000 0.027000 0.015000
v 0.075000 0.030000 0.015000
v 0.078000 0.030000 0.015000
v 0.078000 0.027000 0.015000
v 0.075000 0.030000 0.018000
v 0.078000 0.030000 0.018000
v 0.078000 0.033000 0.018000
v 0.075000 0.033000 0.018000
v 0.075000 0.030000 0.015000
v 0.075000 0.033000 0.015000
v 0.078000 0.033000 0.015000
v 0.078000 0.030000 0.015000
v 0.075000 0.033000 0.018000
v 0.078000 0.033000 0.018000
v 0.078000 0.036000 0.018000
v 0.075000 0.036000 0.018000
v 0.075000 0.033000 0.015000
v 0.075000 0.036000 0.015000
v 0.078000 0.036000 0.015000
v 0.078000 0.033000 0.015000
v 0.075000 0.036000 0.018000
v 0.078000 0.036000 0.018000
v 0.078000 0.039000 0.018000
v 0.075000 0.039000 0.018000
v 0.075000 0.036000 0.015000
v 0.075000 0.039000 0.015000
v 0.078000 0.039000 0.015000
v 0.078000 0.036000 0.015000
v 0.075000 0.039000 0.018000
v 0.078000 0.039000 0.018000
v 0.078000 0.042000 0.018000
v 0.075000 0.042000 0.018000
v 0.075000 0.039000 0.015000
v 0.075000 0.042000 0.015000
v 0.078000 0.042000 0.015000
v 0.078000 0.039000 0.015000
v 0.075000 0.042000 0.018000
v 0.078000 0.042000 0.018000
v 0.078000 0.045000 0.018000
v 0.075000 0.045000 0.018000
v 0.075000 0.042000 0.015000
v 0.075000 0.045000 0.015000
v 0.078000 0.045000 0.015000
v 0.078000 0.042000 0.015000
v 0.075000 0.045000 0.018000
v 0.078000 0.045000 0.018000
v 0.078000 0.048000 0.018000
v 0.075000 0.048000 0.018000
v 0.075000 0.045000 0.015000
v 0.075000 0.048000 0.015000
v 0.078000 0.048000 0.015000
v 0.078000 0.045000 0.015000
v 0.075000 0.048000 0.018000
v 0.078000 0.048000 0.018000
v 0.078000 0.051000 0.018000
v 0.075000 0.051000 0.018000
v 0.075000 0.048000 0.015000
v 0.075000 0.051000 0.015000
v 0.078000 0.051000 0.015000
v 0.078000 0.048000 0.015000
v 0.075000 0.051000 0.018000
v 0.078000 0.051000 0.018000
v 0.078000 0.054000 0.018000
v 0.075000 0.054000 0.018000
v 0.075000 0.051000 0.015000
v 0.075000 0.054000 0.015000
v 0.078000 0.054000 0.015000
v 0.078000 0.051000 0.015000
v 0.075000 0.054000 0.018000
v 0.078000 0.054000 0.018000
v 0.078000 0.057000 0.018000
v 0.075000 0.057000 0.018000
v 0.075000 0.054000 0.015000
v 0.075000 0.057000 0.015000
v 0.078000 0.057000 0.015000
v 0.078000 0.054000 0.015000
v 0.075000 0.057000 0.018000
v 0.078000 0.057000 0.018000
v 0.078000 0.060000 0.018000
v 0.075000 0.060000 0.018000
v 0.075000 0.057000 0.015000
v 0.075000 0.060000 0.015000
v 0.078000 0.060000 0.015000
v 0.078000 0.057000 0.015000
v 0.075000 0.060000 0.018000
v 0.078000 0.060000 0.018000
v 0.078000 0.063000 0.018000
v 0.075000 0.063000 0.018000
v 0.075000 0.060000 0.015000
v 0.075000 0.063000 0.015000
v 0.078000 0.063000 0.015000
v 0.078000 0.060000 0.015000
v 0.075000 0.063000 0.018000
v 0.078000 0.063000 0.018000
v 0.078000 0.066000 0.018000
v 0.075000 0.066000 0.018000
v 0.075000 0.063000 0.015000
v 0.075000 0.066000 0.015000
v 0.078000 0.066000 0.015000
v 0.078000 0.063000 0.015000
v 0.075000 0.066000 0.018000
v 0.078000 0.066000 0.018000
v 0.078000 0.069000 0.018000
v 0.075000 0.069000 0.018000
v 0.075000 0.066000 0.015000
v 0.075000 0.069000 0.015000
v 0.078000 0.069000 0.015000
v 0.078000 0.066000 0.015000
v 0.075000 0.069000 0.018000
v 0.078000 0.069000 0.018000
v 0.078000 0.072000 0.018000
v 0.075000 0.072000 0.018000
v 0.075000 0.069000 0.015000
v 0.075000 0.072000 0.015000
v 0.078000 0.072000 0.015000
v 0.078000 0.069000 0.015000
v 0.075000 0.072000 0.018000
v 0.078000 0.072000 0.018000
v 0.078000 0.075000 0.018000
v 0.075000 0.075000 0.018000
v 0.075000 0.072000 0.015000
v 0.075000 0.075000 0.015000
v 0.078000 0.075000 0.015000
v 0.078000 0.072000 0.015000
v 0.075000 0.075000 0.018000
v 0.078000 0.075000 0.018000
v 0.078000 0.078000 0.018000
v 0.075000 0.078000 0.018000
v 0.075000 0.075000 0.015000
v 0.075000 0.078000 0.015000
v 0.078000 0.078000 0.015000
v 0.078000 0.075000 0.015000
v 0.075000 0.078000 0.018000
v 0.078000 0.078000 0.018000
v 0.078000 0.081000 0.018000
v 0.075000 0.081000 0.018000
v 0.075000 0.078000 0.015000
v 0.075000 0.081000 0.015000
v 0.078000 0.081000 0.015000
v 0.078000 0.078000 0.015000
v 0.075000 0.081000 0.018000
v 0.078000 0.081000 0.018000
v 0.078000 0.084000 0.018000
v 0.075000 0.084000 0.018000
v 0.075000 0.081000 0.015000
v 0.075000 0.084000 0.015000
v 0.078000 0.084000 0.015000
v 0.078000 0.081000 0.015000
v 0.075000 0.084000 0.018000
v 0.078000 0.084000 0.018000
v 0.078000 0.087000 0.018000
v 0.075000 0.087000 0.018000
v 0.075000 0.084000 0.015000
v 0.075000 0.087000 0.015000
v 0.078000 0.087000 0.015000
v 0.078000 0.084000 0.015000
v 0.075000 0.087000 0.018000
v 0.078000 0.087000 0.018000
v 0.078000 0.090000 0.018000
v 0.075000 0.090000 0.018000
v 0.075000 0.087000 0.015000
v 0.075000 0.090000 0.015000
v 0.078000 0.090000 0.015000
v 0.078000 0.087000 0.015000
v 0.075000 0.090000 0.018000
v 0.078000 0.090000 0.018000
v 0.078000 0.093000 0.018000
v 0.075000 0.093000 0.018000
v 0.075000 0.090000 0.015000
v 0.075000 0.093000 0.015000
v 0.078000 0.093000 0.015000
v 0.078000 0.090000 0.015000
v 0.075000 0.093000 0.018000
v 0.078000 0.093000 0.018000
v 0.078000 0.096000 0.018000
v 0.075000 0.096000 0.018000
v 0.075000 0.093000 0.015000
v 0.075000 0.096000 0.015000
v 0.078000 0.096000 0.015000
v 0.078000 0.093000 0.015000
v 0.075000 0.099000 0.015000
v 0.075000 0.099000 0.018000
v 0.078000 0.099000 0.018000
v 0.078000 0.099000 0.015000
v 0.075000 0.096000 0.018000
v 0.078000 0.096000 0.018000
v 0.078000 0.099000 0.018000
v 0.075000 0.099000 0.018000
v 0.075000 0.096000 0.015000
v 0.075000 0.099000 0.015000
v 0.078000 0.099000 0.015000
v 0.078000 0.096000 0.015000
v 0.078000 0.000000 0.015000
v 0.081000 0.000000 0.015000
v 0.081000 0.000000 0.018000
v 0.078000 0.000000 0.018000
v 0.078000 0.000000 0.018000
v 0.081000 0.000000 0.018000
v 0.081000 0.003000 0.018000
v 0.078000 0.003000 0.018000
v 0.078000 0.000000 0.015000
v 0.078000 0.003000 0.015000
v 0.081000 0.003000 0.015000
v 0.081000 0.000000 0.015000
v 0.078000 0.003000 0.018000
v 0.081000 0.003000 0.018000
v 0.081000 0.006000 0.018000
v 0.078000 0.006000 0.018000
v 0.078000 0.003000 0.015000
v 0.078000 0.006000 0.015000
v 0.081000 0.006000 0.015000
v 0.081000 0.003000 0.015000
v 0.078000 0.006000 0.018000
v 0.081000 0.006000 0.018000
v 0.081000 0.009000 0.018000
v 0.078000 0.009000 0.018000
v 0.078000 0.006000 0.015000
v 0.078000 0.009000 0.015000
v 0.081000 0.009000 0.015000
v 0.081000 0.006000 0.015000
v 0.078000 0.009000 0.018000
v 0.081000 0.009000 0.018000
v 0.081000 0.012000 0.018000
v 0.078000 0.012000 0.018000
v 0.078000 0.009000 0.015000
v 0.078000 0.012000 0.015000
v 0.081000 0.012000 0.015000
v 0.081000 0.009000 0.015000
v 0.078000 0.012000 0.018000
v 0.081000 0.012000 0.018000
v 0.081000 0.015000 0.018000
v 0.078000 0.015000 0.018000
v 0.078000 0.012000 0.015000
v 0.078000 0.015000 0.015000
v 0.081000 0.015000 0.015000
v 0.081000 0.012000 0.015000
v 0.078000 0.015000 0.018000
v 0.081000 0.015000 0.018000
v 0.081000 0.018000 0.018000
v 0.078000 0.018000 0.018000
v 0.078000 0.015000 0.015000
v 0.078000 0.018000 0.015000
v 0.081000 0.018000 0.015000
v 0.081000 0.015000 0.015000
v 0.078000 0.018000 0.018000
v 0.081000 0.018000 0.018000
v 0.081000 0.021000 0.018000
v 0.078000 0.021000 0.018000
v 0.078000 0.018000 0.015000
v 0.078000 0.021000 0.015000
v 0.081000 0.021000 0.015000
v 0.081000 0.018000 0.015000
v 0.078000 0.021000 0.018000
v 0.081000 0.021000 0.018000
v 0.081000 0.024000 0.018000
v 0.078000 0.024000 0.018000
v 0.078000 0.021000 0.015000
v 0.078000 0.024000 0.015000
v 0.081000 0.024000 0.015000
v 0.081000 0.021000 0.015000
v 0.078000 0.024000 0.018000
v 0.081000 0.024000 0.018000
v 0.081000 0.027000 0.018000
v 0.078000 0.027000 0.018000
v 0.078000 0.024000 0.015000
v 0.078000 0.027000 0.015000
v 0.081000 0.027000 0.015000
v 0.081000 0.024000 0.015000
v 0.078000 0.027000 0.018000
v 0.081000 0.027000 0.018000
v 0.081000 0.030000 0.018000
v 0.078000 0.030000 0.018000
v 0.078000 0.027000 0.015000
v 0.078000 0.030000 0.015000
v 0.081000 0.030000 0.015000
v 0.081000 0.027000 0.015000
v 0.078000 0.030000 0.018000
v 0.081000 0.030000 0.018000
v 0.081000 0.033000 0.018000
v 0.078000 0.033000 0.018000
v 0.078000 0.030000 0.015000
v 0.078000 0.033000 0.015000
v 0.081000 0.033000 0.015000
v 0.081000 0.030000 0.015000
v 0.078000 0.033000 0.018000
v 0.081000 0.033000 0.018000
v 0.081000 0.036000 0.018000
v 0.078000 0.036000 0.018000
v 0.078000 0.033000 0.015000
v 0.078000 0.036000 0.015000
v 0.081000 0.036000 0.015000
v 0.081000 0.033000 0.015000
v 0.078000 0.036000 0.018000
v 0.081000 0.036000 0.018000
v 0.081000 0.039000 0.018000
v 0.078000 0.039000 0.018000
v 0.078000 0.036000 0.015000
v 0.078000 0.039000 0.015000
v 0.081000 0.039000 0.015000
v 0.081000 0.036000 0.015000
v 0.078000 0.039000 0.018000
v 0.081000 0.039000 0.018000
v 0.081000 0.042000 0.018000
v 0.078000 0.042000 0.018000
v 0.078000 0.039000 0.015000
v 0.078000 0.042000 0.015000
v 0.081000 0.042000 0.015000
v 0.081000 0.039000 0.015000
v 0.078000 0.042000 0.018000
v 0.081000 0.042000 0.018000
v 0.081000 0.045000 0.018000
v 0.078000 0.045000 0.018000
v 0.078000 0.042000 0.015000
v 0.078000 0.045000 0.015000
v 0.081000 0.045000 0.015000
v 0.081000 0.042000 0.015000
v 0.078000 0.045000 0.018000
v 0.081000 0.045000 0.018000
v 0.081000 0.048000 0.018000
v 0.078000 0.048000 0.018000
v 0.078000 0.045000 0.015000
v 0.078000 0.048000 0.015000
v 0.081000 0.048000 0.015000
v 0.081000 0.045000 0.015000
v 0.078000 0.048000 0.018000
v 0.081000 0.048000 0.018000
v 0.081000 0.051000 0.018000
v 0.078000 0.051000 0.018000
v 0.078000 0.048000 0.015000
v 0.078000 0.051000 0.015000
v 0.081000 0.051000 0.015000
v 0.081000 0.048000 0.015000
v 0.078000 0.051000 0.018000
v 0.081000 0.051000 0.018000
v 0.081000 0.054000 0.018000
v 0.078000 0.054000 0.018000
v 0.078000 0.051000 0.015000
v 0.078000 0.054000 0.015000
v 0.081000 0.054000 0.015000
v 0.081000 0.051000 0.015000
v 0.078000 0.054000 0.018000
v 0.081000 0.054000 0.018000
v 0.081000 0.057000 0.018000
v 0.078000 0.057000 0.018000
v 0.078000 0.054000 0.015000
v 0.078000 0.057000 0.015000
v 0.081000 0.057000 0.015000
v 0.081000 0.054000 0.015000
v 0.078000 0.057000 0.018000
v 0.081000 0.057000 0.018000
v 0.081000 0.060000 0.018000
v 0.078000 0.060000 0.018000
v 0.078000 0.057000 0.015000
v 0.078000 0.060000 0.015000
v 0.081000 0.060000 0.015000
v 0.081000 0.057000 0.015000
v 0.078000 0.060000 0.018000
v 0.081000 0.060000 0.018000
v 0.081000 0.063000 0.018000
v 0.078000 0.063000 0.018000
v 0.078000 0.060000 0.015000
v 0.078000 0.063000 0.015000
v 0.081000 0.063000 0.015000
v 0.081000 0.060000 0.015000
v 0.078000 0.063000 0.018000
v 0.081000 0.063000 0.018000
v 0.081000 0.066000 0.018000
v 0.078000 0.066000 0.018000
v 0.078000 0.063000 0.015000
v 0.078000 0.066000 0.015000
v 0.081000 0.066000 0.015000
v 0.081000 0.063000 0.015000
v 0.078000 0.066000 0.018000
v 0.081000 0.066000 0.018000
v 0.081000 0.069000 0.018000
v 0.078000 0.069000 0.018000
v 0.078000 0.066000 0.015000
v 0.078000 0.069000 0.015000
v 0.081000 0.069000 0.015000
v 0.081000 0.066000 0.015000
v 0.078000 0.069000 0.018000
v 0.081000 0.069000 0.018000
v 0.081000 0.072000 0.018000
v 0.078000 0.072000 0.018000
v 0.078000 0.069000 0.015000
v 0.078000 0.072000 0.015000
v 0.081000 0.072000 0.015000
v 0.081000 0.069000 0.015000
v 0.078000 0.072000 0.018000
v 0.081000 0.072000 0.018000
v 0.081000 0.075000 0.018000
v 0.078000 0.075000 0.018000
v 0.078000 0.072000 0.015000
v 0.078000 0.075000 0.015000
v 0.081000 0.075000 0.015000
v 0.081000 0.072000 0.015000
v 0.078000 0.075000 0.018000
v 0.081000 0.075000 0.018000
v 0.081000 0.078000 0.018000
v 0.078000 0.078000 0.018000
v 0.078000 0.075000 0.015000
v 0.078000 0.078000 0.015000
v 0.081000 0.078000 0.015000
v 0.081000 0.075000 0.015000
v 0.078000 0.078000 0.018000
v 0.081000 0.078000 0.018000
v 0.081000 0.081000 0.018000
v 0.078000 0.081000 0.018000
v 0.078000 0.078000 0.015000
v 0.078000 0.081000 0.015000
v 0.081000 0.081000 0.015000
v 0.081000 0.078000 0.015000
v 0.078000 0.081000 0.018000
v 0.081000 0.081000 0.018000
v 0.081000 0.084000 0.018000
v 0.078000 0.084000 0.018000
v 0.078000 0.081000 0.015000
v 0.078000 0.084000 0.015000
v 0.081000 0.084000 0.015000
v 0.081000 0.081000 0.015000
v 0.078000 0.084000 0.018000
v 0.081000 0.084000 0.018000
v 0.081000 0.087000 0.018000
v 0.078000 0.087000 0.018000
v 0.078000 0.084000 0.015000
v 0.078000 0.087000 0.015000
v 0.081000 0.087000 0.015000
v 0.081000 0.084000 0.015000
v 0.078000 0.087000 0.018000
v 0.081000 0.087000 0.018000
v 0.081000 0.090000 0.018000
v 0.078000 0.090000 0.018000
v 0.078000 0.087000 0.015000
v 0.078000 0.090000 0.015000
v 0.081000 0.090000 0.015000
v 0.081000 0.087000 0.015000
v 0.078000 0.090000 0.018000
v 0.081000 0.090000 0.018000
v 0.081000 0.093000 0.018000
v 0.078000 0.093000 0.018000
v 0.078000 0.090000 0.015000
v 0.078000 0.093000 0.015000
v 0.081000 0.093000 0.015000
v 0.081000 0.090000 0.015000
v 0.078000 0.093000 0.018000
v 0.081000 0.093000 0.018000
v 0.081000 0.096000 0.018000
v 0.078000 0.096000 0.018000
v 0.078000 0.093000 0.015000
v 0.078000 0.096000 0.015000
v 0.081000 0.096000 0.015000
v 0.081000 0.093000 0.015000
v 0.078000 0.099000 0.015000
v 0.078000 0.099000 0.018000
v 0.081000 0.099000 0.018000
v 0.081000 0.099000 0.015000
v 0.078000 0.096000 0.018000
v 0.081000 0.096000 0.018000
v 0.081000 0.099000 0.018000
v 0.078000 0.099000 0.018000
v 0.078000 0.096000 0.015000
v 0.078000 0.099000 0.015000
v 0.081000 0.099000 0.015000
v 0.081000 0.096000 0.015000
v 0.081000 0.000000 0.015000
v 0.084000 0.000000 0.015000
v 0.084000 0.000000 0.018000
v 0.081000 0.000000 0.018000
v 0.081000 0.000000 0.018000
v 0.084000 0.000000 0.018000
v 0.084000 0.003000 0.018000
v 0.081000 0.003000 0.018000
v 0.081000 0.000000 0.015000
v 0.081000 0.003000 0.015000
v 0.084000 0.003000 0.015000
v 0.084000 0.000000 0.015000
v 0.081000 0.003000 0.018000
v 0.084000 0.003000 0.018000
v 0.084000 0.006000 0.018000
v 0.081000 0.006000 0.018000
v 0.081000 0.003000 0.015000
v 0.081000 0.006000 0.015000
v 0.084000 0.006000 0.015000
v 0.084000 0.003000 0.015000
v 0.081000 0.006000 0.018000
v 0.084000 0.006000 0.018000
v 0.084000 0.009000 0.018000
v 0.081000 0.009000 0.018000
v 0.081000 0.006000 0.015000
v 0.081000 0.009000 0.015000
v 0.084000 0.009000 0.015000
v 0.084000 0.006000 0.015000
v 0.081000 0.009000 0.018000
v 0.084000 0.009000 0.018000
v 0.084000 0.012000 0.018000
v 0.081000 0.012000 0.018000
v 0.081000 0.009000 0.015000
v 0.081000 0.012000 0.015000
v 0.084000 0.012000 0.015000
v 0.084000 0.009000 0.015000
v 0.081000 0.012000 0.018000
v 0.084000 0.012000 0.018000
v 0.084000 0.015000 0.018000
v 0.081000 0.015000 0.018000
v 0.081000 0.012000 0.015000
v 0.081000 0.015000 0.015000
v 0.084000 0.015000 0.015000
v 0.084000 0.012000 0.015000
v 0.081000 0.015000 0.018000
v 0.084000 0.015000 0.018000
v 0.084000 0.018000 0.018000
v 0.081000 0.018000 0.018000
v 0.081000 0.015000 0.015000
v 0.081000 0.018000 0.015000
v 0.084000 0.018000 0.015000
v 0.084000 0.015000 0.015000
v 0.081000 0.018000 0.018000
v 0.084000 0.018000 0.018000
v 0.084000 0.021000 0.018000
v 0.081000 0.021000 0.018000
v 0.081000 0.018000 0.015000
v 0.081000 0.021000 0.015000
v 0.084000 0.021000 0.015000
v 0.084000 0.018000 0.015000
v 0.081000 0.021000 0.018000
v 0.084000 0.021000 0.018000
v 0.084000 0.024000 0.018000
v 0.081000 0.024000 0.018000
v 0.081000 0.021000 0.015000
v 0.081000 0.024000 0.015000
v 0.084000 0.024000 0.015000
v 0.084000 0.021000 0.015000
v 0.081000 0.024000 0.018000
v 0.084000 0.024000 0.018000
v 0.084000 0.027000 0.018000
v 0.081000 0.027000 0.018000
v 0.081000 0.024000 0.015000
v 0.081000 0.027000 0.015000
v 0.084000 0.027000 0.015000
v 0.084000 0.024000 0.015000
v 0.081000 0.027000 0.018000
v 0.084000 0.027000 0.018000
v 0.084000 0.030000 0.018000
v 0.081000 0.030000 0.018000
v 0.081000 0.027000 0.015000
v 0.081000 0.030000 0.015000
v 0.084000 0.030000 0.015000
v 0.084000 0.027000 0.015000
v 0.081000 0.030000 0.018000
v 0.084000 0.030000 0.018000
v 0.084000 0.033000 0.018000
v 0.081000 0.033000 0.018000
v 0.081000 0.030000 0.015000
v 0.081000 0.033000 0.015000
v 0.084000 0.033000 0.015000
v 0.084000 0.030000 0.015000
v 0.081000 0.033000 0.018000
v 0.084000 0.033000 0.018000
v 0.084000 0.036000 0.018000
v 0.081000 0.036000 0.018000
v 0.081000 0.033000 0.015000
v 0.081000 0.036000 0.015000
v 0.084000 0.036000 0.015000
v 0.084000 0.033000 0.015000
v 0.081000 0.036000 0.018000
v 0.084000 0.036000 0.018000
v 0.084000 0.039000 0.018000
v 0.081000 0.039000 0.018000
v 0.081000 0.036000 0.015000
v 0.081000 0.039000 0.015000
v 0.084000 0.039000 0.015000
v 0.084000 0.036000 0.015000
v 0.081000 0.039000 0.018000
v 0.084000 0.039000 0.018000
v 0.084000 0.042000 0.018000
v 0.081000 0.042000 0.018000
v 0.081000 0.039000 0.015000
v 0.081000 0.042000 0.015000
v 0.084000 0.042000 0.015000
v 0.084000 0.039000 0.015000
v 0.081000 0.042000 0.018000
v 0.084000 0.042000 0.018000
v 0.084000 0.045000 0.018000
v 0.081000 0.045000 0.018000
v 0.081000 0.042000 0.015000
v 0.081000 0.045000 0.015000
v 0.084000 0.045000 0.015000
v 0.084000 0.042000 0.015000
v 0.081000 0.045000 0.018000
v 0.084000 0.045000 0.018000
v 0.084000 0.048000 0.018000
v 0.081000 0.048000 0.018000
v 0.081000 0.045000 0.015000
v 0.081000 0.048000 0.015000
v 0.084000 0.048000 0.015000
v 0.084000 0.045000 0.015000
v 0.081000 0.048000 0.018000
v 0.084000 0.048000 0.018000
v 0.084000 0.051000 0.018000
v 0.081000 0.051000 0.018000
v 0.081000 0.048000 0.015000
v 0.081000 0.051000 0.015000
v 0.084000 0.051000 0.015000
v 0.084000 0.048000 0.015000
v 0.081000 0.051000 0.018000
v 0.084000 0.051000 0.018000
v 0.084000 0.054000 0.018000
v 0.081000 0.054000 0.018000
v 0.081000 0.051000 0.015000
v 0.081000 0.054000 0.015000
v 0.084000 0.054000 0.015000
v 0.084000 0.051000 0.015000
v 0.081000 0.054000 0.018000
v 0.084000 0.054000 0.018000
v 0.084000 0.057000 0.018000
v 0.081000 0.057000 0.018000
v 0.081000 0.054000 0.015000
v 0.081000 0.057000 0.015000
v 0.084000 0.057000 0.015000
v 0.084000 0.054000 0.015000
v 0.081000 0.057000 0.018000
v 0.084000 0.057000 0.018000
v 0.084000 0.060000 0.018000
v 0.081000 0.060000 0.018000
v 0.081000 0.057000 0.015000
v 0.081000 0.060000 0.015000
v 0.084000 0.060000 0.015000
v 0.084000 0.057000 0.015000
v 0.081000 0.060000 0.018000
v 0.084000 0.060000 0.018000
v 0.084000 0.063000 0.018000
v 0.081000 0.063000 0.018000
v 0.081000 0.060000 0.015000
v 0.081000 0.063000 0.015000
v 0.084000 0.063000 0.015000
v 0.084000 0.060000 0.015000
v 0.081000 0.063000 0.018000
v 0.084000 0.063000 0.018000
v 0.084000 0.066000 0.018000
v 0.081000 0.066000 0.018000
v 0.081000 0.063000 0.015000
v 0.081000 0.066000 0.015000
v 0.084000 0.066000 0.015000
v 0.084000 0.063000 0.015000
v 0.081000 0.066000 0.018000
v 0.084000 0.066000 0.018000
v 0.084000 0.069000 0.018000
v 0.081000 0.069000 0.018000
v 0.081000 0.066000 0.015000
v 0.081000 0.069000 0.015000
v 0.084000 0.069000 0.015000
v 0.084000 0.066000 0.015000
v 0.081000 0.069000 0.018000
v 0.084000 0.069000 0.018000
v 0.084000 0.072000 0.018000
v 0.081000 0.072000 0.018000
v 0.081000 0.069000 0.015000
v 0.081000 0.072000 0.015000
v 0.084000 0.072000 0.015000
v 0.084000 0.069000 0.015000
v 0.081000 0.072000 0.018000
v 0.084000 0.072000 0.018000
v 0.084000 0.075000 0.018000
v 0.081000 0.075000 0.018000
v 0.081000 0.072000 0.015000
v 0.081000 0.075000 0.015000
v 0.084000 0.075000 0.015000
v 0.084000 0.072000 0.015000
v 0.081000 0.075000 0.018000
v 0.084000 0.075000 0.018000
v 0.084000 0.078000 0.018000
v 0.081000 0.078000 0.018000
v 0.081000 0.075000 0.015000
v 0.081000 0.078000 0.015000
v 0.084000 0.078000 0.015000
v 0.084000 0.075000 0.015000
v 0.081000 0.078000 0.018000
v 0.084000 0.078000 0.018000
v 0.084000 0.081000 0.018000
v 0.081000 0.081000 0.018000
v 0.081000 0.078000 0.015000
v 0.081000 0.081000 0.015000
v 0.084000 0.081000 0.015000
v 0.084000 0.078000 0.015000
v 0.081000 0.081000 0.018000
v 0.084000 0.081000 0.018000
v 0.084000 0.084000 0.018000
v 0.081000 0.084000 0.018000
v 0.081000 0.081000 0.015000
v 0.081000 0.084000 0.015000
v 0.084000 0.084000 0.015000
v 0.084000 0.081000 0.015000
v 0.081000 0.084000 0.018000
v 0.084000 0.084000 0.018000
v 0.084000 0.087000 0.018000
v 0.081000 0.087000 0.018000
v 0.081000 0.084000 0.015000
v 0.081000 0.087000 0.015000
v 0.084000 0.087000 0.015000
v 0.084000 0.084000 0.015000
v 0.081000 0.087000 0.018000
v 0.084000 0.087000 0.018000
v 0.084000 0.090000 0.018000
v 0.081000 0.090000 0.018000
v 0.081000 0.087000 0.015000
v 0.081000 0.090000 0.015000
v 0.084000 0.090000 0.015000
v 0.084000 0.087000 0.015000
v 0.081000 0.090000 0.018000
v 0.084000 0.090000 0.018000
v 0.084000 0.093000 0.018000
v 0.081000 0.093000 0.018000
v 0.081000 0.090000 0.015000
v 0.081000 0.093000 0.015000
v 0.084000 0.093000 0.015000
v 0.084000 0.090000 0.015000
v 0.081000 0.093000 0.018000
v 0.084000 0.093000 0.018000
v 0.084000 0.096000 0.018000
v 0.081000 0.096000 0.018000
v 0.081000 0.093000 0.015000
v 0.081000 0.096000 0.015000
v 0.084000 0.096000 0.015000
v 0.084000 0.093000 0.015000
v 0.081000 0.099000 0.015000
v 0.081000 0.099000 0.018000
v 0.084000 0.099000 0.018000
v 0.084000 0.099000 0.015000
v 0.081000 0.096000 0.018000
v 0.084000 0.096000 0.018000
v 0.084000 0.099000 0.018000
v 0.081000 0.099000 0.018000
v 0.081000 0.096000 0.015000
v 0.081000 0.099000 0.015000
v 0.084000 0.099000 0.015000
v 0.084000 0.096000 0.015000
v 0.087000 0.000000 0.015000
v 0.087000 0.003000 0.015000
v 0.087000 0.003000 0.018000
v 0.087000 0.000000 0.018000
v 0.084000 0.000000 0.015000
v 0.087000 0.000000 0.015000
v 0.087000 0.000000 0.018000
v 0.084000 0.000000 0.018000
v 0.084000 0.000000 0.018000
v 0.087000 0.000000 0.018000
v 0.087000 0.003000 0.018000
v 0.084000 0.003000 0.018000
v 0.084000 0.000000 0.015000
v 0.084000 0.003000 0.015000
v 0.087000 0.003000 0.015000
v 0.087000 0.000000 0.015000
v 0.087000 0.003000 0.015000
v 0.087000 0.006000 0.015000
v 0.087000 0.006000 0.018000
v 0.087000 0.003000 0.018000
v 0.084000 0.003000 0.018000
v 0.087000 0.003000 0.018000
v 0.087000 0.006000 0.018000
v 0.084000 0.006000 0.018000
v 0.084000 0.003000 0.015000
v 0.084000 0.006000 0.015000
v 0.087000 0.006000 0.015000
v 0.087000 0.003000 0.015000
v 0.087000 0.006000 0.015000
v 0.087000 0.009000 0.015000
v 0.087000 0.009000 0.018000
v 0.087000 0.006000 0.018000
v 0.084000 0.006000 0.018000
v 0.087000 0.006000 0.018000
v 0.087000 0.009000 0.018000
v 0.084000 0.009000 0.018000
v 0.084000 0.006000 0.015000
v 0.084000 0.009000 0.015000
v 0.087000 0.009000 0.015000
v 0.087000 0.006000 0.015000
v 0.087000 0.009000 0.015000
v 0.087000 0.012000 0.015000
v 0.087000 0.012000 0.018000
v 0.087000 0.009000 0.018000
v 0.084000 0.009000 0.018000
v 0.087000 0.009000 0.018000
v 0.087000 0.012000 0.018000
v 0.084000 0.012000 0.018000
v 0.084000 0.009000 0.015000
v 0.084000 0.012000 0.015000
v 0.087000 0.012000 0.015000
v 0.087000 0.009000 0.015000
v 0.087000 0.012000 0.015000
v 0.087000 0.015000 0.015000
v 0.087000 0.015000 0.018000
v 0.087000 0.012000 0.018000
v 0.084000 0.012000 0.018000
v 0.087000 0.012000 0.018000
v 0.087000 0.015000 0.018000
v 0.084000 0.015000 0.018000
v 0.084000 0.012000 0.015000
v 0.084000 0.015000 0.015000
v 0.087000 0.015000 0.015000
v 0.087000 0.012000 0.015000
v 0.087000 0.015000 0.015000
v 0.087000 0.018000 0.015000
v 0.087000 0.018000 0.018000
v 0.087000 0.015000 0.018000
v 0.084000 0.015000 0.018000
v 0.087000 0.015000 0.018000
v 0.087000 0.018000 0.018000
v 0.084000 0.018000 0.018000
v 0.084000 0.015000 0.015000
v 0.084000 0.018000 0.015000
v 0.087000 0.018000 0.015000
v 0.087000 0.015000 0.015000
v 0.087000 0.018000 0.015000
v 0.087000 0.021000 0.015000
v 0.087000 0.021000 0.018000
v 0.087000 0.018000 0.018000
v 0.084000 0.018000 0.018000
v 0.087000 0.018000 0.018000
v 0.087000 0.021000 0.018000
v 0.084000 0.021000 0.018000
v 0.084000 0.018000 0.015000
v 0.084000 0.021000 0.015000
v 0.087000 0.021000 0.015000
v 0.087000 0.018000 0.015000
v 0.087000 0.021000 0.015000
v 0.087000 0.024000 0.015000
v 0.087000 0.024000 0.018000
v 0.087000 0.021000 0.018000
v 0.084000 0.021000 0.018000
v 0.087000 0.021000 0.018000
v 0.087000 0.024000 0.018000
v 0.084000 0.024000 0.018000
v 0.084000 0.021000 0.015000
v 0.084000 0.024000 0.015000
v 0.087000 0.024000 0.015000
v 0.087000 0.021000 0.015000
v 0.087000 0.024000 0.015000
v 0.087000 0.027000 0.015000
v 0.087000 0.027000 0.018000
v 0.087000 0.024000 0.018000
v 0.084000 0.024000 0.018000
v 0.087000 0.024000 0.018000
v 0.087000 0.027000 0.018000
v 0.084000 0.027000 0.018000
v 0.084000 0.024000 0.015000
v 0.084000 0.027000 0.015000
v 0.087000 0.027000 0.015000
v 0.087000 0.024000 0.015000
v 0.087000 0.027000 0.015000
v 0.087000 0.030000 0.015000
v 0.087000 0.030000 0.018000
v 0.087000 0.027000 0.018000
v 0.084000 0.027000 0.018000
v 0.087000 0.027000 0.018000
v 0.087000 0.030000 0.018000
v 0.084000 0.030000 0.018000
v 0.084000 0.027000 0.015000
v 0.084000 0.030000 0.015000
v 0.087000 0.030000 0.015000
v 0.087000 0.027000 0.015000
v 0.087000 0.030000 0.015000
v 0.087000 0.033000 0.015000
v 0.087000 0.033000 0.018000
v 0.087000 0.030000 0.018000
v 0.084000 0.030000 0.018000
v 0.087000 0.030000 0.018000
v 0.087000 0.033000 0.018000
v 0.084000 0.033000 0.018000
v 0.084000 0.030000 0.015000
v 0.084000 0.033000 0.015000
v 0.087000 0.033000 0.015000
v 0.087000 0.030000 0.015000
v 0.087000 0.033000 0.015000
v 0.087000 0.036000 0.015000
v 0.087000 0.036000 0.018000
v 0.087000 0.033000 0.018000
v 0.084000 0.033000 0.018000
v 0.087000 0.033000 0.018000
v 0.087000 0.036000 0.018000
v 0.084000 0.036000 0.018000
v 0.084000 0.033000 0.015000
v 0.084000 0.036000 0.015000
v 0.087000 0.036000 0.015000
v 0.087000 0.033000 0.015000
v 0.087000 0.036000 0.015000
v 0.087000 0.039000 0.015000
v 0.087000 0.039000 0.018000
v 0.087000 0.036000 0.018000
v 0.084000 0.036000 0.018000
v 0.087000 0.036000 0.018000
v 0.087000 0.039000 0.018000
v 0.084000 0.039000 0.018000
v 0.084000 0.036000 0.015000
v 0.084000 0.039000 0.015000
v 0.087000 0.039000 0.015000
v 0.087000 0.036000 0.015000
v 0.087000 0.039000 0.015000
v 0.087000 0.042000 0.015000
v 0.087000 0.042000 0.018000
v 0.087000 0.039000 0.018000
v 0.084000 0.039000 0.018000
v 0.087000 0.039000 0.018000
v 0.087000 0.042000 0.018000
v 0.084000 0.042000 0.018000
v 0.084000 0.039000 0.015000
v 0.084000 0.042000 0.015000
v 0.087000 0.042000 0.015000
v 0.087000 0.039000 0.015000
v 0.087000 0.042000 0.015000
v 0.087000 0.045000 0.015000
v 0.087000 0.045000 0.018000
v 0.087000 0.042000 0.018000
v 0.084000 0.042000 0.018000
v 0.087000 0.042000 0.018000
v 0.087000 0.045000 0.018000
v 0.084000 0.045000 0.018000
v 0.084000 0.042000 0.015000
v 0.084000 0.045000 0.015000
v 0.087000 0.045000 0.015000
v 0.087000 0.042000 0.015000
v 0.087000 0.045000 0.015000
v 0.087000 0.048000 0.015000
v 0.087000 0.048000 0.018000
v 0.087000 0.045000 0.018000
v 0.084000 0.045000 0.018000
v 0.087000 0.045000 0.018000
v 0.087000 0.048000 0.018000
v 0.084000 0.048000 0.018000
v 0.084000 0.045000 0.015000
v 0.084000 0.048000 0.015000
v 0.087000 0.048000 0.015000
v 0.087000 0.045000 0.015000
v 0.087000 0.048000 0.015000
v 0.087000 0.051000 0.015000
v 0.087000 0.051000 0.018000
v 0.087000 0.048000 0.018000
v 0.084000 0.048000 0.018000
v 0.087000 0.048000 0.018000
v 0.087000 0.051000 0.018000
v 0.084000 0.051000 0.018000
v 0.084000 0.048000 0.015000
v 0.084000 0.051000 0.015000
v 0.087000 0.051000 0.015000
v 0.087000 0.048000 0.015000
v 0.087000 0.051000 0.015000
v 0.087000 0.054000 0.015000
v 0.087000 0.054000 0.018000
v 0.087000 0.051000 0.018000
v 0.084000 0.051000 0.018000
v 0.087000 0.051000 0.018000
v 0.087000 0.054000 0.018000
v 0.084000 0.054000 0.018000
v 0.084000 0.051000 0.015000
v 0.084000 0.054000 0.015000
v 0.087000 0.054000 0.015000
v 0.087000 0.051000 0.015000
v 0.087000 0.054000 0.015000
v 0.087000 0.057000 0.015000
v 0.087000 0.057000 0.018000
v 0.087000 0.054000 0.018000
v 0.084000 0.054000 0.018000
v 0.087000 0.054000 0.018000
v 0.087000 0.057000 0.018000
v 0.084000 0.057000 0.018000
v 0.084000 0.054000 0.015000
v 0.084000 0.057000 0.015000
v 0.087000 0.057000 0.015000
v 0.087000 0.054000 0.015000
v 0.087000 0.057000 0.015000
v 0.087000 0.060000 0.015000
v 0.087000 0.060000 0.018000
v 0.087000 0.057000 0.018000
v 0.084000 0.057000 0.018000
v 0.087000 0.057000 0.018000
v 0.087000 0.060000 0.018000
v 0.084000 0.060000 0.018000
v 0.084000 0.057000 0.015000
v 0.084000 0.060000 0.015000
v 0.087000 0.060000 0.015000
v 0.087000 0.057000 0.015000
v 0.087000 0.060000 0.015000
v 0.087000 0.063000 0.015000
v 0.087000 0.063000 0.018000
v 0.087000 0.060000 0.018000
v 0.084000 0.060000 0.018000
v 0.087000 0.060000 0.018000
v 0.087000 0.063000 0.018000
v 0.084000 0.063000 0.018000
v 0.084000 0.060000 0.015000
v 0.084000 0.063000 0.015000
v 0.087000 0.063000 0.015000
v 0.087000 0.060000 0.015000
v 0.087000 0.063000 0.015000
v 0.087000 0.066000 0.015000
v 0.087000 0.066000 0.018000
v 0.087000 0.063000 0.018000
v 0.084000 0.063000 0.018000
v 0.087000 0.063000 0.018000
v 0.087000 0.066000 0.018000
v 0.084000 0.066000 0.018000
v 0.084000 0.063000 0.015000
v 0.084000 0.066000 0.015000
v 0.087000 0.066000 0.015000
v 0.087000 0.063000 0.015000
v 0.087000 0.066000 0.015000
v 0.087000 0.069000 0.015000
v 0.087000 0.069000 0.018000
v 0.087000 0.066000 0.018000
v 0.084000 0.066000 0.018000
v 0.087000 0.066000 0.018000
v 0.087000 0.069000 0.018000
v 0.084000 0.069000 0.018000
v 0.084000 0.066000 0.015000
v 0.084000 0.069000 0.015000
v 0.087000 0.069000 0.015000
v 0.087000 0.066000 0.015000
v 0.087000 0.069000 0.015000
v 0.087000 0.072000 0.015000
v 0.087000 0.072000 0.018000
v 0.087000 0.069000 0.018000
v 0.084000 0.069000 0.018000
v 0.087000 0.069000 0.018000
v 0.087000 0.072000 0.018000
v 0.084000 0.072000 0.018000
v 0.084000 0.069000 0.015000
v 0.084000 0.072000 0.015000
v 0.087000 0.072000 0.015000
v 0.087000 0.069000 0.015000
v 0.087000 0.072000 0.015000
v 0.087000 0.075000 0.015000
v 0.087000 0.075000 0.018000
v 0.087000 0.072000 0.018000
v 0.084000 0.072000 0.018000
v 0.087000 0.072000 0.018000
v 0.087000 0.075000 0.018000
v 0.084000 0.075000 0.018000
v 0.084000 0.072000 0.015000
v 0.084000 0.075000 0.015000
v 0.087000 0.075000 0.015000
v 0.087000 0.072000 0.015000
v 0.087000 0.075000 0.015000
v 0.087000 0.078000 0.015000
v 0.087000 0.078000 0.018000
v 0.087000 0.075000 0.018000
v 0.084000 0.075000 0.018000
v 0.087000 0.075000 0.018000
v 0.087000 0.078000 0.018000
v 0.084000 0.078000 0.018000
v 0.084000 0.075000 0.015000
v 0.084000 0.078000 0.015000
v 0.087000 0.078000 0.015000
v 0.087000 0.075000 0.015000
v 0.087000 0.078000 0.015000
v 0.087000 0.081000 0.015000
v 0.087000 0.081000 0.018000
v 0.087000 0.078000 0.018000
v 0.084000 0.078000 0.018000
v 0.087000 0.078000 0.018000
v 0.087000 0.081000 0.018000
v 0.084000 0.081000 0.018000
v 0.084000 0.078000 0.015000
v 0.084000 0.081000 0.015000
v 0.087000 0.081000 0.015000
v 0.087000 0.078000 0.015000
v 0.087000 0.081000 0.015000
v 0.087000 0.084000 0.015000
v 0.087000 0.084000 0.018000
v 0.087000 0.081000 0.018000
v 0.084000 0.081000 0.018000
v 0.087000 0.081000 0.018000
v 0.087000 0.084000 0.018000
v 0.084000 0.084000 0.018000
v 0.084000 0.081000 0.015000
v 0.084000 0.084000 0.015000
v 0.087000 0.084000 0.015000
v 0.087000 0.081000 0.015000
v 0.087000 0.084000 0.015000
v 0.087000 0.087000 0.015000
v 0.087000 0.087000 0.018000
v 0.087000 0.084000 0.018000
v 0.084000 0.084000 0.018000
v 0.087000 0.084000 0.018000
v 0.087000 0.087000 0.018000
v 0.084000 0.087000 0.018000
v 0.084000 0.084000 0.015000
v 0.084000 0.087000 0.015000
v 0.087000 0.087000 0.015000
v 0.087000 0.084000 0.015000
v 0.087000 0.087000 0.015000
v 0.087000 0.090000 0.015000
v 0.087000 0.090000 0.018000
v 0.087000 0.087000 0.018000
v 0.084000 0.087000 0.018000
v 0.087000 0.087000 0.018000
v 0.087000 0.090000 0.018000
v 0.084000 0.090000 0.018000
v 0.084000 0.087000 0.015000
v 0.084000 0.090000 0.015000
v 0.087000 0.090000 0.015000
v 0.087000 0.087000 0.015000
v 0.087000 0.090000 0.015000
v 0.087000 0.093000 0.015000
v 0.087000 0.093000 0.018000
v 0.087000 0.090000 0.018000
v 0.084000 0.090000 0.018000
v 0.087000 0.090000 0.018000
v 0.087000 0.093000 0.018000
v 0.084000 0.093000 0.018000
v 0.084000 0.090000 0.015000
v 0.084000 0.093000 0.015000
v 0.087000 0.093000 0.015000
v 0.087000 0.090000 0.015000
v 0.087000 0.093000 0.015000
v 0.087000 0.096000 0.015000
v 0.087000 0.096000 0.018000
v 0.087000 0.093000 0.018000
v 0.084000 0.093000 0.018000
v 0.087000 0.093000 0.018000
v 0.087000 0.096000 0.018000
v 0.084000 0.096000 0.018000
v 0.084000 0.093000 0.015000
v 0.084000 0.096000 0.015000
v 0.087000 0.096000 0.015000
v 0.087000 0.093000 0.015000
v 0.087000 0.096000 0.015000
v 0.087000 0.099000 0.015000
v 0.087000 0.099000 0.018000
v 0.087000 0.096000 0.018000
v 0.084000 0.099000 0.015000
v 0.084000 0.099000 0.018000
v 0.087000 0.099000 0.018000
v 0.087000 0.099000 0.015000
v 0.084000 0.096000 0.018000
v 0.087000 0.096000 0.018000
v 0.087000 0.099000 0.018000
v 0.084000 0.099000 0.018000
v 0.084000 0.096000 0.015000
v 0.084000 0.099000 0.015000
v 0.087000 0.099000 0.015000
v 0.087000 0.096000 0.015000
vt 0.000000 0.000000
vt 1.000000 0.000000
vt 1.000000 1.000000
vt 0.000000 1.000000
f 1/1 2/2 3/3
f 1/1 3/3 4/4
f 5/1 6/2 7/3
f 5/1 7/3 8/4
f 9/1 10/2 11/3
f 9/1 11/3 12/4
f 13/1 14/2 15/3
f 13/1 15/3 16/4
f 17/1 18/2 19/3
f 17/1 19/3 20/4
f 21/1 22/2 23/3
f 21/1 23/3 24/4
f 25/1 26/2 27/3
f 25/1 27/3 28/4
f 29/1 30/2 31/3
f 29/1 31/3 32/4
f 33/1 34/2 35/3
f 33/1 35/3 36/4
f 37/1 38/2 39/3
f 37/1 39/3 40/4
f 41/1 42/2 43/3
f 41/1 43/3 44/4
f 45/1 46/2 47/3
f 45/1 47/3 48/4
f 49/1 50/2 51/3
f 49/1 51/3 52/4
f 53/1 54/2 55/3
f 53/1 55/3 56/4
f 57/1 58/2 59/3
f 57/1 59/3 60/4
f 61/1 62/2 63/3
f 61/1 63/3 64/4
f 65/1 66/2 67/3
f 65/1 67/3 68/4
f 69/1 70/2 71/3
f 69/1 71/3 72/4
f 73/1 74/2 75/3
f 73/1 75/3 76/4
f 77/1 78/2 79/3
f 77/1 79/3 80/4
f 81/1 82/2 83/3
f 81/1 83/3 84/4
f 85/1 86/2 87/3
f 85/1 87/3 88/4
f 89/1 90/2 91/3
f 89/1 91/3 92/4
f 93/1 94/2 95/3
f 93/1 95/3 96/4
f 97/1 98/2 99/3
f 97/1 99/3 100/4
f 101/1 102/2 103/3
f 101/1 103/3 104/4
f 105/1 106/2 107/3
f 105/1 107/3 108/4
f 109/1 110/2 111/3
f 109/1 111/3 112/4
f 113/1 114/2 115/3
f 113/1 115/3 116/4
f 117/1 118/2 119/3
f 117/1 119/3 120/4
f 121/1 122/2 123/3
f 121/1 123/3 124/4
f 125/1 126/2 127/3
f 125/1 127/3 128/4
f 129/1 130/2 131/3
f 129/1 131/3 132/4
f 133/1 134/2 135/3
f 133/1 135/3 136/4
f 137/1 138/2 139/3
f 137/1 139/3 140/4
f 141/1 142/2 143/3
f 141/1 143/3 144/4
f 145/1 146/2 147/3
f 145/1 147/3 148/4
f 149/1 150/2 151/3
f 149/1 151/3 152/4
f 153/1 154/2 155/3
f 153/1 155/3 156/4
f 157/1 158/2 159/3
f 157/1 159/3 160/4
f 161/1 162/2 163/3
f 161/1 163/3 164/4
f 165/1 166/2 167/3
f 165/1 167/3 168/4
f 169/1 170/2 171/3
f 169/1 171/3 172/4
f 173/1 174/2 175/3
f 173/1 175/3 176/4
f 177/1 178/2 179/3
f 177/1 179/3 180/4
f 181/1 182/2 183/3
f 181/1 183/3 184/4
f 185/1 186/2 187/3
f 185/1 187/3 188/4
f 189/1 190/2 191/3
f 189/1 191/3 192/4
f 193/1 194/2 195/3
f 193/1 195/3 196/4
f 197/1 198/2 199/3
f 197/1 199/3 200/4
f 201/1 202/2 203/3
f 201/1 203/3 204/4
f 205/1 206/2 207/3
f 205/1 207/3 208/4
f 209/1 210/2 211/3
f 209/1 211/3 212/4
f 213/1 214/2 215/3
f 213/1 215/3 216/4
f 217/1 218/2 219/3
f 217/1 219/3 220/4
f 221/1 222/2 223/3
f 221/1 223/3 224/4
f 225/1 226/2 227/3
f 225/1 227/3 228/4
f 229/1 230/2 231/3
f 229/1 231/3 232/4
f 233/1 234/2 235/3
f 233/1 235/3 236/4
f 237/1 238/2 239/3
f 237/1 239/3 240/4
f 241/1 242/2 243/3
f 241/1 243/3 244/4
f 245/1 246/2 247/3
f 245/1 247/3 248/4
f 249/1 250/2 251/3
f 249/1 251/3 252/4
f 253/1 254/2 255/3
f 253/1 255/3 256/4
f 257/1 258/2 259/3
f 257/1 259/3 260/4
f 261/1 262/2 263/3
f 261/1 263/3 264/4
f 265/1 266/2 267/3
f 265/1 267/3 268/4
f 269/1 270/2 271/3
f 269/1 271/3 272/4
f 273/1 274/2 275/3
f 273/1 275/3 276/4
f 277/1 278/2 279/3
f 277/1 279/3 280/4
f 281/1 282/2 283/3
f 281/1 283/3 284/4
f 285/1 286/2 287/3
f 285/1 287/3 288/4
f 289/1 290/2 291/3
f 289/1 291/3 292/4
f 293/1 294/2 295/3
f 293/1 295/3 296/4
f 297/1 298/2 299/3
f 297/1 299/3 300/4
f 301/1 302/2 303/3
f 301/1 303/3 304/4
f 305/1 306/2 307/3
f 305/1 307/3 308/4
f 309/1 310/2 311/3
f 309/1 311/3 312/4
f 313/1 314/2 315/3
f 313/1 315/3 316/4
f 317/1 318/2 319/3
f 317/1 319/3 320/4
f 321/1 322/2 323/3
f 321/1 323/3 324/4
f 325/1 326/2 327/3
f 325/1 327/3 328/4
f 329/1 330/2 331/3
f 329/1 331/3 332/4
f 333/1 334/2 335/3
f 333/1 335/3 336/4
f 337/1 338/2 339/3
f 337/1 339/3 340/4
f 341/1 342/2 343/3
f 341/1 343/3 344/4
f 345/1 346/2 347/3
f 345/1 347/3 348/4
f 349/1 350/2 351/3
f 349/1 351/3 352/4
f 353/1 354/2 355/3
f 353/1 355/3 356/4
f 357/1 358/2 359/3
f 357/1 359/3 360/4
f 361/1 362/2 363/3
f 361/1 363/3 364/4
f 365/1 366/2 367/3
f 365/1 367/3 368/4
f 369/1 370/2 371/3
f 369/1 371/3 372/4
f 373/1 374/2 375/3
f 373/1 375/3 376/4
f 377/1 378/2 379/3
f 377/1 379/3 380/4
f 381/1 382/2 383/3
f 381/1 383/3 384/4
f 385/1 386/2 387/3
f 385/1 387/3 388/4
f 389/1 390/2 391/3
f 389/1 391/3 392/4
f 393/1 394/2 395/3
f 393/1 395/3 396/4
f 397/1 398/2 399/3
f 397/1 399/3 400/4
f 401/1 402/2 403/3
f 401/1 403/3 404/4
f 405/1 406/2 407/3
f 405/1 407/3 408/4
f 409/1 410/2 411/3
f 409/1 411/3 412/4
f 413/1 414/2 415/3
f 413/1 415/3 416/4
f 417/1 418/2 419/3
f 417/1 419/3 420/4
f 421/1 422/2 423/3
f 421/1 423/3 424/4
f 425/1 426/2 427/3
f 425/1 427/3 428/4
f 429/1 430/2 431/3
f 429/1 431/3 432/4
f 433/1 434/2 435/3
f 433/1 435/3 436/4
f 437/1 438/2 439/3
f 437/1 439/3 440/4
f 441/1 442/2 443/3
f 441/1 443/3 444/4
f 445/1 446/2 447/3
f 445/1 447/3 448/4
f 449/1 450/2 451/3
f 449/1 451/3 452/4
f 453/1 454/2 455/3
f 453/1 455/3 456/4
f 457/1 458/2 459/3
f 457/1 459/3 460/4
f 461/1 462/2 463/3
f 461/1 463/3 464/4
f 465/1 466/2 467/3
f 465/1 467/3 468/4
f 469/1 470/2 471/3
f 469/1 471/3 472/4
f 473/1 474/2 475/3
f 473/1 475/3 476/4
f 477/1 478/2 479/3
f 477/1 479/3 480/4
f 481/1 482/2 483/3
f 481/1 483/3 484/4
f 485/1 486/2 487/3
f 485/1 487/3 488/4
f 489/1 490/2 491/3
f 489/1 491/3 492/4
f 493/1 494/2 495/3
f 493/1 495/3 496/4
f 497/1 498/2 499/3
f 497/1 499/3 500/4
f 501/1 502/2 503/3
f 501/1 503/3 504/4
f 505/1 506/2 507/3
f 505/1 507/3 508/4
f 509/1 510/2 511/3
f 509/1 511/3 512/4
f 513/1 514/2 515/3
f 513/1 515/3 516/4
f 517/1 518/2 519/3
f 517/1 519/3 520/4
f 521/1 522/2 523/3
f 521/1 523/3 524/4
f 525/1 526/2 527/3
f 525/1 527/3 528/4
f 529/1 530/2 531/3
f 529/1 531/3 532/4
f 533/1 534/2 535/3
f 533/1 535/3 536/4
f 537/1 538/2 539/3
f 537/1 539/3 540/4
f 541/1 542/2 543/3
f 541/1 543/3 544/4
f 545/1 546/2 547/3
f 545/1 547/3 548/4
f 549/1 550/2 551/3
f 549/1 551/3 552/4
f 553/1 554/2 555/3
f 553/1 555/3 556/4
f 557/1 558/2 559/3
f 557/1 559/3 560/4
f 561/1 562/2 563/3
f 561/1 563/3 564/4
f 565/1 566/2 567/3
f 565/1 567/3 568/4
f 569/1 570/2 571/3
f 569/1 571/3 572/4
f 573/1 574/2 575/3
f 573/1 575/3 576/4
f 577/1 578/2 579/3
f 577/1 579/3 580/4
f 581/1 582/2 583/3
f 581/1 583/3 584/4
f 585/1 586/2 587/3
f 585/1 587/3 588/4
f 589/1 590/2 591/3
f 589/1 591/3 592/4
f 593/1 594/2 595/3
f 593/1 595/3 596/4
f 597/1 598/2 599/3
f 597/1 599/3 600/4
f 601/1 602/2 603/3
f 601/1 603/3 604/4
f 605/1 606/2 607/3
f 605/1 607/3 608/4
f 609/1 610/2 611/3
f 609/1 611/3 612/4
f 613/1 614/2 615/3
f 613/1 615/3 616/4
f 617/1 618/2 619/3
f 617/1 619/3 620/4
f 621/1 622/2 623/3
f 621/1 623/3 624/4
f 625/1 626/2 627/3
f 625/1 627/3 628/4
f 629/1 630/2 631/3
f 629/1 631/3 632/4
f 633/1 634/2 635/3
f 633/1 635/3 636/4
f 637/1 638/2 639/3
f 637/1 639/3 640/4
f 641/1 642/2 643/3
f 641/1 643/3 644/4
f 645/1 646/2 647/3
f 645/1 647/3 648/4
f 649/1 650/2 651/3
f 649/1 651/3 652/4
f 653/1 654/2 655/3
f 653/1 655/3 656/4
f 657/1 658/2 659/3
f 657/1 659/3 660/4
f 661/1 662/2 663/3
f 661/1 663/3 664/4
f 665/1 666/2 667/3
f 665/1 667/3 668/4
f 669/1 670/2 671/3
f 669/1 671/3 672/4
f 673/1 674/2 675/3
f 673/1 675/3 676/4
f 677/1 678/2 679/3
f 677/1 679/3 680/4
f 681/1 682/2 683/3
f 681/1 683/3 684/4
f 685/1 686/2 687/3
f 685/1 687/3 688/4
f 689/1 690/2 691/3
f 689/1 691/3 692/4
f 693/1 694/2 695/3
f 693/1 695/3 696/4
f 697/1 698/2 699/3
f 697/1 699/3 700/4
f 701/1 702/2 703/3
f 701/1 703/3 704/4
f 705/1 706/2 707/3
f 705/1 707/3 708/4
f 709/1 710/2 711/3
f 709/1 711/3 712/4
f 713/1 714/2 715/3
f 713/1 715/3 716/4
f 717/1 718/2 719/3
f 717/1 719/3 720/4
f 721/1 722/2 723/3
f 721/1 723/3 724/4
f 725/1 726/2 727/3
f 725/1 727/3 728/4
f 729/1 730/2 731/3
f 729/1 731/3 732/4
f 733/1 734/2 735/3
f 733/1 735/3 736/4
f 737/1 738/2 739/3
f 737/1 739/3 740/4
f 741/1 742/2 743/3
f 741/1 743/3 744/4
f 745/1 746/2 747/3
f 745/1 747/3 748/4
f 749/1 750/2 751/3
f 749/1 751/3 752/4
f 753/1 754/2 755/3
f 753/1 755/3 756/4
f 757/1 758/2 759/3
f 757/1 759/3 760/4
f 761/1 762/2 763/3
f 761/1 763/3 764/4
f 765/1 766/2 767/3
f 765/1 767/3 768/4
f 769/1 770/2 771/3
f 769/1 771/3 772/4
f 773/1 774/2 775/3
f 773/1 775/3 776/4
f 777/1 778/2 779/3
f 777/1 779/3 780/4
f 781/1 782/2 783/3
f 781/1 783/3 784/4
f 785/1 786/2 787/3
f 785/1 787/3 788/4
f 789/1 790/2 791/3
f 789/1 791/3 792/4
f 793/1 794/2 795/3
f 793/1 795/3 796/4
f 797/1 798/2 799/3
f 797/1 799/3 800/4
f 801/1 802/2 803/3
f 801/1 803/3 804/4
f 805/1 806/2 807/3
f 805/1 807/3 808/4
f 809/1 810/2 811/3
f 809/1 811/3 812/4
f 813/1 814/2 815/3
f 813/1 815/3 816/4
f 817/1 818/2 819/3
f 817/1 819/3 820/4
f 821/1 822/2 823/3
f 821/1 823/3 824/4
f 825/1 826/2 827/3
f 825/1 827/3 828/4
f 829/1 830/2 831/3
f 829/1 831/3 832/4
f 833/1 834/2 835/3
f 833/1 835/3 836/4
f 837/1 838/2 839/3
f 837/1 839/3 840/4
f 841/1 842/2 843/3
f 841/1 843/3 844/4
f 845/1 846/2 847/3
f 845/1 847/3 848/4
f 849/1 850/2 851/3
f 849/1 851/3 852/4
f 853/1 854/2 855/3
f 853/1 855/3 856/4
f 857/1 858/2 859/3
f 857/1 859/3 860/4
f 861/1 862/2 863/3
f 861/1 863/3 864/4
f 865/1 866/2 867/3
f 865/1 867/3 868/4
f 869/1 870/2 871/3
f 869/1 871/3 872/4
f 873/1 874/2 875/3
f 873/1 875/3 876/4
f 877/1 878/2 879/3
f 877/1 879/3 880/4
f 881/1 882/2 883/3
f 881/1 883/3 884/4
f 885/1 886/2 887/3
f 885/1 887/3 888/4
f 889/1 890/2 891/3
f 889/1 891/3 892/4
f 893/1 894/2 895/3
f 893/1 895/3 896/4
f 897/1 898/2 899/3
f 897/1 899/3 900/4
f 901/1 902/2 903/3
f 901/1 903/3 904/4
f 905/1 906/2 907/3
f 905/1 907/3 908/4
f 909/1 910/2 911/3
f 909/1 911/3 912/4
f 913/1 914/2 915/3
f 913/1 915/3 916/4
f 917/1 918/2 919/3
f 917/1 919/3 920/4
f 921/1 922/2 923/3
f 921/1 923/3 924/4
f 925/1 926/2 927/3
f 925/1 927/3 928/4
f 929/1 930/2 931/3
f 929/1 931/3 932/4
f 933/1 934/2 935/3
f 933/1 935/3 936/4
f 937/1 938/2 939/3
f 937/1 939/3 940/4
f 941/1 942/2 943/3
f 941/1 943/3 944/4
f 945/1 946/2 947/3
f 945/1 947/3 948/4
f 949/1 950/2 951/3
f 949/1 951/3 952/4
f 953/1 954/2 955/3
f 953/1 955/3 956/4
f 957/1 958/2 959/3
f 957/1 959/3 960/4
f 961/1 962/2 963/3
f 961/1 963/3 964/4
f 965/1 966/2 967/3
f 965/1 967/3 968/4
f 969/1 970/2 971/3
f 969/1 971/3 972/4
f 973/1 974/2 975/3
f 973/1 975/3 976/4
f 977/1 978/2 979/3
f 977/1 979/3 980/4
f 981/1 982/2 983/3
f 981/1 983/3 984/4
f 985/1 986/2 987/3
f 985/1 987/3 988/4
f 989/1 990/2 991/3
f 989/1 991/3 992/4
f 993/1 994/2 995/3
f 993/1 995/3 996/4
f 997/1 998/2 999/3
f 997/1 999/3 1000/4
f 1001/1 1002/2 1003/3
f 1001/1 1003/3 1004/4
f 1005/1 1006/2 1007/3
f 1005/1 1007/3 1008/4
f 1009/1 1010/2 1011/3
f 1009/1 1011/3 1012/4
f 1013/1 1014/2 1015/3
f 1013/1 1015/3 1016/4
f 1017/1 1018/2 1019/3
f 1017/1 1019/3 1020/4
f 1021/1 1022/2 1023/3
f 1021/1 1023/3 1024/4
f 1025/1 1026/2 1027/3
f 1025/1 1027/3 1028/4
f 1029/1 1030/2 1031/3
f 1029/1 1031/3 1032/4
f 1033/1 1034/2 1035/3
f 1033/1 1035/3 1036/4
f 1037/1 1038/2 1039/3
f 1037/1 1039/3 1040/4
f 1041/1 1042/2 1043/3
f 1041/1 1043/3 1044/4
f 1045/1 1046/2 1047/3
f 1045/1 1047/3 1048/4
f 1049/1 1050/2 1051/3
f 1049/1 1051/3 1052/4
f 1053/1 1054/2 1055/3
f 1053/1 1055/3 1056/4
f 1057/1 1058/2 1059/3
f 1057/1 1059/3 1060/4
f 1061/1 1062/2 1063/3
f 1061/1 1063/3 1064/4
f 1065/1 1066/2 1067/3
f 1065/1 1067/3 1068/4
f 1069/1 1070/2 1071/3
f 1069/1 1071/3 1072/4
f 1073/1 1074/2 1075/3
f 1073/1 1075/3 1076/4
f 1077/1 1078/2 1079/3
f 1077/1 1079/3 1080/4
f 1081/1 1082/2 1083/3
f 1081/1 1083/3 1084/4
f 1085/1 1086/2 1087/3
f 1085/1 1087/3 1088/4
f 1089/1 1090/2 1091/3
f 1089/1 1091/3 1092/4
f 1093/1 1094/2 1095/3
f 1093/1 1095/3 1096/4
f 1097/1 1098/2 1099/3
f 1097/1 1099/3 1100/4
f 1101/1 1102/2 1103/3
f 1101/1 1103/3 1104/4
f 1105/1 1106/2 1107/3
f 1105/1 1107/3 1108/4
f 1109/1 1110/2 1111/3
f 1109/1 1111/3 1112/4
f 1113/1 1114/2 1115/3
f 1113/1 1115/3 1116/4
f 1117/1 1118/2 1119/3
f 1117/1 1119/3 1120/4
f 1121/1 1122/2 1123/3
f 1121/1 1123/3 1124/4
f 1125/1 1126/2 1127/3
f 1125/1 1127/3 1128/4
f 1129/1 1130/2 1131/3
f 1129/1 1131/3 1132/4
f 1133/1 1134/2 1135/3
f 1133/1 1135/3 1136/4
f 1137/1 1138/2 1139/3
f 1137/1 1139/3 1140/4
f 1141/1 1142/2 1143/3
f 1141/1 1143/3 1144/4
f 1145/1 1146/2 1147/3
f 1145/1 1147/3 1148/4
f 1149/1 1150/2 1151/3
f 1149/1 1151/3 1152/4
f 1153/1 1154/2 1155/3
f 1153/1 1155/3 1156/4
f 1157/1 1158/2 1159/3
f 1157/1 1159/3 1160/4
f 1161/1 1162/2 1163/3
f 1161/1 1163/3 1164/4
f 1165/1 1166/2 1167/3
f 1165/1 1167/3 1168/4
f 1169/1 1170/2 1171/3
f 1169/1 1171/3 1172/4
f 1173/1 1174/2 1175/3
f 1173/1 1175/3 1176/4
f 1177/1 1178/2 1179/3
f 1177/1 1179/3 1180/4
f 1181/1 1182/2 1183/3
f 1181/1 1183/3 1184/4
f 1185/1 1186/2 1187/3
f 1185/1 1187/3 1188/4
f 1189/1 1190/2 1191/3
f 1189/1 1191/3 1192/4
f 1193/1 1194/2 1195/3
f 1193/1 1195/3 1196/4
f 1197/1 1198/2 1199/3
f 1197/1 1199/3 1200/4
f 1201/1 1202/2 1203/3
f 1201/1 1203/3 1204/4
f 1205/1 1206/2 1207/3
f 1205/1 1207/3 1208/4
f 1209/1 1210/2 1211/3
f 1209/1 1211/3 1212/4
f 1213/1 1214/2 1215/3
f 1213/1 1215/3 1216/4
f 1217/1 1218/2 1219/3
f 1217/1 1219/3 1220/4
f 1221/1 1222/2 1223/3
f 1221/1 1223/3 1224/4
f 1225/1 1226/2 1227/3
f 1225/1 1227/3 1228/4
f 1229/1 1230/2 1231/3
f 1229/1 1231/3 1232/4
f 1233/1 1234/2 1235/3
f 1233/1 1235/3 1236/4
f 1237/1 1238/2 1239/3
f 1237/1 1239/3 1240/4
f 1241/1 1242/2 1243/3
f 1241/1 1243/3 1244/4
f 1245/1 1246/2 1247/3
f 1245/1 1247/3 1248/4
f 1249/1 1250/2 1251/3
f 1249/1 1251/3 1252/4
f 1253/1 1254/2 1255/3
f 1253/1 1255/3 1256/4
f 1257/1 1258/2 1259/3
f 1257/1 1259/3 1260/4
f 1261/1 1262/2 1263/3
f 1261/1 1263/3 1264/4
f 1265/1 1266/2 1267/3
f 1265/1 1267/3 1268/4
f 1269/1 1270/2 1271/3
f 1269/1 1271/3 1272/4
f 1273/1 1274/2 1275/3
f 1273/1 1275/3 1276/4
f 1277/1 1278/2 1279/3
f 1277/1 1279/3 1280/4
f 1281/1 1282/2 1283/3
f 1281/1 1283/3 1284/4
f 1285/1 1286/2 1287/3
f 1285/1 1287/3 1288/4
f 1289/1 1290/2 1291/3
f 1289/1 1291/3 1292/4
f 1293/1 1294/2 1295/3
f 1293/1 1295/3 1296/4
f 1297/1 1298/2 1299/3
f 1297/1 1299/3 1300/4
f 1301/1 1302/2 1303/3
f 1301/1 1303/3 1304/4
f 1305/1 1306/2 1307/3
f 1305/1 1307/3 1308/4
f 1309/1 1310/2 1311/3
f 1309/1 1311/3 1312/4
f 1313/1 1314/2 1315/3
f 1313/1 1315/3 1316/4
f 1317/1 1318/2 1319/3
f 1317/1 1319/3 1320/4
f 1321/1 1322/2 1323/3
f 1321/1 1323/3 1324/4
f 1325/1 1326/2 1327/3
f 1325/1 1327/3 1328/4
f 1329/1 1330/2 1331/3
f 1329/1 1331/3 1332/4
f 1333/1 1334/2 1335/3
f 1333/1 1335/3 1336/4
f 1337/1 1338/2 1339/3
f 1337/1 1339/3 1340/4
f 1341/1 1342/2 1343/3
f 1341/1 1343/3 1344/4
f 1345/1 1346/2 1347/3
f 1345/1 1347/3 1348/4
f 1349/1 1350/2 1351/3
f 1349/1 1351/3 1352/4
f 1353/1 1354/2 1355/3
f 1353/1 1355/3 1356/4
f 1357/1 1358/2 1359/3
f 1357/1 1359/3 1360/4
f 1361/1 1362/2 1363/3
f 1361/1 1363/3 1364/4
f 1365/1 1366/2 1367/3
f 1365/1 1367/3 1368/4
f 1369/1 1370/2 1371/3
f 1369/1 1371/3 1372/4
f 1373/1 1374/2 1375/3
f 1373/1 1375/3 1376/4
f 1377/1 1378/2 1379/3
f 1377/1 1379/3 1380/4
f 1381/1 1382/2 1383/3
f 1381/1 1383/3 1384/4
f 1385/1 1386/2 1387/3
f 1385/1 1387/3 1388/4
f 1389/1 1390/2 1391/3
f 1389/1 1391/3 1392/4
f 1393/1 1394/2 1395/3
f 1393/1 1395/3 1396/4
f 1397/1 1398/2 1399/3
f 1397/1 1399/3 1400/4
f 1401/1 1402/2 1403/3
f 1401/1 1403/3 1404/4
f 1405/1 1406/2 1407/3
f 1405/1 1407/3 1408/4
f 1409/1 1410/2 1411/3
f 1409/1 1411/3 1412/4
f 1413/1 1414/2 1415/3
f 1413/1 1415/3 1416/4
f 1417/1 1418/2 1419/3
f 1417/1 1419/3 1420/4
f 1421/1 1422/2 1423/3
f 1421/1 1423/3 1424/4
f 1425/1 1426/2 1427/3
f 1425/1 1427/3 1428/4
f 1429/1 1430/2 1431/3
f 1429/1 1431/3 1432/4
f 1433/1 1434/2 1435/3
f 1433/1 1435/3 1436/4
f 1437/1 1438/2 1439/3
f 1437/1 1439/3 1440/4
f 1441/1 1442/2 1443/3
f 1441/1 1443/3 1444/4
f 1445/1 1446/2 1447/3
f 1445/1 1447/3 1448/4
f 1449/1 1450/2 1451/3
f 1449/1 1451/3 1452/4
f 1453/1 1454/2 1455/3
f 1453/1 1455/3 1456/4
f 1457/1 1458/2 1459/3
f 1457/1 1459/3 1460/4
f 1461/1 1462/2 1463/3
f 1461/1 1463/3 1464/4
f 1465/1 1466/2 1467/3
f 1465/1 1467/3 1468/4
f 1469/1 1470/2 1471/3
f 1469/1 1471/3 1472/4
f 1473/1 1474/2 1475/3
f 1473/1 1475/3 1476/4
f 1477/1 1478/2 1479/3
f 1477/1 1479/3 1480/4
f 1481/1 1482/2 1483/3
f 1481/1 1483/3 1484/4
f 1485/1 1486/2 1487/3
f 1485/1 1487/3 1488/4
f 1489/1 1490/2 1491/3
f 1489/1 1491/3 1492/4
f 1493/1 1494/2 1495/3
f 1493/1 1495/3 1496/4
f 1497/1 1498/2 1499/3
f 1497/1 1499/3 1500/4
f 1501/1 1502/2 1503/3
f 1501/1 1503/3 1504/4
f 1505/1 1506/2 1507/3
f 1505/1 1507/3 1508/4
f 1509/1 1510/2 1511/3
f 1509/1 1511/3 1512/4
f 1513/1 1514/2 1515/3
f 1513/1 1515/3 1516/4
f 1517/1 1518/2 1519/3
f 1517/1 1519/3 1520/4
f 1521/1 1522/2 1523/3
f 1521/1 1523/3 1524/4
f 1525/1 1526/2 1527/3
f 1525/1 1527/3 1528/4
f 1529/1 1530/2 1531/3
f 1529/1 1531/3 1532/4
f 1533/1 1534/2 1535/3
f 1533/1 1535/3 1536/4
f 1537/1 1538/2 1539/3
f 1537/1 1539/3 1540/4
f 1541/1 1542/2 1543/3
f 1541/1 1543/3 1544/4
f 1545/1 1546/2 1547/3
f 1545/1 1547/3 1548/4
f 1549/1 1550/2 1551/3
f 1549/1 1551/3 1552/4
f 1553/1 1554/2 1555/3
f 1553/1 1555/3 1556/4
f 1557/1 1558/2 1559/3
f 1557/1 1559/3 1560/4
f 1561/1 1562/2 1563/3
f 1561/1 1563/3 1564/4
f 1565/1 1566/2 1567/3
f 1565/1 1567/3 1568/4
f 1569/1 1570/2 1571/3
f 1569/1 1571/3 1572/4
f 1573/1 1574/2 1575/3
f 1573/1 1575/3 1576/4
f 1577/1 1578/2 1579/3
f 1577/1 1579/3 1580/4
f 1581/1 1582/2 1583/3
f 1581/1 1583/3 1584/4
f 1585/1 1586/2 1587/3
f 1585/1 1587/3 1588/4
f 1589/1 1590/2 1591/3
f 1589/1 1591/3 1592/4
f 1593/1 1594/2 1595/3
f 1593/1 1595/3 1596/4
f 1597/1 1598/2 1599/3
f 1597/1 1599/3 1600/4
f 1601/1 1602/2 1603/3
f 1601/1 1603/3 1604/4
f 1605/1 1606/2 1607/3
f 1605/1 1607/3 1608/4
f 1609/1 1610/2 1611/3
f 1609/1 1611/3 1612/4
f 1613/1 1614/2 1615/3
f 1613/1 1615/3 1616/4
f 1617/1 1618/2 1619/3
f 1617/1 1619/3 1620/4
f 1621/1 1622/2 1623/3
f 1621/1 1623/3 1624/4
f 1625/1 1626/2 1627/3
f 1625/1 1627/3 1628/4
f 1629/1 1630/2 1631/3
f 1629/1 1631/3 1632/4
f 1633/1 1634/2 1635/3
f 1633/1 1635/3 1636/4
f 1637/1 1638/2 1639/3
f 1637/1 1639/3 1640/4
f 1641/1 1642/2 1643/3
f 1641/1 1643/3 1644/4
f 1645/1 1646/2 1647/3
f 1645/1 1647/3 1648/4
f 1649/1 1650/2 1651/3
f 1649/1 1651/3 1652/4
f 1653/1 1654/2 1655/3
f 1653/1 1655/3 1656/4
f 1657/1 1658/2 1659/3
f 1657/1 1659/3 1660/4
f 1661/1 1662/2 1663/3
f 1661/1 1663/3 1664/4
f 1665/1 1666/2 1667/3
f 1665/1 1667/3 1668/4
f 1669/1 1670/2 1671/3
f 1669/1 1671/3 1672/4
f 1673/1 1674/2 1675/3
f 1673/1 1675/3 1676/4
f 1677/1 1678/2 1679/3
f 1677/1 1679/3 1680/4
f 1681/1 1682/2 1683/3
f 1681/1 1683/3 1684/4
f 1685/1 1686/2 1687/3
f 1685/1 1687/3 1688/4
f 1689/1 1690/2 1691/3
f 1689/1 1691/3 1692/4
f 1693/1 1694/2 1695/3
f 1693/1 1695/3 1696/4
f 1697/1 1698/2 1699/3
f 1697/1 1699/3 1700/4
f 1701/1 1702/2 1703/3
f 1701/1 1703/3 1704/4
f 1705/1 1706/2 1707/3
f 1705/1 1707/3 1708/4
f 1709/1 1710/2 1711/3
f 1709/1 1711/3 1712/4
f 1713/1 1714/2 1715/3
f 1713/1 1715/3 1716/4
f 1717/1 1718/2 1719/3
f 1717/1 1719/3 1720/4
f 1721/1 1722/2 1723/3
f 1721/1 1723/3 1724/4
f 1725/1 1726/2 1727/3
f 1725/1 1727/3 1728/4
f 1729/1 1730/2 1731/3
f 1729/1 1731/3 1732/4
f 1733/1 1734/2 1735/3
f 1733/1 1735/3 1736/4
f 1737/1 1738/2 1739/3
f 1737/1 1739/3 1740/4
f 1741/1 1742/2 1743/3
f 1741/1 1743/3 1744/4
f 1745/1 1746/2 1747/3
f 1745/1 1747/3 1748/4
f 1749/1 1750/2 1751/3
f 1749/1 1751/3 1752/4
f 1753/1 1754/2 1755/3
f 1753/1 1755/3 1756/4
f 1757/1 1758/2 1759/3
f 1757/1 1759/3 1760/4
f 1761/1 1762/2 1763/3
f 1761/1 1763/3 1764/4
f 1765/1 1766/2 1767/3
f 1765/1 1767/3 1768/4
f 1769/1 1770/2 1771/3
f 1769/1 1771/3 1772/4
f 1773/1 1774/2 1775/3
f 1773/1 1775/3 1776/4
f 1777/1 1778/2 1779/3
f 1777/1 1779/3 1780/4
f 1781/1 1782/2 1783/3
f 1781/1 1783/3 1784/4
f 1785/1 1786/2 1787/3
f 1785/1 1787/3 1788/4
f 1789/1 1790/2 1791/3
f 1789/1 1791/3 1792/4
f 1793/1 1794/2 1795/3
f 1793/1 1795/3 1796/4
f 1797/1 1798/2 1799/3
f 1797/1 1799/3 1800/4
f 1801/1 1802/2 1803/3
f 1801/1 1803/3 1804/4
f 1805/1 1806/2 1807/3
f 1805/1 1807/3 1808/4
f 1809/1 1810/2 1811/3
f 1809/1 1811/3 1812/4
f 1813/1 1814/2 1815/3
f 1813/1 1815/3 1816/4
f 1817/1 1818/2 1819/3
f 1817/1 1819/3 1820/4
f 1821/1 1822/2 1823/3
f 1821/1 1823/3 1824/4
f 1825/1 1826/2 1827/3
f 1825/1 1827/3 1828/4
f 1829/1 1830/2 1831/3
f 1829/1 1831/3 1832/4
f 1833/1 1834/2 1835/3
f 1833/1 1835/3 1836/4
f 1837/1 1838/2 1839/3
f 1837/1 1839/3 1840/4
f 1841/1 1842/2 1843/3
f 1841/1 1843/3 1844/4
f 1845/1 1846/2 1847/3
f 1845/1 1847/3 1848/4
f 1849/1 1850/2 1851/3
f 1849/1 1851/3 1852/4
f 1853/1 1854/2 1855/3
f 1853/1 1855/3 1856/4
f 1857/1 1858/2 1859/3
f 1857/1 1859/3 1860/4
f 1861/1 1862/2 1863/3
f 1861/1 1863/3 1864/4
f 1865/1 1866/2 1867/3
f 1865/1 1867/3 1868/4
f 1869/1 1870/2 1871/3
f 1869/1 1871/3 1872/4
f 1873/1 1874/2 1875/3
f 1873/1 1875/3 1876/4
f 1877/1 1878/2 1879/3
f 1877/1 1879/3 1880/4
f 1881/1 1882/2 1883/3
f 1881/1 1883/3 1884/4
f 1885/1 1886/2 1887/3
f 1885/1 1887/3 1888/4
f 1889/1 1890/2 1891/3
f 1889/1 1891/3 1892/4
f 1893/1 1894/2 1895/3
f 1893/1 1895/3 1896/4
f 1897/1 1898/2 1899/3
f 1897/1 1899/3 1900/4
f 1901/1 1902/2 1903/3
f 1901/1 1903/3 1904/4
f 1905/1 1906/2 1907/3
f 1905/1 1907/3 1908/4
f 1909/1 1910/2 1911/3
f 1909/1 1911/3 1912/4
f 1913/1 1914/2 1915/3
f 1913/1 1915/3 1916/4
f 1917/1 1918/2 1919/3
f 1917/1 1919/3 1920/4
f 1921/1 1922/2 1923/3
f 1921/1 1923/3 1924/4
f 1925/1 1926/2 1927/3
f 1925/1 1927/3 1928/4
f 1929/1 1930/2 1931/3
f 1929/1 1931/3 1932/4
f 1933/1 1934/2 1935/3
f 1933/1 1935/3 1936/4
f 1937/1 1938/2 1939/3
f 1937/1 1939/3 1940/4
f 1941/1 1942/2 1943/3
f 1941/1 1943/3 1944/4
f 1945/1 1946/2 1947/3
f 1945/1 1947/3 1948/4
f 1949/1 1950/2 1951/3
f 1949/1 1951/3 1952/4
f 1953/1 1954/2 1955/3
f 1953/1 1955/3 1956/4
f 1957/1 1958/2 1959/3
f 1957/1 1959/3 1960/4
f 1961/1 1962/2 1963/3
f 1961/1 1963/3 1964/4
f 1965/1 1966/2 1967/3
f 1965/1 1967/3 1968/4
f 1969/1 1970/2 1971/3
f 1969/1 1971/3 1972/4
f 1973/1 1974/2 1975/3
f 1973/1 1975/3 1976/4
f 1977/1 1978/2 1979/3
f 1977/1 1979/3 1980/4
f 1981/1 1982/2 1983/3
f 1981/1 1983/3 1984/4
f 1985/1 1986/2 1987/3
f 1985/1 1987/3 1988/4
f 1989/1 1990/2 1991/3
f 1989/1 1991/3 1992/4
f 1993/1 1994/2 1995/3
f 1993/1 1995/3 1996/4
f 1997/1 1998/2 1999/3
f 1997/1 1999/3 2000/4
f 2001/1 2002/2 2003/3
f 2001/1 2003/3 2004/4
f 2005/1 2006/2 2007/3
f 2005/1 2007/3 2008/4
f 2009/1 2010/2 2011/3
f 2009/1 2011/3 2012/4
f 2013/1 2014/2 2015/3
f 2013/1 2015/3 2016/4
f 2017/1 2018/2 2019/3
f 2017/1 2019/3 2020/4
f 2021/1 2022/2 2023/3
f 2021/1 2023/3 2024/4
f 2025/1 2026/2 2027/3
f 2025/1 2027/3 2028/4
f 2029/1 2030/2 2031/3
f 2029/1 2031/3 2032/4
f 2033/1 2034/2 2035/3
f 2033/1 2035/3 2036/4
f 2037/1 2038/2 2039/3
f 2037/1 2039/3 2040/4
f 2041/1 2042/2 2043/3
f 2041/1 2043/3 2044/4
f 2045/1 2046/2 2047/3
f 2045/1 2047/3 2048/4
f 2049/1 2050/2 2051/3
f 2049/1 2051/3 2052/4
f 2053/1 2054/2 2055/3
f 2053/1 2055/3 2056/4
f 2057/1 2058/2 2059/3
f 2057/1 2059/3 2060/4
f 2061/1 2062/2 2063/3
f 2061/1 2063/3 2064/4
f 2065/1 2066/2 2067/3
f 2065/1 2067/3 2068/4
f 2069/1 2070/2 2071/3
f 2069/1 2071/3 2072/4
f 2073/1 2074/2 2075/3
f 2073/1 2075/3 2076/4
f 2077/1 2078/2 2079/3
f 2077/1 2079/3 2080/4
f 2081/1 2082/2 2083/3
f 2081/1 2083/3 2084/4
f 2085/1 2086/2 2087/3
f 2085/1 2087/3 2088/4
f 2089/1 2090/2 2091/3
f 2089/1 2091/3 2092/4
f 2093/1 2094/2 2095/3
f 2093/1 2095/3 2096/4
f 2097/1 2098/2 2099/3
f 2097/1 2099/3 2100/4
f 2101/1 2102/2 2103/3
f 2101/1 2103/3 2104/4
f 2105/1 2106/2 2107/3
f 2105/1 2107/3 2108/4
f 2109/1 2110/2 2111/3
f 2109/1 2111/3 2112/4
f 2113/1 2114/2 2115/3
f 2113/1 2115/3 2116/4
f 2117/1 2118/2 2119/3
f 2117/1 2119/3 2120/4
f 2121/1 2122/2 2123/3
f 2121/1 2123/3 2124/4
f 2125/1 2126/2 2127/3
f 2125/1 2127/3 2128/4
f 2129/1 2130/2 2131/3
f 2129/1 2131/3 2132/4
f 2133/1 2134/2 2135/3
f 2133/1 2135/3 2136/4
f 2137/1 2138/2 2139/3
f 2137/1 2139/3 2140/4
f 2141/1 2142/2 2143/3
f 2141/1 2143/3 2144/4
f 2145/1 2146/2 2147/3
f 2145/1 2147/3 2148/4
f 2149/1 2150/2 2151/3
f 2149/1 2151/3 2152/4
f 2153/1 2154/2 2155/3
f 2153/1 2155/3 2156/4
f 2157/1 2158/2 2159/3
f 2157/1 2159/3 2160/4
f 2161/1 2162/2 2163/3
f 2161/1 2163/3 2164/4
f 2165/1 2166/2 2167/3
f 2165/1 2167/3 2168/4
f 2169/1 2170/2 2171/3
f 2169/1 2171/3 2172/4
f 2173/1 2174/2 2175/3
f 2173/1 2175/3 2176/4
f 2177/1 2178/2 2179/3
f 2177/1 2179/3 2180/4
f 2181/1 2182/2 2183/3
f 2181/1 2183/3 2184/4
f 2185/1 2186/2 2187/3
f 2185/1 2187/3 2188/4
f 2189/1 2190/2 2191/3
f 2189/1 2191/3 2192/4
f 2193/1 2194/2 2195/3
f 2193/1 2195/3 2196/4
f 2197/1 2198/2 2199/3
f 2197/1 2199/3 2200/4
f 2201/1 2202/2 2203/3
f 2201/1 2203/3 2204/4
f 2205/1 2206/2 2207/3
f 2205/1 2207/3 2208/4
f 2209/1 2210/2 2211/3
f 2209/1 2211/3 2212/4
f 2213/1 2214/2 2215/3
f 2213/1 2215/3 2216/4
f 2217/1 2218/2 2219/3
f 2217/1 2219/3 2220/4
f 2221/1 2222/2 2223/3
f 2221/1 2223/3 2224/4
f 2225/1 2226/2 2227/3
f 2225/1 2227/3 2228/4
f 2229/1 2230/2 2231/3
f 2229/1 2231/3 2232/4
f 2233/1 2234/2 2235/3
f 2233/1 2235/3 2236/4
f 2237/1 2238/2 2239/3
f 2237/1 2239/3 2240/4
f 2241/1 2242/2 2243/3
f 2241/1 2243/3 2244/4
f 2245/1 2246/2 2247/3
f 2245/1 2247/3 2248/4
f 2249/1 2250/2 2251/3
f 2249/1 2251/3 2252/4
f 2253/1 2254/2 2255/3
f 2253/1 2255/3 2256/4
f 2257/1 2258/2 2259/3
f 2257/1 2259/3 2260/4
f 2261/1 2262/2 2263/3
f 2261/1 2263/3 2264/4
f 2265/1 2266/2 2267/3
f 2265/1 2267/3 2268/4
f 2269/1 2270/2 2271/3
f 2269/1 2271/3 2272/4
f 2273/1 2274/2 2275/3
f 2273/1 2275/3 2276/4
f 2277/1 2278/2 2279/3
f 2277/1 2279/3 2280/4
f 2281/1 2282/2 2283/3
f 2281/1 2283/3 2284/4
f 2285/1 2286/2 2287/3
f 2285/1 2287/3 2288/4
f 2289/1 2290/2 2291/3
f 2289/1 2291/3 2292/4
f 2293/1 2294/2 2295/3
f 2293/1 2295/3 2296/4
f 2297/1 2298/2 2299/3
f 2297/1 2299/3 2300/4
f 2301/1 2302/2 2303/3
f 2301/1 2303/3 2304/4
f 2305/1 2306/2 2307/3
f 2305/1 2307/3 2308/4
f 2309/1 2310/2 2311/3
f 2309/1 2311/3 2312/4
f 2313/1 2314/2 2315/3
f 2313/1 2315/3 2316/4
f 2317/1 2318/2 2319/3
f 2317/1 2319/3 2320/4
f 2321/1 2322/2 2323/3
f 2321/1 2323/3 2324/4
f 2325/1 2326/2 2327/3
f 2325/1 2327/3 2328/4
f 2329/1 2330/2 2331/3
f 2329/1 2331/3 2332/4
f 2333/1 2334/2 2335/3
f 2333/1 2335/3 2336/4
f 2337/1 2338/2 2339/3
f 2337/1 2339/3 2340/4
f 2341/1 2342/2 2343/3
f 2341/1 2343/3 2344/4
f 2345/1 2346/2 2347/3
f 2345/1 2347/3 2348/4
f 2349/1 2350/2 2351/3
f 2349/1 2351/3 2352/4
f 2353/1 2354/2 2355/3
f 2353/1 2355/3 2356/4
f 2357/1 2358/2 2359/3
f 2357/1 2359/3 2360/4
f 2361/1 2362/2 2363/3
f 2361/1 2363/3 2364/4
f 2365/1 2366/2 2367/3
f 2365/1 2367/3 2368/4
f 2369/1 2370/2 2371/3
f 2369/1 2371/3 2372/4
f 2373/1 2374/2 2375/3
f 2373/1 2375/3 2376/4
f 2377/1 2378/2 2379/3
f 2377/1 2379/3 2380/4
f 2381/1 2382/2 2383/3
f 2381/1 2383/3 2384/4
f 2385/1 2386/2 2387/3
f 2385/1 2387/3 2388/4
f 2389/1 2390/2 2391/3
f 2389/1 2391/3 2392/4
f 2393/1 2394/2 2395/3
f 2393/1 2395/3 2396/4
f 2397/1 2398/2 2399/3
f 2397/1 2399/3 2400/4
f 2401/1 2402/2 2403/3
f 2401/1 2403/3 2404/4
f 2405/1 2406/2 2407/3
f 2405/1 2407/3 2408/4
f 2409/1 2410/2 2411/3
f 2409/1 2411/3 2412/4
f 2413/1 2414/2 2415/3
f 2413/1 2415/3 2416/4
f 2417/1 2418/2 2419/3
f 2417/1 2419/3 2420/4
f 2421/1 2422/2 2423/3
f 2421/1 2423/3 2424/4
f 2425/1 2426/2 2427/3
f 2425/1 2427/3 2428/4
f 2429/1 2430/2 2431/3
f 2429/1 2431/3 2432/4
f 2433/1 2434/2 2435/3
f 2433/1 2435/3 2436/4
f 2437/1 2438/2 2439/3
f 2437/1 2439/3 2440/4
f 2441/1 2442/2 2443/3
f 2441/1 2443/3 2444/4
f 2445/1 2446/2 2447/3
f 2445/1 2447/3 2448/4
f 2449/1 2450/2 2451/3
f 2449/1 2451/3 2452/4
f 2453/1 2454/2 2455/3
f 2453/1 2455/3 2456/4
f 2457/1 2458/2 2459/3
f 2457/1 2459/3 2460/4
f 2461/1 2462/2 2463/3
f 2461/1 2463/3 2464/4
f 2465/1 2466/2 2467/3
f 2465/1 2467/3 2468/4
f 2469/1 2470/2 2471/3
f 2469/1 2471/3 2472/4
f 2473/1 2474/2 2475/3
f 2473/1 2475/3 2476/4
f 2477/1 2478/2 2479/3
f 2477/1 2479/3 2480/4
f 2481/1 2482/2 2483/3
f 2481/1 2483/3 2484/4
f 2485/1 2486/2 2487/3
f 2485/1 2487/3 2488/4
f 2489/1 2490/2 2491/3
f 2489/1 2491/3 2492/4
f 2493/1 2494/2 2495/3
f 2493/1 2495/3 2496/4
f 2497/1 2498/2 2499/3
f 2497/1 2499/3 2500/4
f 2501/1 2502/2 2503/3
f 2501/1 2503/3 2504/4
f 2505/1 2506/2 2507/3
f 2505/1 2507/3 2508/4
f 2509/1 2510/2 2511/3
f 2509/1 2511/3 2512/4
f 2513/1 2514/2 2515/3
f 2513/1 2515/3 2516/4
f 2517/1 2518/2 2519/3
f 2517/1 2519/3 2520/4
f 2521/1 2522/2 2523/3
f 2521/1 2523/3 2524/4
f 2525/1 2526/2 2527/3
f 2525/1 2527/3 2528/4
f 2529/1 2530/2 2531/3
f 2529/1 2531/3 2532/4
f 2533/1 2534/2 2535/3
f 2533/1 2535/3 2536/4
f 2537/1 2538/2 2539/3
f 2537/1 2539/3 2540/4
f 2541/1 2542/2 2543/3
f 2541/1 2543/3 2544/4
f 2545/1 2546/2 2547/3
f 2545/1 2547/3 2548/4
f 2549/1 2550/2 2551/3
f 2549/1 2551/3 2552/4
f 2553/1 2554/2 2555/3
f 2553/1 2555/3 2556/4
f 2557/1 2558/2 2559/3
f 2557/1 2559/3 2560/4
f 2561/1 2562/2 2563/3
f 2561/1 2563/3 2564/4
f 2565/1 2566/2 2567/3
f 2565/1 2567/3 2568/4
f 2569/1 2570/2 2571/3
f 2569/1 2571/3 2572/4
f 2573/1 2574/2 2575/3
f 2573/1 2575/3 2576/4
f 2577/1 2578/2 2579/3
f 2577/1 2579/3 2580/4
f 2581/1 2582/2 2583/3
f 2581/1 2583/3 2584/4
f 2585/1 2586/2 2587/3
f 2585/1 2587/3 2588/4
f 2589/1 2590/2 2591/3
f 2589/1 2591/3 2592/4
f 2593/1 2594/2 2595/3
f 2593/1 2595/3 2596/4
f 2597/1 2598/2 2599/3
f 2597/1 2599/3 2600/4
f 2601/1 2602/2 2603/3
f 2601/1 2603/3 2604/4
f 2605/1 2606/2 2607/3
f 2605/1 2607/3 2608/4
f 2609/1 2610/2 2611/3
f 2609/1 2611/3 2612/4
f 2613/1 2614/2 2615/3
f 2613/1 2615/3 2616/4
f 2617/1 2618/2 2619/3
f 2617/1 2619/3 2620/4
f 2621/1 2622/2 2623/3
f 2621/1 2623/3 2624/4
f 2625/1 2626/2 2627/3
f 2625/1 2627/3 2628/4
f 2629/1 2630/2 2631/3
f 2629/1 2631/3 2632/4
f 2633/1 2634/2 2635/3
f 2633/1 2635/3 2636/4
f 2637/1 2638/2 2639/3
f 2637/1 2639/3 2640/4
f 2641/1 2642/2 2643/3
f 2641/1 2643/3 2644/4
f 2645/1 2646/2 2647/3
f 2645/1 2647/3 2648/4
f 2649/1 2650/2 2651/3
f 2649/1 2651/3 2652/4
f 2653/1 2654/2 2655/3
f 2653/1 2655/3 2656/4
f 2657/1 2658/2 2659/3
f 2657/1 2659/3 2660/4
f 2661/1 2662/2 2663/3
f 2661/1 2663/3 2664/4
f 2665/1 2666/2 2667/3
f 2665/1 2667/3 2668/4
f 2669/1 2670/2 2671/3
f 2669/1 2671/3 2672/4
f 2673/1 2674/2 2675/3
f 2673/1 2675/3 2676/4
f 2677/1 2678/2 2679/3
f 2677/1 2679/3 2680/4
f 2681/1 2682/2 2683/3
f 2681/1 2683/3 2684/4
f 2685/1 2686/2 2687/3
f 2685/1 2687/3 2688/4
f 2689/1 2690/2 2691/3
f 2689/1 2691/3 2692/4
f 2693/1 2694/2 2695/3
f 2693/1 2695/3 2696/4
f 2697/1 2698/2 2699/3
f 2697/1 2699/3 2700/4
f 2701/1 2702/2 2703/3
f 2701/1 2703/3 2704/4
f 2705/1 2706/2 2707/3
f 2705/1 2707/3 2708/4
f 2709/1 2710/2 2711/3
f 2709/1 2711/3 2712/4
f 2713/1 2714/2 2715/3
f 2713/1 2715/3 2716/4
f 2717/1 2718/2 2719/3
f 2717/1 2719/3 2720/4
f 2721/1 2722/2 2723/3
f 2721/1 2723/3 2724/4
f 2725/1 2726/2 2727/3
f 2725/1 2727/3 2728/4
f 2729/1 2730/2 2731/3
f 2729/1 2731/3 2732/4
f 2733/1 2734/2 2735/3
f 2733/1 2735/3 2736/4
f 2737/1 2738/2 2739/3
f 2737/1 2739/3 2740/4
f 2741/1 2742/2 2743/3
f 2741/1 2743/3 2744/4
f 2745/1 2746/2 2747/3
f 2745/1 2747/3 2748/4
f 2749/1 2750/2 2751/3
f 2749/1 2751/3 2752/4
f 2753/1 2754/2 2755/3
f 2753/1 2755/3 2756/4
f 2757/1 2758/2 2759/3
f 2757/1 2759/3 2760/4
f 2761/1 2762/2 2763/3
f 2761/1 2763/3 2764/4
f 2765/1 2766/2 2767/3
f 2765/1 2767/3 2768/4
f 2769/1 2770/2 2771/3
f 2769/1 2771/3 2772/4
f 2773/1 2774/2 2775/3
f 2773/1 2775/3 2776/4
f 2777/1 2778/2 2779/3
f 2777/1 2779/3 2780/4
f 2781/1 2782/2 2783/3
f 2781/1 2783/3 2784/4
f 2785/1 2786/2 2787/3
f 2785/1 2787/3 2788/4
f 2789/1 2790/2 2791/3
f 2789/1 2791/3 2792/4
f 2793/1 2794/2 2795/3
f 2793/1 2795/3 2796/4
f 2797/1 2798/2 2799/3
f 2797/1 2799/3 2800/4
f 2801/1 2802/2 2803/3
f 2801/1 2803/3 2804/4
f 2805/1 2806/2 2807/3
f 2805/1 2807/3 2808/4
f 2809/1 2810/2 2811/3
f 2809/1 2811/3 2812/4
f 2813/1 2814/2 2815/3
f 2813/1 2815/3 2816/4
f 2817/1 2818/2 2819/3
f 2817/1 2819/3 2820/4
f 2821/1 2822/2 2823/3
f 2821/1 2823/3 2824/4
f 2825/1 2826/2 2827/3
f 2825/1 2827/3 2828/4
f 2829/1 2830/2 2831/3
f 2829/1 2831/3 2832/4
f 2833/1 2834/2 2835/3
f 2833/1 2835/3 2836/4
f 2837/1 2838/2 2839/3
f 2837/1 2839/3 2840/4
f 2841/1 2842/2 2843/3
f 2841/1 2843/3 2844/4
f 2845/1 2846/2 2847/3
f 2845/1 2847/3 2848/4
f 2849/1 2850/2 2851/3
f 2849/1 2851/3 2852/4
f 2853/1 2854/2 2855/3
f 2853/1 2855/3 2856/4
f 2857/1 2858/2 2859/3
f 2857/1 2859/3 2860/4
f 2861/1 2862/2 2863/3
f 2861/1 2863/3 2864/4
f 2865/1 2866/2 2867/3
f 2865/1 2867/3 2868/4
f 2869/1 2870/2 2871/3
f 2869/1 2871/3 2872/4
f 2873/1 2874/2 2875/3
f 2873/1 2875/3 2876/4
f 2877/1 2878/2 2879/3
f 2877/1 2879/3 2880/4
f 2881/1 2882/2 2883/3
f 2881/1 2883/3 2884/4
f 2885/1 2886/2 2887/3
f 2885/1 2887/3 2888/4
f 2889/1 2890/2 2891/3
f 2889/1 2891/3 2892/4
f 2893/1 2894/2 2895/3
f 2893/1 2895/3 2896/4
f 2897/1 2898/2 2899/3
f 2897/1 2899/3 2900/4
f 2901/1 2902/2 2903/3
f 2901/1 2903/3 2904/4
f 2905/1 2906/2 2907/3
f 2905/1 2907/3 2908/4
f 2909/1 2910/2 2911/3
f 2909/1 2911/3 2912/4
f 2913/1 2914/2 2915/3
f 2913/1 2915/3 2916/4
f 2917/1 2918/2 2919/3
f 2917/1 2919/3 2920/4
f 2921/1 2922/2 2923/3
f 2921/1 2923/3 2924/4
f 2925/1 2926/2 2927/3
f 2925/1 2927/3 2928/4
f 2929/1 2930/2 2931/3
f 2929/1 2931/3 2932/4
f 2933/1 2934/2 2935/3
f 2933/1 2935/3 2936/4
f 2937/1 2938/2 2939/3
f 2937/1 2939/3 2940/4
f 2941/1 2942/2 2943/3
f 2941/1 2943/3 2944/4
f 2945/1 2946/2 2947/3
f 2945/1 2947/3 2948/4
f 2949/1 2950/2 2951/3
f 2949/1 2951/3 2952/4
f 2953/1 2954/2 2955/3
f 2953/1 2955/3 2956/4
f 2957/1 2958/2 2959/3
f 2957/1 2959/3 2960/4
f 2961/1 2962/2 2963/3
f 2961/1 2963/3 2964/4
f 2965/1 2966/2 2967/3
f 2965/1 2967/3 2968/4
f 2969/1 2970/2 2971/3
f 2969/1 2971/3 2972/4
f 2973/1 2974/2 2975/3
f 2973/1 2975/3 2976/4
f 2977/1 2978/2 2979/3
f 2977/1 2979/3 2980/4
f 2981/1 2982/2 2983/3
f 2981/1 2983/3 2984/4
f 2985/1 2986/2 2987/3
f 2985/1 2987/3 2988/4
f 2989/1 2990/2 2991/3
f 2989/1 2991/3 2992/4
f 2993/1 2994/2 2995/3
f 2993/1 2995/3 2996/4
f 2997/1 2998/2 2999/3
f 2997/1 2999/3 3000/4
f 3001/1 3002/2 3003/3
f 3001/1 3003/3 3004/4
f 3005/1 3006/2 3007/3
f 3005/1 3007/3 3008/4
f 3009/1 3010/2 3011/3
f 3009/1 3011/3 3012/4
f 3013/1 3014/2 3015/3
f 3013/1 3015/3 3016/4
f 3017/1 3018/2 3019/3
f 3017/1 3019/3 3020/4
f 3021/1 3022/2 3023/3
f 3021/1 3023/3 3024/4
f 3025/1 3026/2 3027/3
f 3025/1 3027/3 3028/4
f 3029/1 3030/2 3031/3
f 3029/1 3031/3 3032/4
f 3033/1 3034/2 3035/3
f 3033/1 3035/3 3036/4
f 3037/1 3038/2 3039/3
f 3037/1 3039/3 3040/4
f 3041/1 3042/2 3043/3
f 3041/1 3043/3 3044/4
f 3045/1 3046/2 3047/3
f 3045/1 3047/3 3048/4
f 3049/1 3050/2 3051/3
f 3049/1 3051/3 3052/4
f 3053/1 3054/2 3055/3
f 3053/1 3055/3 3056/4
f 3057/1 3058/2 3059/3
f 3057/1 3059/3 3060/4
f 3061/1 3062/2 3063/3
f 3061/1 3063/3 3064/4
f 3065/1 3066/2 3067/3
f 3065/1 3067/3 3068/4
f 3069/1 3070/2 3071/3
f 3069/1 3071/3 3072/4
f 3073/1 3074/2 3075/3
f 3073/1 3075/3 3076/4
f 3077/1 3078/2 3079/3
f 3077/1 3079/3 3080/4
f 3081/1 3082/2 3083/3
f 3081/1 3083/3 3084/4
f 3085/1 3086/2 3087/3
f 3085/1 3087/3 3088/4
f 3089/1 3090/2 3091/3
f 3089/1 3091/3 3092/4
f 3093/1 3094/2 3095/3
f 3093/1 3095/3 3096/4
f 3097/1 3098/2 3099/3
f 3097/1 3099/3 3100/4
f 3101/1 3102/2 3103/3
f 3101/1 3103/3 3104/4
f 3105/1 3106/2 3107/3
f 3105/1 3107/3 3108/4
f 3109/1 3110/2 3111/3
f 3109/1 3111/3 3112/4
f 3113/1 3114/2 3115/3
f 3113/1 3115/3 3116/4
f 3117/1 3118/2 3119/3
f 3117/1 3119/3 3120/4
f 3121/1 3122/2 3123/3
f 3121/1 3123/3 3124/4
f 3125/1 3126/2 3127/3
f 3125/1 3127/3 3128/4
f 3129/1 3130/2 3131/3
f 3129/1 3131/3 3132/4
f 3133/1 3134/2 3135/3
f 3133/1 3135/3 3136/4
f 3137/1 3138/2 3139/3
f 3137/1 3139/3 3140/4
f 3141/1 3142/2 3143/3
f 3141/1 3143/3 3144/4
f 3145/1 3146/2 3147/3
f 3145/1 3147/3 3148/4
f 3149/1 3150/2 3151/3
f 3149/1 3151/3 3152/4
f 3153/1 3154/2 3155/3
f 3153/1 3155/3 3156/4
f 3157/1 3158/2 3159/3
f 3157/1 3159/3 3160/4
f 3161/1 3162/2 3163/3
f 3161/1 3163/3 3164/4
f 3165/1 3166/2 3167/3
f 3165/1 3167/3 3168/4
f 3169/1 3170/2 3171/3
f 3169/1 3171/3 3172/4
f 3173/1 3174/2 3175/3
f 3173/1 3175/3 3176/4
f 3177/1 3178/2 3179/3
f 3177/1 3179/3 3180/4
f 3181/1 3182/2 3183/3
f 3181/1 3183/3 3184/4
f 3185/1 3186/2 3187/3
f 3185/1 3187/3 3188/4
f 3189/1 3190/2 3191/3
f 3189/1 3191/3 3192/4
f 3193/1 3194/2 3195/3
f 3193/1 3195/3 3196/4
f 3197/1 3198/2 3199/3
f 3197/1 3199/3 3200/4
f 3201/1 3202/2 3203/3
f 3201/1 3203/3 3204/4
f 3205/1 3206/2 3207/3
f 3205/1 3207/3 3208/4
f 3209/1 3210/2 3211/3
f 3209/1 3211/3 3212/4
f 3213/1 3214/2 3215/3
f 3213/1 3215/3 3216/4
f 3217/1 3218/2 3219/3
f 3217/1 3219/3 3220/4
f 3221/1 3222/2 3223/3
f 3221/1 3223/3 3224/4
f 3225/1 3226/2 3227/3
f 3225/1 3227/3 3228/4
f 3229/1 3230/2 3231/3
f 3229/1 3231/3 3232/4
f 3233/1 3234/2 3235/3
f 3233/1 3235/3 3236/4
f 3237/1 3238/2 3239/3
f 3237/1 3239/3 3240/4
f 3241/1 3242/2 3243/3
f 3241/1 3243/3 3244/4
f 3245/1 3246/2 3247/3
f 3245/1 3247/3 3248/4
f 3249/1 3250/2 3251/3
f 3249/1 3251/3 3252/4
f 3253/1 3254/2 3255/3
f 3253/1 3255/3 3256/4
f 3257/1 3258/2 3259/3
f 3257/1 3259/3 3260/4
f 3261/1 3262/2 3263/3
f 3261/1 3263/3 3264/4
f 3265/1 3266/2 3267/3
f 3265/1 3267/3 3268/4
f 3269/1 3270/2 3271/3
f 3269/1 3271/3 3272/4
f 3273/1 3274/2 3275/3
f 3273/1 3275/3 3276/4
f 3277/1 3278/2 3279/3
f 3277/1 3279/3 3280/4
f 3281/1 3282/2 3283/3
f 3281/1 3283/3 3284/4
f 3285/1 3286/2 3287/3
f 3285/1 3287/3 3288/4
f 3289/1 3290/2 3291/3
f 3289/1 3291/3 3292/4
f 3293/1 3294/2 3295/3
f 3293/1 3295/3 3296/4
f 3297/1 3298/2 3299/3
f 3297/1 3299/3 3300/4
f 3301/1 3302/2 3303/3
f 3301/1 3303/3 3304/4
f 3305/1 3306/2 3307/3
f 3305/1 3307/3 3308/4
f 3309/1 3310/2 3311/3
f 3309/1 3311/3 3312/4
f 3313/1 3314/2 3315/3
f 3313/1 3315/3 3316/4
f 3317/1 3318/2 3319/3
f 3317/1 3319/3 3320/4
f 3321/1 3322/2 3323/3
f 3321/1 3323/3 3324/4
f 3325/1 3326/2 3327/3
f 3325/1 3327/3 3328/4
f 3329/1 3330/2 3331/3
f 3329/1 3331/3 3332/4
f 3333/1 3334/2 3335/3
f 3333/1 3335/3 3336/4
f 3337/1 3338/2 3339/3
f 3337/1 3339/3 3340/4
f 3341/1 3342/2 3343/3
f 3341/1 3343/3 3344/4
f 3345/1 3346/2 3347/3
f 3345/1 3347/3 3348/4
f 3349/1 3350/2 3351/3
f 3349/1 3351/3 3352/4
f 3353/1 3354/2 3355/3
f 3353/1 3355/3 3356/4
f 3357/1 3358/2 3359/3
f 3357/1 3359/3 3360/4
f 3361/1 3362/2 3363/3
f 3361/1 3363/3 3364/4
f 3365/1 3366/2 3367/3
f 3365/1 3367/3 3368/4
f 3369/1 3370/2 3371/3
f 3369/1 3371/3 3372/4
f 3373/1 3374/2 3375/3
f 3373/1 3375/3 3376/4
f 3377/1 3378/2 3379/3
f 3377/1 3379/3 3380/4
f 3381/1 3382/2 3383/3
f 3381/1 3383/3 3384/4
f 3385/1 3386/2 3387/3
f 3385/1 3387/3 3388/4
f 3389/1 3390/2 3391/3
f 3389/1 3391/3 3392/4
f 3393/1 3394/2 3395/3
f 3393/1 3395/3 3396/4
f 3397/1 3398/2 3399/3
f 3397/1 3399/3 3400/4
f 3401/1 3402/2 3403/3
f 3401/1 3403/3 3404/4
f 3405/1 3406/2 3407/3
f 3405/1 3407/3 3408/4
f 3409/1 3410/2 3411/3
f 3409/1 3411/3 3412/4
f 3413/1 3414/2 3415/3
f 3413/1 3415/3 3416/4
f 3417/1 3418/2 3419/3
f 3417/1 3419/3 3420/4
f 3421/1 3422/2 3423/3
f 3421/1 3423/3 3424/4
f 3425/1 3426/2 3427/3
f 3425/1 3427/3 3428/4
f 3429/1 3430/2 3431/3
f 3429/1 3431/3 3432/4
f 3433/1 3434/2 3435/3
f 3433/1 3435/3 3436/4
f 3437/1 3438/2 3439/3
f 3437/1 3439/3 3440/4
f 3441/1 3442/2 3443/3
f 3441/1 3443/3 3444/4
f 3445/1 3446/2 3447/3
f 3445/1 3447/3 3448/4
f 3449/1 3450/2 3451/3
f 3449/1 3451/3 3452/4
f 3453/1 3454/2 3455/3
f 3453/1 3455/3 3456/4
f 3457/1 3458/2 3459/3
f 3457/1 3459/3 3460/4
f 3461/1 3462/2 3463/3
f 3461/1 3463/3 3464/4
f 3465/1 3466/2 3467/3
f 3465/1 3467/3 3468/4
f 3469/1 3470/2 3471/3
f 3469/1 3471/3 3472/4
f 3473/1 3474/2 3475/3
f 3473/1 3475/3 3476/4
f 3477/1 3478/2 3479/3
f 3477/1 3479/3 3480/4
f 3481/1 3482/2 3483/3
f 3481/1 3483/3 3484/4
f 3485/1 3486/2 3487/3
f 3485/1 3487/3 3488/4
f 3489/1 3490/2 3491/3
f 3489/1 3491/3 3492/4
f 3493/1 3494/2 3495/3
f 3493/1 3495/3 3496/4
f 3497/1 3498/2 3499/3
f 3497/1 3499/3 3500/4
f 3501/1 3502/2 3503/3
f 3501/1 3503/3 3504/4
f 3505/1 3506/2 3507/3
f 3505/1 3507/3 3508/4
f 3509/1 3510/2 3511/3
f 3509/1 3511/3 3512/4
f 3513/1 3514/2 3515/3
f 3513/1 3515/3 3516/4
f 3517/1 3518/2 3519/3
f 3517/1 3519/3 3520/4
f 3521/1 3522/2 3523/3
f 3521/1 3523/3 3524/4
f 3525/1 3526/2 3527/3
f 3525/1 3527/3 3528/4
f 3529/1 3530/2 3531/3
f 3529/1 3531/3 3532/4
f 3533/1 3534/2 3535/3
f 3533/1 3535/3 3536/4
f 3537/1 3538/2 3539/3
f 3537/1 3539/3 3540/4
f 3541/1 3542/2 3543/3
f 3541/1 3543/3 3544/4
f 3545/1 3546/2 3547/3
f 3545/1 3547/3 3548/4
f 3549/1 3550/2 3551/3
f 3549/1 3551/3 3552/4
f 3553/1 3554/2 3555/3
f 3553/1 3555/3 3556/4
f 3557/1 3558/2 3559/3
f 3557/1 3559/3 3560/4
f 3561/1 3562/2 3563/3
f 3561/1 3563/3 3564/4
f 3565/1 3566/2 3567/3
f 3565/1 3567/3 3568/4
f 3569/1 3570/2 3571/3
f 3569/1 3571/3 3572/4
f 3573/1 3574/2 3575/3
f 3573/1 3575/3 3576/4
f 3577/1 3578/2 3579/3
f 3577/1 3579/3 3580/4
f 3581/1 3582/2 3583/3
f 3581/1 3583/3 3584/4
f 3585/1 3586/2 3587/3
f 3585/1 3587/3 3588/4
f 3589/1 3590/2 3591/3
f 3589/1 3591/3 3592/4
f 3593/1 3594/2 3595/3
f 3593/1 3595/3 3596/4
f 3597/1 3598/2 3599/3
f 3597/1 3599/3 3600/4
f 3601/1 3602/2 3603/3
f 3601/1 3603/3 3604/4
f 3605/1 3606/2 3607/3
f 3605/1 3607/3 3608/4
f 3609/1 3610/2 3611/3
f 3609/1 3611/3 3612/4
f 3613/1 3614/2 3615/3
f 3613/1 3615/3 3616/4
f 3617/1 3618/2 3619/3
f 3617/1 3619/3 3620/4
f 3621/1 3622/2 3623/3
f 3621/1 3623/3 3624/4
f 3625/1 3626/2 3627/3
f 3625/1 3627/3 3628/4
f 3629/1 3630/2 3631/3
f 3629/1 3631/3 3632/4
f 3633/1 3634/2 3635/3
f 3633/1 3635/3 3636/4
f 3637/1 3638/2 3639/3
f 3637/1 3639/3 3640/4
f 3641/1 3642/2 3643/3
f 3641/1 3643/3 3644/4
f 3645/1 3646/2 3647/3
f 3645/1 3647/3 3648/4
f 3649/1 3650/2 3651/3
f 3649/1 3651/3 3652/4
f 3653/1 3654/2 3655/3
f 3653/1 3655/3 3656/4
f 3657/1 3658/2 3659/3
f 3657/1 3659/3 3660/4
f 3661/1 3662/2 3663/3
f 3661/1 3663/3 3664/4
f 3665/1 3666/2 3667/3
f 3665/1 3667/3 3668/4
f 3669/1 3670/2 3671/3
f 3669/1 3671/3 3672/4
f 3673/1 3674/2 3675/3
f 3673/1 3675/3 3676/4
f 3677/1 3678/2 3679/3
f 3677/1 3679/3 3680/4
f 3681/1 3682/2 3683/3
f 3681/1 3683/3 3684/4
f 3685/1 3686/2 3687/3
f 3685/1 3687/3 3688/4
f 3689/1 3690/2 3691/3
f 3689/1 3691/3 3692/4
f 3693/1 3694/2 3695/3
f 3693/1 3695/3 3696/4
f 3697/1 3698/2 3699/3
f 3697/1 3699/3 3700/4
f 3701/1 3702/2 3703/3
f 3701/1 3703/3 3704/4
f 3705/1 3706/2 3707/3
f 3705/1 3707/3 3708/4
f 3709/1 3710/2 3711/3
f 3709/1 3711/3 3712/4
f 3713/1 3714/2 3715/3
f 3713/1 3715/3 3716/4
f 3717/1 3718/2 3719/3
f 3717/1 3719/3 3720/4
f 3721/1 3722/2 3723/3
f 3721/1 3723/3 3724/4
f 3725/1 3726/2 3727/3
f 3725/1 3727/3 3728/4
f 3729/1 3730/2 3731/3
f 3729/1 3731/3 3732/4
f 3733/1 3734/2 3735/3
f 3733/1 3735/3 3736/4
f 3737/1 3738/2 3739/3
f 3737/1 3739/3 3740/4
f 3741/1 3742/2 3743/3
f 3741/1 3743/3 3744/4
f 3745/1 3746/2 3747/3
f 3745/1 3747/3 3748/4
f 3749/1 3750/2 3751/3
f 3749/1 3751/3 3752/4
f 3753/1 3754/2 3755/3
f 3753/1 3755/3 3756/4
f 3757/1 3758/2 3759/3
f 3757/1 3759/3 3760/4
f 3761/1 3762/2 3763/3
f 3761/1 3763/3 3764/4
f 3765/1 3766/2 3767/3
f 3765/1 3767/3 3768/4
f 3769/1 3770/2 3771/3
f 3769/1 3771/3 3772/4
f 3773/1 3774/2 3775/3
f 3773/1 3775/3 3776/4
f 3777/1 3778/2 3779/3
f 3777/1 3779/3 3780/4
f 3781/1 3782/2 3783/3
f 3781/1 3783/3 3784/4
f 3785/1 3786/2 3787/3
f 3785/1 3787/3 3788/4
f 3789/1 3790/2 3791/3
f 3789/1 3791/3 3792/4
f 3793/1 3794/2 3795/3
f 3793/1 3795/3 3796/4
f 3797/1 3798/2 3799/3
f 3797/1 3799/3 3800/4
f 3801/1 3802/2 3803/3
f 3801/1 3803/3 3804/4
f 3805/1 3806/2 3807/3
f 3805/1 3807/3 3808/4
f 3809/1 3810/2 3811/3
f 3809/1 3811/3 3812/4
f 3813/1 3814/2 3815/3
f 3813/1 3815/3 3816/4
f 3817/1 3818/2 3819/3
f 3817/1 3819/3 3820/4
f 3821/1 3822/2 3823/3
f 3821/1 3823/3 3824/4
f 3825/1 3826/2 3827/3
f 3825/1 3827/3 3828/4
f 3829/1 3830/2 3831/3
f 3829/1 3831/3 3832/4
f 3833/1 3834/2 3835/3
f 3833/1 3835/3 3836/4
f 3837/1 3838/2 3839/3
f 3837/1 3839/3 3840/4
f 3841/1 3842/2 3843/3
f 3841/1 3843/3 3844/4
f 3845/1 3846/2 3847/3
f 3845/1 3847/3 3848/4
f 3849/1 3850/2 3851/3
f 3849/1 3851/3 3852/4
f 3853/1 3854/2 3855/3
f 3853/1 3855/3 3856/4
f 3857/1 3858/2 3859/3
f 3857/1 3859/3 3860/4
f 3861/1 3862/2 3863/3
f 3861/1 3863/3 3864/4
f 3865/1 3866/2 3867/3
f 3865/1 3867/3 3868/4
f 3869/1 3870/2 3871/3
f 3869/1 3871/3 3872/4
f 3873/1 3874/2 3875/3
f 3873/1 3875/3 3876/4
f 3877/1 3878/2 3879/3
f 3877/1 3879/3 3880/4
f 3881/1 3882/2 3883/3
f 3881/1 3883/3 3884/4
f 3885/1 3886/2 3887/3
f 3885/1 3887/3 3888/4
f 3889/1 3890/2 3891/3
f 3889/1 3891/3 3892/4
f 3893/1 3894/2 3895/3
f 3893/1 3895/3 3896/4
f 3897/1 3898/2 3899/3
f 3897/1 3899/3 3900/4
f 3901/1 3902/2 3903/3
f 3901/1 3903/3 3904/4
f 3905/1 3906/2 3907/3
f 3905/1 3907/3 3908/4
f 3909/1 3910/2 3911/3
f 3909/1 3911/3 3912/4
f 3913/1 3914/2 3915/3
f 3913/1 3915/3 3916/4
f 3917/1 3918/2 3919/3
f 3917/1 3919/3 3920/4
f 3921/1 3922/2 3923/3
f 3921/1 3923/3 3924/4
f 3925/1 3926/2 3927/3
f 3925/1 3927/3 3928/4
f 3929/1 3930/2 3931/3
f 3929/1 3931/3 3932/4
f 3933/1 3934/2 3935/3
f 3933/1 3935/3 3936/4
f 3937/1 3938/2 3939/3
f 3937/1 3939/3 3940/4
f 3941/1 3942/2 3943/3
f 3941/1 3943/3 3944/4
f 3945/1 3946/2 3947/3
f 3945/1 3947/3 3948/4
f 3949/1 3950/2 3951/3
f 3949/1 3951/3 3952/4
f 3953/1 3954/2 3955/3
f 3953/1 3955/3 3956/4
f 3957/1 3958/2 3959/3
f 3957/1 3959/3 3960/4
f 3961/1 3962/2 3963/3
f 3961/1 3963/3 3964/4
f 3965/1 3966/2 3967/3
f 3965/1 3967/3 3968/4
f 3969/1 3970/2 3971/3
f 3969/1 3971/3 3972/4
f 3973/1 3974/2 3975/3
f 3973/1 3975/3 3976/4
f 3977/1 3978/2 3979/3
f 3977/1 3979/3 3980/4
f 3981/1 3982/2 3983/3
f 3981/1 3983/3 3984/4
f 3985/1 3986/2 3987/3
f 3985/1 3987/3 3988/4
f 3989/1 3990/2 3991/3
f 3989/1 3991/3 3992/4
f 3993/1 3994/2 3995/3
f 3993/1 3995/3 3996/4
f 3997/1 3998/2 3999/3
f 3997/1 3999/3 4000/4
f 4001/1 4002/2 4003/3
f 4001/1 4003/3 4004/4
f 4005/1 4006/2 4007/3
f 4005/1 4007/3 4008/4
f 4009/1 4010/2 4011/3
f 4009/1 4011/3 4012/4
f 4013/1 4014/2 4015/3
f 4013/1 4015/3 4016/4
f 4017/1 4018/2 4019/3
f 4017/1 4019/3 4020/4
f 4021/1 4022/2 4023/3
f 4021/1 4023/3 4024/4
f 4025/1 4026/2 4027/3
f 4025/1 4027/3 4028/4
f 4029/1 4030/2 4031/3
f 4029/1 4031/3 4032/4
f 4033/1 4034/2 4035/3
f 4033/1 4035/3 4036/4
f 4037/1 4038/2 4039/3
f 4037/1 4039/3 4040/4
f 4041/1 4042/2 4043/3
f 4041/1 4043/3 4044/4
f 4045/1 4046/2 4047/3
f 4045/1 4047/3 4048/4
f 4049/1 4050/2 4051/3
f 4049/1 4051/3 4052/4
f 4053/1 4054/2 4055/3
f 4053/1 4055/3 4056/4
f 4057/1 4058/2 4059/3
f 4057/1 4059/3 4060/4
f 4061/1 4062/2 4063/3
f 4061/1 4063/3 4064/4
f 4065/1 4066/2 4067/3
f 4065/1 4067/3 4068/4
f 4069/1 4070/2 4071/3
f 4069/1 4071/3 4072/4
f 4073/1 4074/2 4075/3
f 4073/1 4075/3 4076/4
f 4077/1 4078/2 4079/3
f 4077/1 4079/3 4080/4
f 4081/1 4082/2 4083/3
f 4081/1 4083/3 4084/4
f 4085/1 4086/2 4087/3
f 4085/1 4087/3 4088/4
f 4089/1 4090/2 4091/3
f 4089/1 4091/3 4092/4
f 4093/1 4094/2 4095/3
f 4093/1 4095/3 4096/4
f 4097/1 4098/2 4099/3
f 4097/1 4099/3 4100/4
f 4101/1 4102/2 4103/3
f 4101/1 4103/3 4104/4
f 4105/1 4106/2 4107/3
f 4105/1 4107/3 4108/4
f 4109/1 4110/2 4111/3
f 4109/1 4111/3 4112/4
f 4113/1 4114/2 4115/3
f 4113/1 4115/3 4116/4
f 4117/1 4118/2 4119/3
f 4117/1 4119/3 4120/4
f 4121/1 4122/2 4123/3
f 4121/1 4123/3 4124/4
f 4125/1 4126/2 4127/3
f 4125/1 4127/3 4128/4
f 4129/1 4130/2 4131/3
f 4129/1 4131/3 4132/4
f 4133/1 4134/2 4135/3
f 4133/1 4135/3 4136/4
f 4137/1 4138/2 4139/3
f 4137/1 4139/3 4140/4
f 4141/1 4142/2 4143/3
f 4141/1 4143/3 4144/4
f 4145/1 4146/2 4147/3
f 4145/1 4147/3 4148/4
f 4149/1 4150/2 4151/3
f 4149/1 4151/3 4152/4
f 4153/1 4154/2 4155/3
f 4153/1 4155/3 4156/4
f 4157/1 4158/2 4159/3
f 4157/1 4159/3 4160/4
f 4161/1 4162/2 4163/3
f 4161/1 4163/3 4164/4
f 4165/1 4166/2 4167/3
f 4165/1 4167/3 4168/4
f 4169/1 4170/2 4171/3
f 4169/1 4171/3 4172/4
f 4173/1 4174/2 4175/3
f 4173/1 4175/3 4176/4
f 4177/1 4178/2 4179/3
f 4177/1 4179/3 4180/4
f 4181/1 4182/2 4183/3
f 4181/1 4183/3 4184/4
f 4185/1 4186/2 4187/3
f 4185/1 4187/3 4188/4
f 4189/1 4190/2 4191/3
f 4189/1 4191/3 4192/4
f 4193/1 4194/2 4195/3
f 4193/1 4195/3 4196/4
f 4197/1 4198/2 4199/3
f 4197/1 4199/3 4200/4
f 4201/1 4202/2 4203/3
f 4201/1 4203/3 4204/4
f 4205/1 4206/2 4207/3
f 4205/1 4207/3 4208/4
f 4209/1 4210/2 4211/3
f 4209/1 4211/3 4212/4
f 4213/1 4214/2 4215/3
f 4213/1 4215/3 4216/4
f 4217/1 4218/2 4219/3
f 4217/1 4219/3 4220/4
f 4221/1 4222/2 4223/3
f 4221/1 4223/3 4224/4
f 4225/1 4226/2 4227/3
f 4225/1 4227/3 4228/4
f 4229/1 4230/2 4231/3
f 4229/1 4231/3 4232/4
f 4233/1 4234/2 4235/3
f 4233/1 4235/3 4236/4
f 4237/1 4238/2 4239/3
f 4237/1 4239/3 4240/4
f 4241/1 4242/2 4243/3
f 4241/1 4243/3 4244/4
f 4245/1 4246/2 4247/3
f 4245/1 4247/3 4248/4
f 4249/1 4250/2 4251/3
f 4249/1 4251/3 4252/4
f 4253/1 4254/2 4255/3
f 4253/1 4255/3 4256/4
f 4257/1 4258/2 4259/3
f 4257/1 4259/3 4260/4
f 4261/1 4262/2 4263/3
f 4261/1 4263/3 4264/4
f 4265/1 4266/2 4267/3
f 4265/1 4267/3 4268/4
f 4269/1 4270/2 4271/3
f 4269/1 4271/3 4272/4
f 4273/1 4274/2 4275/3
f 4273/1 4275/3 4276/4
f 4277/1 4278/2 4279/3
f 4277/1 4279/3 4280/4
f 4281/1 4282/2 4283/3
f 4281/1 4283/3 4284/4
f 4285/1 4286/2 4287/3
f 4285/1 4287/3 4288/4
f 4289/1 4290/2 4291/3
f 4289/1 4291/3 4292/4
f 4293/1 4294/2 4295/3
f 4293/1 4295/3 4296/4
f 4297/1 4298/2 4299/3
f 4297/1 4299/3 4300/4
f 4301/1 4302/2 4303/3
f 4301/1 4303/3 4304/4
f 4305/1 4306/2 4307/3
f 4305/1 4307/3 4308/4
f 4309/1 4310/2 4311/3
f 4309/1 4311/3 4312/4
f 4313/1 4314/2 4315/3
f 4313/1 4315/3 4316/4
f 4317/1 4318/2 4319/3
f 4317/1 4319/3 4320/4
f 4321/1 4322/2 4323/3
f 4321/1 4323/3 4324/4
f 4325/1 4326/2 4327/3
f 4325/1 4327/3 4328/4
f 4329/1 4330/2 4331/3
f 4329/1 4331/3 4332/4
f 4333/1 4334/2 4335/3
f 4333/1 4335/3 4336/4
f 4337/1 4338/2 4339/3
f 4337/1 4339/3 4340/4
f 4341/1 4342/2 4343/3
f 4341/1 4343/3 4344/4
f 4345/1 4346/2 4347/3
f 4345/1 4347/3 4348/4
f 4349/1 4350/2 4351/3
f 4349/1 4351/3 4352/4
f 4353/1 4354/2 4355/3
f 4353/1 4355/3 4356/4
f 4357/1 4358/2 4359/3
f 4357/1 4359/3 4360/4
f 4361/1 4362/2 4363/3
f 4361/1 4363/3 4364/4
f 4365/1 4366/2 4367/3
f 4365/1 4367/3 4368/4
f 4369/1 4370/2 4371/3
f 4369/1 4371/3 4372/4
f 4373/1 4374/2 4375/3
f 4373/1 4375/3 4376/4
f 4377/1 4378/2 4379/3
f 4377/1 4379/3 4380/4
f 4381/1 4382/2 4383/3
f 4381/1 4383/3 4384/4
f 4385/1 4386/2 4387/3
f 4385/1 4387/3 4388/4
f 4389/1 4390/2 4391/3
f 4389/1 4391/3 4392/4
f 4393/1 4394/2 4395/3
f 4393/1 4395/3 4396/4
f 4397/1 4398/2 4399/3
f 4397/1 4399/3 4400/4
f 4401/1 4402/2 4403/3
f 4401/1 4403/3 4404/4
f 4405/1 4406/2 4407/3
f 4405/1 4407/3 4408/4
f 4409/1 4410/2 4411/3
f 4409/1 4411/3 4412/4
f 4413/1 4414/2 4415/3
f 4413/1 4415/3 4416/4
f 4417/1 4418/2 4419/3
f 4417/1 4419/3 4420/4
f 4421/1 4422/2 4423/3
f 4421/1 4423/3 4424/4
f 4425/1 4426/2 4427/3
f 4425/1 4427/3 4428/4
f 4429/1 4430/2 4431/3
f 4429/1 4431/3 4432/4
f 4433/1 4434/2 4435/3
f 4433/1 4435/3 4436/4
f 4437/1 4438/2 4439/3
f 4437/1 4439/3 4440/4
f 4441/1 4442/2 4443/3
f 4441/1 4443/3 4444/4
f 4445/1 4446/2 4447/3
f 4445/1 4447/3 4448/4
f 4449/1 4450/2 4451/3
f 4449/1 4451/3 4452/4
f 4453/1 4454/2 4455/3
f 4453/1 4455/3 4456/4
f 4457/1 4458/2 4459/3
f 4457/1 4459/3 4460/4
f 4461/1 4462/2 4463/3
f 4461/1 4463/3 4464/4
f 4465/1 4466/2 4467/3
f 4465/1 4467/3 4468/4
f 4469/1 4470/2 4471/3
f 4469/1 4471/3 4472/4
f 4473/1 4474/2 4475/3
f 4473/1 4475/3 4476/4
f 4477/1 4478/2 4479/3
f 4477/1 4479/3 4480/4
f 4481/1 4482/2 4483/3
f 4481/1 4483/3 4484/4
f 4485/1 4486/2 4487/3
f 4485/1 4487/3 4488/4
f 4489/1 4490/2 4491/3
f 4489/1 4491/3 4492/4
f 4493/1 4494/2 4495/3
f 4493/1 4495/3 4496/4
f 4497/1 4498/2 4499/3
f 4497/1 4499/3 4500/4
f 4501/1 4502/2 4503/3
f 4501/1 4503/3 4504/4
f 4505/1 4506/2 4507/3
f 4505/1 4507/3 4508/4
f 4509/1 4510/2 4511/3
f 4509/1 4511/3 4512/4
f 4513/1 4514/2 4515/3
f 4513/1 4515/3 4516/4
f 4517/1 4518/2 4519/3
f 4517/1 4519/3 4520/4
f 4521/1 4522/2 4523/3
f 4521/1 4523/3 4524/4
f 4525/1 4526/2 4527/3
f 4525/1 4527/3 4528/4
f 4529/1 4530/2 4531/3
f 4529/1 4531/3 4532/4
f 4533/1 4534/2 4535/3
f 4533/1 4535/3 4536/4
f 4537/1 4538/2 4539/3
f 4537/1 4539/3 4540/4
f 4541/1 4542/2 4543/3
f 4541/1 4543/3 4544/4
f 4545/1 4546/2 4547/3
f 4545/1 4547/3 4548/4
f 4549/1 4550/2 4551/3
f 4549/1 4551/3 4552/4
f 4553/1 4554/2 4555/3
f 4553/1 4555/3 4556/4
f 4557/1 4558/2 4559/3
f 4557/1 4559/3 4560/4
f 4561/1 4562/2 4563/3
f 4561/1 4563/3 4564/4
f 4565/1 4566/2 4567/3
f 4565/1 4567/3 4568/4
f 4569/1 4570/2 4571/3
f 4569/1 4571/3 4572/4
f 4573/1 4574/2 4575/3
f 4573/1 4575/3 4576/4
f 4577/1 4578/2 4579/3
f 4577/1 4579/3 4580/4
f 4581/1 4582/2 4583/3
f 4581/1 4583/3 4584/4
f 4585/1 4586/2 4587/3
f 4585/1 4587/3 4588/4
f 4589/1 4590/2 4591/3
f 4589/1 4591/3 4592/4
f 4593/1 4594/2 4595/3
f 4593/1 4595/3 4596/4
f 4597/1 4598/2 4599/3
f 4597/1 4599/3 4600/4
f 4601/1 4602/2 4603/3
f 4601/1 4603/3 4604/4
f 4605/1 4606/2 4607/3
f 4605/1 4607/3 4608/4
f 4609/1 4610/2 4611/3
f 4609/1 4611/3 4612/4
f 4613/1 4614/2 4615/3
f 4613/1 4615/3 4616/4
f 4617/1 4618/2 4619/3
f 4617/1 4619/3 4620/4
f 4621/1 4622/2 4623/3
f 4621/1 4623/3 4624/4
f 4625/1 4626/2 4627/3
f 4625/1 4627/3 4628/4
f 4629/1 4630/2 4631/3
f 4629/1 4631/3 4632/4
f 4633/1 4634/2 4635/3
f 4633/1 4635/3 4636/4
f 4637/1 4638/2 4639/3
f 4637/1 4639/3 4640/4
f 4641/1 4642/2 4643/3
f 4641/1 4643/3 4644/4
f 4645/1 4646/2 4647/3
f 4645/1 4647/3 4648/4
f 4649/1 4650/2 4651/3
f 4649/1 4651/3 4652/4
f 4653/1 4654/2 4655/3
f 4653/1 4655/3 4656/4
f 4657/1 4658/2 4659/3
f 4657/1 4659/3 4660/4
f 4661/1 4662/2 4663/3
f 4661/1 4663/3 4664/4
f 4665/1 4666/2 4667/3
f 4665/1 4667/3 4668/4
f 4669/1 4670/2 4671/3
f 4669/1 4671/3 4672/4
f 4673/1 4674/2 4675/3
f 4673/1 4675/3 4676/4
f 4677/1 4678/2 4679/3
f 4677/1 4679/3 4680/4
f 4681/1 4682/2 4683/3
f 4681/1 4683/3 4684/4
f 4685/1 4686/2 4687/3
f 4685/1 4687/3 4688/4
f 4689/1 4690/2 4691/3
f 4689/1 4691/3 4692/4
f 4693/1 4694/2 4695/3
f 4693/1 4695/3 4696/4
f 4697/1 4698/2 4699/3
f 4697/1 4699/3 4700/4
f 4701/1 4702/2 4703/3
f 4701/1 4703/3 4704/4
f 4705/1 4706/2 4707/3
f 4705/1 4707/3 4708/4
f 4709/1 4710/2 4711/3
f 4709/1 4711/3 4712/4
f 4713/1 4714/2 4715/3
f 4713/1 4715/3 4716/4
f 4717/1 4718/2 4719/3
f 4717/1 4719/3 4720/4
f 4721/1 4722/2 4723/3
f 4721/1 4723/3 4724/4
f 4725/1 4726/2 4727/3
f 4725/1 4727/3 4728/4
f 4729/1 4730/2 4731/3
f 4729/1 4731/3 4732/4
f 4733/1 4734/2 4735/3
f 4733/1 4735/3 4736/4
f 4737/1 4738/2 4739/3
f 4737/1 4739/3 4740/4
f 4741/1 4742/2 4743/3
f 4741/1 4743/3 4744/4
f 4745/1 4746/2 4747/3
f 4745/1 4747/3 4748/4
f 4749/1 4750/2 4751/3
f 4749/1 4751/3 4752/4
f 4753/1 4754/2 4755/3
f 4753/1 4755/3 4756/4
f 4757/1 4758/2 4759/3
f 4757/1 4759/3 4760/4
f 4761/1 4762/2 4763/3
f 4761/1 4763/3 4764/4
f 4765/1 4766/2 4767/3
f 4765/1 4767/3 4768/4
f 4769/1 4770/2 4771/3
f 4769/1 4771/3 4772/4
f 4773/1 4774/2 4775/3
f 4773/1 4775/3 4776/4
f 4777/1 4778/2 4779/3
f 4777/1 4779/3 4780/4
f 4781/1 4782/2 4783/3
f 4781/1 4783/3 4784/4
f 4785/1 4786/2 4787/3
f 4785/1 4787/3 4788/4
f 4789/1 4790/2 4791/3
f 4789/1 4791/3 4792/4
f 4793/1 4794/2 4795/3
f 4793/1 4795/3 4796/4
f 4797/1 4798/2 4799/3
f 4797/1 4799/3 4800/4
f 4801/1 4802/2 4803/3
f 4801/1 4803/3 4804/4
f 4805/1 4806/2 4807/3
f 4805/1 4807/3 4808/4
f 4809/1 4810/2 4811/3
f 4809/1 4811/3 4812/4
f 4813/1 4814/2 4815/3
f 4813/1 4815/3 4816/4
f 4817/1 4818/2 4819/3
f 4817/1 4819/3 4820/4
f 4821/1 4822/2 4823/3
f 4821/1 4823/3 4824/4
f 4825/1 4826/2 4827/3
f 4825/1 4827/3 4828/4
f 4829/1 4830/2 4831/3
f 4829/1 4831/3 4832/4
f 4833/1 4834/2 4835/3
f 4833/1 4835/3 4836/4
f 4837/1 4838/2 4839/3
f 4837/1 4839/3 4840/4
f 4841/1 4842/2 4843/3
f 4841/1 4843/3 4844/4
f 4845/1 4846/2 4847/3
f 4845/1 4847/3 4848/4
f 4849/1 4850/2 4851/3
f 4849/1 4851/3 4852/4
f 4853/1 4854/2 4855/3
f 4853/1 4855/3 4856/4
f 4857/1 4858/2 4859/3
f 4857/1 4859/3 4860/4
f 4861/1 4862/2 4863/3
f 4861/1 4863/3 4864/4
f 4865/1 4866/2 4867/3
f 4865/1 4867/3 4868/4
f 4869/1 4870/2 4871/3
f 4869/1 4871/3 4872/4
f 4873/1 4874/2 4875/3
f 4873/1 4875/3 4876/4
f 4877/1 4878/2 4879/3
f 4877/1 4879/3 4880/4
f 4881/1 4882/2 4883/3
f 4881/1 4883/3 4884/4
f 4885/1 4886/2 4887/3
f 4885/1 4887/3 4888/4
f 4889/1 4890/2 4891/3
f 4889/1 4891/3 4892/4
f 4893/1 4894/2 4895/3
f 4893/1 4895/3 4896/4
f 4897/1 4898/2 4899/3
f 4897/1 4899/3 4900/4
f 4901/1 4902/2 4903/3
f 4901/1 4903/3 4904/4
f 4905/1 4906/2 4907/3
f 4905/1 4907/3 4908/4
f 4909/1 4910/2 4911/3
f 4909/1 4911/3 4912/4
f 4913/1 4914/2 4915/3
f 4913/1 4915/3 4916/4
f 4917/1 4918/2 4919/3
f 4917/1 4919/3 4920/4
f 4921/1 4922/2 4923/3
f 4921/1 4923/3 4924/4
f 4925/1 4926/2 4927/3
f 4925/1 4927/3 4928/4
f 4929/1 4930/2 4931/3
f 4929/1 4931/3 4932/4
f 4933/1 4934/2 4935/3
f 4933/1 4935/3 4936/4
f 4937/1 4938/2 4939/3
f 4937/1 4939/3 4940/4
f 4941/1 4942/2 4943/3
f 4941/1 4943/3 4944/4
f 4945/1 4946/2 4947/3
f 4945/1 4947/3 4948/4
f 4949/1 4950/2 4951/3
f 4949/1 4951/3 4952/4
f 4953/1 4954/2 4955/3
f 4953/1 4955/3 4956/4
f 4957/1 4958/2 4959/3
f 4957/1 4959/3 4960/4
f 4961/1 4962/2 4963/3
f 4961/1 4963/3 4964/4
f 4965/1 4966/2 4967/3
f 4965/1 4967/3 4968/4
f 4969/1 4970/2 4971/3
f 4969/1 4971/3 4972/4
f 4973/1 4974/2 4975/3
f 4973/1 4975/3 4976/4
f 4977/1 4978/2 4979/3
f 4977/1 4979/3 4980/4
f 4981/1 4982/2 4983/3
f 4981/1 4983/3 4984/4
f 4985/1 4986/2 4987/3
f 4985/1 4987/3 4988/4
f 4989/1 4990/2 4991/3
f 4989/1 4991/3 4992/4
f 4993/1 4994/2 4995/3
f 4993/1 4995/3 4996/4
f 4997/1 4998/2 4999/3
f 4997/1 4999/3 5000/4
f 5001/1 5002/2 5003/3
f 5001/1 5003/3 5004/4
f 5005/1 5006/2 5007/3
f 5005/1 5007/3 5008/4
f 5009/1 5010/2 5011/3
f 5009/1 5011/3 5012/4
f 5013/1 5014/2 5015/3
f 5013/1 5015/3 5016/4
f 5017/1 5018/2 5019/3
f 5017/1 5019/3 5020/4
f 5021/1 5022/2 5023/3
f 5021/1 5023/3 5024/4
f 5025/1 5026/2 5027/3
f 5025/1 5027/3 5028/4
f 5029/1 5030/2 5031/3
f 5029/1 5031/3 5032/4
f 5033/1 5034/2 5035/3
f 5033/1 5035/3 5036/4
f 5037/1 5038/2 5039/3
f 5037/1 5039/3 5040/4
f 5041/1 5042/2 5043/3
f 5041/1 5043/3 5044/4
f 5045/1 5046/2 5047/3
f 5045/1 5047/3 5048/4
f 5049/1 5050/2 5051/3
f 5049/1 5051/3 5052/4
f 5053/1 5054/2 5055/3
f 5053/1 5055/3 5056/4
f 5057/1 5058/2 5059/3
f 5057/1 5059/3 5060/4
f 5061/1 5062/2 5063/3
f 5061/1 5063/3 5064/4
f 5065/1 5066/2 5067/3
f 5065/1 5067/3 5068/4
f 5069/1 5070/2 5071/3
f 5069/1 5071/3 5072/4
f 5073/1 5074/2 5075/3
f 5073/1 5075/3 5076/4
f 5077/1 5078/2 5079/3
f 5077/1 5079/3 5080/4
f 5081/1 5082/2 5083/3
f 5081/1 5083/3 5084/4
f 5085/1 5086/2 5087/3
f 5085/1 5087/3 5088/4
f 5089/1 5090/2 5091/3
f 5089/1 5091/3 5092/4
f 5093/1 5094/2 5095/3
f 5093/1 5095/3 5096/4
f 5097/1 5098/2 5099/3
f 5097/1 5099/3 5100/4
f 5101/1 5102/2 5103/3
f 5101/1 5103/3 5104/4
f 5105/1 5106/2 5107/3
f 5105/1 5107/3 5108/4
f 5109/1 5110/2 5111/3
f 5109/1 5111/3 5112/4
f 5113/1 5114/2 5115/3
f 5113/1 5115/3 5116/4
f 5117/1 5118/2 5119/3
f 5117/1 5119/3 5120/4
f 5121/1 5122/2 5123/3
f 5121/1 5123/3 5124/4
f 5125/1 5126/2 5127/3
f 5125/1 5127/3 5128/4
f 5129/1 5130/2 5131/3
f 5129/1 5131/3 5132/4
f 5133/1 5134/2 5135/3
f 5133/1 5135/3 5136/4
f 5137/1 5138/2 5139/3
f 5137/1 5139/3 5140/4
f 5141/1 5142/2 5143/3
f 5141/1 5143/3 5144/4
f 5145/1 5146/2 5147/3
f 5145/1 5147/3 5148/4
f 5149/1 5150/2 5151/3
f 5149/1 5151/3 5152/4
f 5153/1 5154/2 5155/3
f 5153/1 5155/3 5156/4
f 5157/1 5158/2 5159/3
f 5157/1 5159/3 5160/4
f 5161/1 5162/2 5163/3
f 5161/1 5163/3 5164/4
f 5165/1 5166/2 5167/3
f 5165/1 5167/3 5168/4
f 5169/1 5170/2 5171/3
f 5169/1 5171/3 5172/4
f 5173/1 5174/2 5175/3
f 5173/1 5175/3 5176/4
f 5177/1 5178/2 5179/3
f 5177/1 5179/3 5180/4
f 5181/1 5182/2 5183/3
f 5181/1 5183/3 5184/4
f 5185/1 5186/2 5187/3
f 5185/1 5187/3 5188/4
f 5189/1 5190/2 5191/3
f 5189/1 5191/3 5192/4
f 5193/1 5194/2 5195/3
f 5193/1 5195/3 5196/4
f 5197/1 5198/2 5199/3
f 5197/1 5199/3 5200/4
f 5201/1 5202/2 5203/3
f 5201/1 5203/3 5204/4
f 5205/1 5206/2 5207/3
f 5205/1 5207/3 5208/4
f 5209/1 5210/2 5211/3
f 5209/1 5211/3 5212/4
f 5213/1 5214/2 5215/3
f 5213/1 5215/3 5216/4
f 5217/1 5218/2 5219/3
f 5217/1 5219/3 5220/4
f 5221/1 5222/2 5223/3
f 5221/1 5223/3 5224/4
f 5225/1 5226/2 5227/3
f 5225/1 5227/3 5228/4
f 5229/1 5230/2 5231/3
f 5229/1 5231/3 5232/4
f 5233/1 5234/2 5235/3
f 5233/1 5235/3 5236/4
f 5237/1 5238/2 5239/3
f 5237/1 5239/3 5240/4
f 5241/1 5242/2 5243/3
f 5241/1 5243/3 5244/4
f 5245/1 5246/2 5247/3
f 5245/1 5247/3 5248/4
f 5249/1 5250/2 5251/3
f 5249/1 5251/3 5252/4
f 5253/1 5254/2 5255/3
f 5253/1 5255/3 5256/4
f 5257/1 5258/2 5259/3
f 5257/1 5259/3 5260/4
f 5261/1 5262/2 5263/3
f 5261/1 5263/3 5264/4
f 5265/1 5266/2 5267/3
f 5265/1 5267/3 5268/4
f 5269/1 5270/2 5271/3
f 5269/1 5271/3 5272/4
f 5273/1 5274/2 5275/3
f 5273/1 5275/3 5276/4
f 5277/1 5278/2 5279/3
f 5277/1 5279/3 5280/4
f 5281/1 5282/2 5283/3
f 5281/1 5283/3 5284/4
f 5285/1 5286/2 5287/3
f 5285/1 5287/3 5288/4
f 5289/1 5290/2 5291/3
f 5289/1 5291/3 5292/4
f 5293/1 5294/2 5295/3
f 5293/1 5295/3 5296/4
f 5297/1 5298/2 5299/3
f 5297/1 5299/3 5300/4
f 5301/1 5302/2 5303/3
f 5301/1 5303/3 5304/4
f 5305/1 5306/2 5307/3
f 5305/1 5307/3 5308/4
f 5309/1 5310/2 5311/3
f 5309/1 5311/3 5312/4
f 5313/1 5314/2 5315/3
f 5313/1 5315/3 5316/4
f 5317/1 5318/2 5319/3
f 5317/1 5319/3 5320/4
f 5321/1 5322/2 5323/3
f 5321/1 5323/3 5324/4
f 5325/1 5326/2 5327/3
f 5325/1 5327/3 5328/4
f 5329/1 5330/2 5331/3
f 5329/1 5331/3 5332/4
f 5333/1 5334/2 5335/3
f 5333/1 5335/3 5336/4
f 5337/1 5338/2 5339/3
f 5337/1 5339/3 5340/4
f 5341/1 5342/2 5343/3
f 5341/1 5343/3 5344/4
f 5345/1 5346/2 5347/3
f 5345/1 5347/3 5348/4
f 5349/1 5350/2 5351/3
f 5349/1 5351/3 5352/4
f 5353/1 5354/2 5355/3
f 5353/1 5355/3 5356/4
f 5357/1 5358/2 5359/3
f 5357/1 5359/3 5360/4
f 5361/1 5362/2 5363/3
f 5361/1 5363/3 5364/4
f 5365/1 5366/2 5367/3
f 5365/1 5367/3 5368/4
f 5369/1 5370/2 5371/3
f 5369/1 5371/3 5372/4
f 5373/1 5374/2 5375/3
f 5373/1 5375/3 5376/4
f 5377/1 5378/2 5379/3
f 5377/1 5379/3 5380/4
f 5381/1 5382/2 5383/3
f 5381/1 5383/3 5384/4
f 5385/1 5386/2 5387/3
f 5385/1 5387/3 5388/4
f 5389/1 5390/2 5391/3
f 5389/1 5391/3 5392/4
f 5393/1 5394/2 5395/3
f 5393/1 5395/3 5396/4
f 5397/1 5398/2 5399/3
f 5397/1 5399/3 5400/4
f 5401/1 5402/2 5403/3
f 5401/1 5403/3 5404/4
f 5405/1 5406/2 5407/3
f 5405/1 5407/3 5408/4
f 5409/1 5410/2 5411/3
f 5409/1 5411/3 5412/4
f 5413/1 5414/2 5415/3
f 5413/1 5415/3 5416/4
f 5417/1 5418/2 5419/3
f 5417/1 5419/3 5420/4
f 5421/1 5422/2 5423/3
f 5421/1 5423/3 5424/4
f 5425/1 5426/2 5427/3
f 5425/1 5427/3 5428/4
f 5429/1 5430/2 5431/3
f 5429/1 5431/3 5432/4
f 5433/1 5434/2 5435/3
f 5433/1 5435/3 5436/4
f 5437/1 5438/2 5439/3
f 5437/1 5439/3 5440/4
f 5441/1 5442/2 5443/3
f 5441/1 5443/3 5444/4
f 5445/1 5446/2 5447/3
f 5445/1 5447/3 5448/4
f 5449/1 5450/2 5451/3
f 5449/1 5451/3 5452/4
f 5453/1 5454/2 5455/3
f 5453/1 5455/3 5456/4
f 5457/1 5458/2 5459/3
f 5457/1 5459/3 5460/4
f 5461/1 5462/2 5463/3
f 5461/1 5463/3 5464/4
f 5465/1 5466/2 5467/3
f 5465/1 5467/3 5468/4
f 5469/1 5470/2 5471/3
f 5469/1 5471/3 5472/4
f 5473/1 5474/2 5475/3
f 5473/1 5475/3 5476/4
f 5477/1 5478/2 5479/3
f 5477/1 5479/3 5480/4
f 5481/1 5482/2 5483/3
f 5481/1 5483/3 5484/4
f 5485/1 5486/2 5487/3
f 5485/1 5487/3 5488/4
f 5489/1 5490/2 5491/3
f 5489/1 5491/3 5492/4
f 5493/1 5494/2 5495/3
f 5493/1 5495/3 5496/4
f 5497/1 5498/2 5499/3
f 5497/1 5499/3 5500/4
f 5501/1 5502/2 5503/3
f 5501/1 5503/3 5504/4
f 5505/1 5506/2 5507/3
f 5505/1 5507/3 5508/4
f 5509/1 5510/2 5511/3
f 5509/1 5511/3 5512/4
f 5513/1 5514/2 5515/3
f 5513/1 5515/3 5516/4
f 5517/1 5518/2 5519/3
f 5517/1 5519/3 5520/4
f 5521/1 5522/2 5523/3
f 5521/1 5523/3 5524/4
f 5525/1 5526/2 5527/3
f 5525/1 5527/3 5528/4
f 5529/1 5530/2 5531/3
f 5529/1 5531/3 5532/4
f 5533/1 5534/2 5535/3
f 5533/1 5535/3 5536/4
f 5537/1 5538/2 5539/3
f 5537/1 5539/3 5540/4
f 5541/1 5542/2 5543/3
f 5541/1 5543/3 5544/4
f 5545/1 5546/2 5547/3
f 5545/1 5547/3 5548/4
f 5549/1 5550/2 5551/3
f 5549/1 5551/3 5552/4
f 5553/1 5554/2 5555/3
f 5553/1 5555/3 5556/4
f 5557/1 5558/2 5559/3
f 5557/1 5559/3 5560/4
f 5561/1 5562/2 5563/3
f 5561/1 5563/3 5564/4
f 5565/1 5566/2 5567/3
f 5565/1 5567/3 5568/4
f 5569/1 5570/2 5571/3
f 5569/1 5571/3 5572/4
f 5573/1 5574/2 5575/3
f 5573/1 5575/3 5576/4
f 5577/1 5578/2 5579/3
f 5577/1 5579/3 5580/4
f 5581/1 5582/2 5583/3
f 5581/1 5583/3 5584/4
f 5585/1 5586/2 5587/3
f 5585/1 5587/3 5588/4
f 5589/1 5590/2 5591/3
f 5589/1 5591/3 5592/4
f 5593/1 5594/2 5595/3
f 5593/1 5595/3 5596/4
f 5597/1 5598/2 5599/3
f 5597/1 5599/3 5600/4
f 5601/1 5602/2 5603/3
f 5601/1 5603/3 5604/4
f 5605/1 5606/2 5607/3
f 5605/1 5607/3 5608/4
f 5609/1 5610/2 5611/3
f 5609/1 5611/3 5612/4
f 5613/1 5614/2 5615/3
f 5613/1 5615/3 5616/4
f 5617/1 5618/2 5619/3
f 5617/1 5619/3 5620/4
f 5621/1 5622/2 5623/3
f 5621/1 5623/3 5624/4
f 5625/1 5626/2 5627/3
f 5625/1 5627/3 5628/4
f 5629/1 5630/2 5631/3
f 5629/1 5631/3 5632/4
f 5633/1 5634/2 5635/3
f 5633/1 5635/3 5636/4
f 5637/1 5638/2 5639/3
f 5637/1 5639/3 5640/4
f 5641/1 5642/2 5643/3
f 5641/1 5643/3 5644/4
f 5645/1 5646/2 5647/3
f 5645/1 5647/3 5648/4
f 5649/1 5650/2 5651/3
f 5649/1 5651/3 5652/4
f 5653/1 5654/2 5655/3
f 5653/1 5655/3 5656/4
f 5657/1 5658/2 5659/3
f 5657/1 5659/3 5660/4
f 5661/1 5662/2 5663/3
f 5661/1 5663/3 5664/4
f 5665/1 5666/2 5667/3
f 5665/1 5667/3 5668/4
f 5669/1 5670/2 5671/3
f 5669/1 5671/3 5672/4
f 5673/1 5674/2 5675/3
f 5673/1 5675/3 5676/4
f 5677/1 5678/2 5679/3
f 5677/1 5679/3 5680/4
f 5681/1 5682/2 5683/3
f 5681/1 5683/3 5684/4
f 5685/1 5686/2 5687/3
f 5685/1 5687/3 5688/4
f 5689/1 5690/2 5691/3
f 5689/1 5691/3 5692/4
f 5693/1 5694/2 5695/3
f 5693/1 5695/3 5696/4
f 5697/1 5698/2 5699/3
f 5697/1 5699/3 5700/4
f 5701/1 5702/2 5703/3
f 5701/1 5703/3 5704/4
f 5705/1 5706/2 5707/3
f 5705/1 5707/3 5708/4
f 5709/1 5710/2 5711/3
f 5709/1 5711/3 5712/4
f 5713/1 5714/2 5715/3
f 5713/1 5715/3 5716/4
f 5717/1 5718/2 5719/3
f 5717/1 5719/3 5720/4
f 5721/1 5722/2 5723/3
f 5721/1 5723/3 5724/4
f 5725/1 5726/2 5727/3
f 5725/1 5727/3 5728/4
f 5729/1 5730/2 5731/3
f 5729/1 5731/3 5732/4
f 5733/1 5734/2 5735/3
f 5733/1 5735/3 5736/4
f 5737/1 5738/2 5739/3
f 5737/1 5739/3 5740/4
f 5741/1 5742/2 5743/3
f 5741/1 5743/3 5744/4
f 5745/1 5746/2 5747/3
f 5745/1 5747/3 5748/4
f 5749/1 5750/2 5751/3
f 5749/1 5751/3 5752/4
f 5753/1 5754/2 5755/3
f 5753/1 5755/3 5756/4
f 5757/1 5758/2 5759/3
f 5757/1 5759/3 5760/4
f 5761/1 5762/2 5763/3
f 5761/1 5763/3 5764/4
f 5765/1 5766/2 5767/3
f 5765/1 5767/3 5768/4
f 5769/1 5770/2 5771/3
f 5769/1 5771/3 5772/4
f 5773/1 5774/2 5775/3
f 5773/1 5775/3 5776/4
f 5777/1 5778/2 5779/3
f 5777/1 5779/3 5780/4
f 5781/1 5782/2 5783/3
f 5781/1 5783/3 5784/4
f 5785/1 5786/2 5787/3
f 5785/1 5787/3 5788/4
f 5789/1 5790/2 5791/3
f 5789/1 5791/3 5792/4
f 5793/1 5794/2 5795/3
f 5793/1 5795/3 5796/4
f 5797/1 5798/2 5799/3
f 5797/1 5799/3 5800/4
f 5801/1 5802/2 5803/3
f 5801/1 5803/3 5804/4
f 5805/1 5806/2 5807/3
f 5805/1 5807/3 5808/4
f 5809/1 5810/2 5811/3
f 5809/1 5811/3 5812/4
f 5813/1 5814/2 5815/3
f 5813/1 5815/3 5816/4
f 5817/1 5818/2 5819/3
f 5817/1 5819/3 5820/4
f 5821/1 5822/2 5823/3
f 5821/1 5823/3 5824/4
f 5825/1 5826/2 5827/3
f 5825/1 5827/3 5828/4
f 5829/1 5830/2 5831/3
f 5829/1 5831/3 5832/4
f 5833/1 5834/2 5835/3
f 5833/1 5835/3 5836/4
f 5837/1 5838/2 5839/3
f 5837/1 5839/3 5840/4
f 5841/1 5842/2 5843/3
f 5841/1 5843/3 5844/4
f 5845/1 5846/2 5847/3
f 5845/1 5847/3 5848/4
f 5849/1 5850/2 5851/3
f 5849/1 5851/3 5852/4
f 5853/1 5854/2 5855/3
f 5853/1 5855/3 5856/4
f 5857/1 5858/2 5859/3
f 5857/1 5859/3 5860/4
f 5861/1 5862/2 5863/3
f 5861/1 5863/3 5864/4
f 5865/1 5866/2 5867/3
f 5865/1 5867/3 5868/4
f 5869/1 5870/2 5871/3
f 5869/1 5871/3 5872/4
f 5873/1 5874/2 5875/3
f 5873/1 5875/3 5876/4
f 5877/1 5878/2 5879/3
f 5877/1 5879/3 5880/4
f 5881/1 5882/2 5883/3
f 5881/1 5883/3 5884/4
f 5885/1 5886/2 5887/3
f 5885/1 5887/3 5888/4
f 5889/1 5890/2 5891/3
f 5889/1 5891/3 5892/4
f 5893/1 5894/2 5895/3
f 5893/1 5895/3 5896/4
f 5897/1 5898/2 5899/3
f 5897/1 5899/3 5900/4
f 5901/1 5902/2 5903/3
f 5901/1 5903/3 5904/4
f 5905/1 5906/2 5907/3
f 5905/1 5907/3 5908/4
f 5909/1 5910/2 5911/3
f 5909/1 5911/3 5912/4
f 5913/1 5914/2 5915/3
f 5913/1 5915/3 5916/4
f 5917/1 5918/2 5919/3
f 5917/1 5919/3 5920/4
f 5921/1 5922/2 5923/3
f 5921/1 5923/3 5924/4
f 5925/1 5926/2 5927/3
f 5925/1 5927/3 5928/4
f 5929/1 5930/2 5931/3
f 5929/1 5931/3 5932/4
f 5933/1 5934/2 5935/3
f 5933/1 5935/3 5936/4
f 5937/1 5938/2 5939/3
f 5937/1 5939/3 5940/4
f 5941/1 5942/2 5943/3
f 5941/1 5943/3 5944/4
f 5945/1 5946/2 5947/3
f 5945/1 5947/3 5948/4
f 5949/1 5950/2 5951/3
f 5949/1 5951/3 5952/4
f 5953/1 5954/2 5955/3
f 5953/1 5955/3 5956/4
f 5957/1 5958/2 5959/3
f 5957/1 5959/3 5960/4
f 5961/1 5962/2 5963/3
f 5961/1 5963/3 5964/4
f 5965/1 5966/2 5967/3
f 5965/1 5967/3 5968/4
f 5969/1 5970/2 5971/3
f 5969/1 5971/3 5972/4
f 5973/1 5974/2 5975/3
f 5973/1 5975/3 5976/4
f 5977/1 5978/2 5979/3
f 5977/1 5979/3 5980/4
f 5981/1 5982/2 5983/3
f 5981/1 5983/3 5984/4
f 5985/1 5986/2 5987/3
f 5985/1 5987/3 5988/4
f 5989/1 5990/2 5991/3
f 5989/1 5991/3 5992/4
f 5993/1 5994/2 5995/3
f 5993/1 5995/3 5996/4
f 5997/1 5998/2 5999/3
f 5997/1 5999/3 6000/4
f 6001/1 6002/2 6003/3
f 6001/1 6003/3 6004/4
f 6005/1 6006/2 6007/3
f 6005/1 6007/3 6008/4
f 6009/1 6010/2 6011/3
f 6009/1 6011/3 6012/4
f 6013/1 6014/2 6015/3
f 6013/1 6015/3 6016/4
f 6017/1 6018/2 6019/3
f 6017/1 6019/3 6020/4
f 6021/1 6022/2 6023/3
f 6021/1 6023/3 6024/4
f 6025/1 6026/2 6027/3
f 6025/1 6027/3 6028/4
f 6029/1 6030/2 6031/3
f 6029/1 6031/3 6032/4
f 6033/1 6034/2 6035/3
f 6033/1 6035/3 6036/4
f 6037/1 6038/2 6039/3
f 6037/1 6039/3 6040/4
f 6041/1 6042/2 6043/3
f 6041/1 6043/3 6044/4
f 6045/1 6046/2 6047/3
f 6045/1 6047/3 6048/4
f 6049/1 6050/2 6051/3
f 6049/1 6051/3 6052/4
f 6053/1 6054/2 6055/3
f 6053/1 6055/3 6056/4
f 6057/1 6058/2 6059/3
f 6057/1 6059/3 6060/4
f 6061/1 6062/2 6063/3
f 6061/1 6063/3 6064/4
f 6065/1 6066/2 6067/3
f 6065/1 6067/3 6068/4
f 6069/1 6070/2 6071/3
f 6069/1 6071/3 6072/4
f 6073/1 6074/2 6075/3
f 6073/1 6075/3 6076/4
f 6077/1 6078/2 6079/3
f 6077/1 6079/3 6080/4
f 6081/1 6082/2 6083/3
f 6081/1 6083/3 6084/4
f 6085/1 6086/2 6087/3
f 6085/1 6087/3 6088/4
f 6089/1 6090/2 6091/3
f 6089/1 6091/3 6092/4
f 6093/1 6094/2 6095/3
f 6093/1 6095/3 6096/4
f 6097/1 6098/2 6099/3
f 6097/1 6099/3 6100/4
f 6101/1 6102/2 6103/3
f 6101/1 6103/3 6104/4
f 6105/1 6106/2 6107/3
f 6105/1 6107/3 6108/4
f 6109/1 6110/2 6111/3
f 6109/1 6111/3 6112/4
f 6113/1 6114/2 6115/3
f 6113/1 6115/3 6116/4
f 6117/1 6118/2 6119/3
f 6117/1 6119/3 6120/4
f 6121/1 6122/2 6123/3
f 6121/1 6123/3 6124/4
f 6125/1 6126/2 6127/3
f 6125/1 6127/3 6128/4
f 6129/1 6130/2 6131/3
f 6129/1 6131/3 6132/4
f 6133/1 6134/2 6135/3
f 6133/1 6135/3 6136/4
f 6137/1 6138/2 6139/3
f 6137/1 6139/3 6140/4
f 6141/1 6142/2 6143/3
f 6141/1 6143/3 6144/4
f 6145/1 6146/2 6147/3
f 6145/1 6147/3 6148/4
f 6149/1 6150/2 6151/3
f 6149/1 6151/3 6152/4
f 6153/1 6154/2 6155/3
f 6153/1 6155/3 6156/4
f 6157/1 6158/2 6159/3
f 6157/1 6159/3 6160/4
f 6161/1 6162/2 6163/3
f 6161/1 6163/3 6164/4
f 6165/1 6166/2 6167/3
f 6165/1 6167/3 6168/4
f 6169/1 6170/2 6171/3
f 6169/1 6171/3 6172/4
f 6173/1 6174/2 6175/3
f 6173/1 6175/3 6176/4
f 6177/1 6178/2 6179/3
f 6177/1 6179/3 6180/4
f 6181/1 6182/2 6183/3
f 6181/1 6183/3 6184/4
f 6185/1 6186/2 6187/3
f 6185/1 6187/3 6188/4
f 6189/1 6190/2 6191/3
f 6189/1 6191/3 6192/4
f 6193/1 6194/2 6195/3
f 6193/1 6195/3 6196/4
f 6197/1 6198/2 6199/3
f 6197/1 6199/3 6200/4
f 6201/1 6202/2 6203/3
f 6201/1 6203/3 6204/4
f 6205/1 6206/2 6207/3
f 6205/1 6207/3 6208/4
f 6209/1 6210/2 6211/3
f 6209/1 6211/3 6212/4
f 6213/1 6214/2 6215/3
f 6213/1 6215/3 6216/4
f 6217/1 6218/2 6219/3
f 6217/1 6219/3 6220/4
f 6221/1 6222/2 6223/3
f 6221/1 6223/3 6224/4
f 6225/1 6226/2 6227/3
f 6225/1 6227/3 6228/4
f 6229/1 6230/2 6231/3
f 6229/1 6231/3 6232/4
f 6233/1 6234/2 6235/3
f 6233/1 6235/3 6236/4
f 6237/1 6238/2 6239/3
f 6237/1 6239/3 6240/4
f 6241/1 6242/2 6243/3
f 6241/1 6243/3 6244/4
f 6245/1 6246/2 6247/3
f 6245/1 6247/3 6248/4
f 6249/1 6250/2 6251/3
f 6249/1 6251/3 6252/4
f 6253/1 6254/2 6255/3
f 6253/1 6255/3 6256/4
f 6257/1 6258/2 6259/3
f 6257/1 6259/3 6260/4
f 6261/1 6262/2 6263/3
f 6261/1 6263/3 6264/4
f 6265/1 6266/2 6267/3
f 6265/1 6267/3 6268/4
f 6269/1 6270/2 6271/3
f 6269/1 6271/3 6272/4
f 6273/1 6274/2 6275/3
f 6273/1 6275/3 6276/4
f 6277/1 6278/2 6279/3
f 6277/1 6279/3 6280/4
f 6281/1 6282/2 6283/3
f 6281/1 6283/3 6284/4
f 6285/1 6286/2 6287/3
f 6285/1 6287/3 6288/4
f 6289/1 6290/2 6291/3
f 6289/1 6291/3 6292/4
f 6293/1 6294/2 6295/3
f 6293/1 6295/3 6296/4
f 6297/1 6298/2 6299/3
f 6297/1 6299/3 6300/4
f 6301/1 6302/2 6303/3
f 6301/1 6303/3 6304/4
f 6305/1 6306/2 6307/3
f 6305/1 6307/3 6308/4
f 6309/1 6310/2 6311/3
f 6309/1 6311/3 6312/4
f 6313/1 6314/2 6315/3
f 6313/1 6315/3 6316/4
f 6317/1 6318/2 6319/3
f 6317/1 6319/3 6320/4
f 6321/1 6322/2 6323/3
f 6321/1 6323/3 6324/4
f 6325/1 6326/2 6327/3
f 6325/1 6327/3 6328/4
f 6329/1 6330/2 6331/3
f 6329/1 6331/3 6332/4
f 6333/1 6334/2 6335/3
f 6333/1 6335/3 6336/4
f 6337/1 6338/2 6339/3
f 6337/1 6339/3 6340/4
f 6341/1 6342/2 6343/3
f 6341/1 6343/3 6344/4
f 6345/1 6346/2 6347/3
f 6345/1 6347/3 6348/4
f 6349/1 6350/2 6351/3
f 6349/1 6351/3 6352/4
f 6353/1 6354/2 6355/3
f 6353/1 6355/3 6356/4
f 6357/1 6358/2 6359/3
f 6357/1 6359/3 6360/4
f 6361/1 6362/2 6363/3
f 6361/1 6363/3 6364/4
f 6365/1 6366/2 6367/3
f 6365/1 6367/3 6368/4
f 6369/1 6370/2 6371/3
f 6369/1 6371/3 6372/4
f 6373/1 6374/2 6375/3
f 6373/1 6375/3 6376/4
f 6377/1 6378/2 6379/3
f 6377/1 6379/3 6380/4
f 6381/1 6382/2 6383/3
f 6381/1 6383/3 6384/4
f 6385/1 6386/2 6387/3
f 6385/1 6387/3 6388/4
f 6389/1 6390/2 6391/3
f 6389/1 6391/3 6392/4
f 6393/1 6394/2 6395/3
f 6393/1 6395/3 6396/4
f 6397/1 6398/2 6399/3
f 6397/1 6399/3 6400/4
f 6401/1 6402/2 6403/3
f 6401/1 6403/3 6404/4
f 6405/1 6406/2 6407/3
f 6405/1 6407/3 6408/4
f 6409/1 6410/2 6411/3
f 6409/1 6411/3 6412/4
f 6413/1 6414/2 6415/3
f 6413/1 6415/3 6416/4
f 6417/1 6418/2 6419/3
f 6417/1 6419/3 6420/4
f 6421/1 6422/2 6423/3
f 6421/1 6423/3 6424/4
f 6425/1 6426/2 6427/3
f 6425/1 6427/3 6428/4
f 6429/1 6430/2 6431/3
f 6429/1 6431/3 6432/4
f 6433/1 6434/2 6435/3
f 6433/1 6435/3 6436/4
f 6437/1 6438/2 6439/3
f 6437/1 6439/3 6440/4
f 6441/1 6442/2 6443/3
f 6441/1 6443/3 6444/4
f 6445/1 6446/2 6447/3
f 6445/1 6447/3 6448/4
f 6449/1 6450/2 6451/3
f 6449/1 6451/3 6452/4
f 6453/1 6454/2 6455/3
f 6453/1 6455/3 6456/4
f 6457/1 6458/2 6459/3
f 6457/1 6459/3 6460/4
f 6461/1 6462/2 6463/3
f 6461/1 6463/3 6464/4
f 6465/1 6466/2 6467/3
f 6465/1 6467/3 6468/4
f 6469/1 6470/2 6471/3
f 6469/1 6471/3 6472/4
f 6473/1 6474/2 6475/3
f 6473/1 6475/3 6476/4
f 6477/1 6478/2 6479/3
f 6477/1 6479/3 6480/4
f 6481/1 6482/2 6483/3
f 6481/1 6483/3 6484/4
f 6485/1 6486/2 6487/3
f 6485/1 6487/3 6488/4
f 6489/1 6490/2 6491/3
f 6489/1 6491/3 6492/4
f 6493/1 6494/2 6495/3
f 6493/1 6495/3 6496/4
f 6497/1 6498/2 6499/3
f 6497/1 6499/3 6500/4
f 6501/1 6502/2 6503/3
f 6501/1 6503/3 6504/4
f 6505/1 6506/2 6507/3
f 6505/1 6507/3 6508/4
f 6509/1 6510/2 6511/3
f 6509/1 6511/3 6512/4
f 6513/1 6514/2 6515/3
f 6513/1 6515/3 6516/4
f 6517/1 6518/2 6519/3
f 6517/1 6519/3 6520/4
f 6521/1 6522/2 6523/3
f 6521/1 6523/3 6524/4
f 6525/1 6526/2 6527/3
f 6525/1 6527/3 6528/4
f 6529/1 6530/2 6531/3
f 6529/1 6531/3 6532/4
f 6533/1 6534/2 6535/3
f 6533/1 6535/3 6536/4
f 6537/1 6538/2 6539/3
f 6537/1 6539/3 6540/4
f 6541/1 6542/2 6543/3
f 6541/1 6543/3 6544/4
f 6545/1 6546/2 6547/3
f 6545/1 6547/3 6548/4
f 6549/1 6550/2 6551/3
f 6549/1 6551/3 6552/4
f 6553/1 6554/2 6555/3
f 6553/1 6555/3 6556/4
f 6557/1 6558/2 6559/3
f 6557/1 6559/3 6560/4
f 6561/1 6562/2 6563/3
f 6561/1 6563/3 6564/4
f 6565/1 6566/2 6567/3
f 6565/1 6567/3 6568/4
f 6569/1 6570/2 6571/3
f 6569/1 6571/3 6572/4
f 6573/1 6574/2 6575/3
f 6573/1 6575/3 6576/4
f 6577/1 6578/2 6579/3
f 6577/1 6579/3 6580/4
f 6581/1 6582/2 6583/3
f 6581/1 6583/3 6584/4
f 6585/1 6586/2 6587/3
f 6585/1 6587/3 6588/4
f 6589/1 6590/2 6591/3
f 6589/1 6591/3 6592/4
f 6593/1 6594/2 6595/3
f 6593/1 6595/3 6596/4
f 6597/1 6598/2 6599/3
f 6597/1 6599/3 6600/4
f 6601/1 6602/2 6603/3
f 6601/1 6603/3 6604/4
f 6605/1 6606/2 6607/3
f 6605/1 6607/3 6608/4
f 6609/1 6610/2 6611/3
f 6609/1 6611/3 6612/4
f 6613/1 6614/2 6615/3
f 6613/1 6615/3 6616/4
f 6617/1 6618/2 6619/3
f 6617/1 6619/3 6620/4
f 6621/1 6622/2 6623/3
f 6621/1 6623/3 6624/4
f 6625/1 6626/2 6627/3
f 6625/1 6627/3 6628/4
f 6629/1 6630/2 6631/3
f 6629/1 6631/3 6632/4
f 6633/1 6634/2 6635/3
f 6633/1 6635/3 6636/4
f 6637/1 6638/2 6639/3
f 6637/1 6639/3 6640/4
f 6641/1 6642/2 6643/3
f 6641/1 6643/3 6644/4
f 6645/1 6646/2 6647/3
f 6645/1 6647/3 6648/4
f 6649/1 6650/2 6651/3
f 6649/1 6651/3 6652/4
f 6653/1 6654/2 6655/3
f 6653/1 6655/3 6656/4
f 6657/1 6658/2 6659/3
f 6657/1 6659/3 6660/4
f 6661/1 6662/2 6663/3
f 6661/1 6663/3 6664/4
f 6665/1 6666/2 6667/3
f 6665/1 6667/3 6668/4
f 6669/1 6670/2 6671/3
f 6669/1 6671/3 6672/4
f 6673/1 6674/2 6675/3
f 6673/1 6675/3 6676/4
f 6677/1 6678/2 6679/3
f 6677/1 6679/3 6680/4
f 6681/1 6682/2 6683/3
f 6681/1 6683/3 6684/4
f 6685/1 6686/2 6687/3
f 6685/1 6687/3 6688/4
f 6689/1 6690/2 6691/3
f 6689/1 6691/3 6692/4
f 6693/1 6694/2 6695/3
f 6693/1 6695/3 6696/4
f 6697/1 6698/2 6699/3
f 6697/1 6699/3 6700/4
f 6701/1 6702/2 6703/3
f 6701/1 6703/3 6704/4
f 6705/1 6706/2 6707/3
f 6705/1 6707/3 6708/4
f 6709/1 6710/2 6711/3
f 6709/1 6711/3 6712/4
f 6713/1 6714/2 6715/3
f 6713/1 6715/3 6716/4
f 6717/1 6718/2 6719/3
f 6717/1 6719/3 6720/4
f 6721/1 6722/2 6723/3
f 6721/1 6723/3 6724/4
f 6725/1 6726/2 6727/3
f 6725/1 6727/3 6728/4
f 6729/1 6730/2 6731/3
f 6729/1 6731/3 6732/4
f 6733/1 6734/2 6735/3
f 6733/1 6735/3 6736/4
f 6737/1 6738/2 6739/3
f 6737/1 6739/3 6740/4
f 6741/1 6742/2 6743/3
f 6741/1 6743/3 6744/4
f 6745/1 6746/2 6747/3
f 6745/1 6747/3 6748/4
f 6749/1 6750/2 6751/3
f 6749/1 6751/3 6752/4
f 6753/1 6754/2 6755/3
f 6753/1 6755/3 6756/4
f 6757/1 6758/2 6759/3
f 6757/1 6759/3 6760/4
f 6761/1 6762/2 6763/3
f 6761/1 6763/3 6764/4
f 6765/1 6766/2 6767/3
f 6765/1 6767/3 6768/4
f 6769/1 6770/2 6771/3
f 6769/1 6771/3 6772/4
f 6773/1 6774/2 6775/3
f 6773/1 6775/3 6776/4
f 6777/1 6778/2 6779/3
f 6777/1 6779/3 6780/4
f 6781/1 6782/2 6783/3
f 6781/1 6783/3 6784/4
f 6785/1 6786/2 6787/3
f 6785/1 6787/3 6788/4
f 6789/1 6790/2 6791/3
f 6789/1 6791/3 6792/4
f 6793/1 6794/2 6795/3
f 6793/1 6795/3 6796/4
f 6797/1 6798/2 6799/3
f 6797/1 6799/3 6800/4
f 6801/1 6802/2 6803/3
f 6801/1 6803/3 6804/4
f 6805/1 6806/2 6807/3
f 6805/1 6807/3 6808/4
f 6809/1 6810/2 6811/3
f 6809/1 6811/3 6812/4
f 6813/1 6814/2 6815/3
f 6813/1 6815/3 6816/4
f 6817/1 6818/2 6819/3
f 6817/1 6819/3 6820/4
f 6821/1 6822/2 6823/3
f 6821/1 6823/3 6824/4
f 6825/1 6826/2 6827/3
f 6825/1 6827/3 6828/4
f 6829/1 6830/2 6831/3
f 6829/1 6831/3 6832/4
f 6833/1 6834/2 6835/3
f 6833/1 6835/3 6836/4
f 6837/1 6838/2 6839/3
f 6837/1 6839/3 6840/4
f 6841/1 6842/2 6843/3
f 6841/1 6843/3 6844/4
f 6845/1 6846/2 6847/3
f 6845/1 6847/3 6848/4
f 6849/1 6850/2 6851/3
f 6849/1 6851/3 6852/4
f 6853/1 6854/2 6855/3
f 6853/1 6855/3 6856/4
f 6857/1 6858/2 6859/3
f 6857/1 6859/3 6860/4
f 6861/1 6862/2 6863/3
f 6861/1 6863/3 6864/4
f 6865/1 6866/2 6867/3
f 6865/1 6867/3 6868/4
f 6869/1 6870/2 6871/3
f 6869/1 6871/3 6872/4
f 6873/1 6874/2 6875/3
f 6873/1 6875/3 6876/4
f 6877/1 6878/2 6879/3
f 6877/1 6879/3 6880/4
f 6881/1 6882/2 6883/3
f 6881/1 6883/3 6884/4
f 6885/1 6886/2 6887/3
f 6885/1 6887/3 6888/4
f 6889/1 6890/2 6891/3
f 6889/1 6891/3 6892/4
f 6893/1 6894/2 6895/3
f 6893/1 6895/3 6896/4
f 6897/1 6898/2 6899/3
f 6897/1 6899/3 6900/4
f 6901/1 6902/2 6903/3
f 6901/1 6903/3 6904/4
f 6905/1 6906/2 6907/3
f 6905/1 6907/3 6908/4
f 6909/1 6910/2 6911/3
f 6909/1 6911/3 6912/4
f 6913/1 6914/2 6915/3
f 6913/1 6915/3 6916/4
f 6917/1 6918/2 6919/3
f 6917/1 6919/3 6920/4
f 6921/1 6922/2 6923/3
f 6921/1 6923/3 6924/4
f 6925/1 6926/2 6927/3
f 6925/1 6927/3 6928/4
f 6929/1 6930/2 6931/3
f 6929/1 6931/3 6932/4
f 6933/1 6934/2 6935/3
f 6933/1 6935/3 6936/4
f 6937/1 6938/2 6939/3
f 6937/1 6939/3 6940/4
f 6941/1 6942/2 6943/3
f 6941/1 6943/3 6944/4
f 6945/1 6946/2 6947/3
f 6945/1 6947/3 6948/4
f 6949/1 6950/2 6951/3
f 6949/1 6951/3 6952/4
f 6953/1 6954/2 6955/3
f 6953/1 6955/3 6956/4
f 6957/1 6958/2 6959/3
f 6957/1 6959/3 6960/4
f 6961/1 6962/2 6963/3
f 6961/1 6963/3 6964/4
f 6965/1 6966/2 6967/3
f 6965/1 6967/3 6968/4
f 6969/1 6970/2 6971/3
f 6969/1 6971/3 6972/4
f 6973/1 6974/2 6975/3
f 6973/1 6975/3 6976/4
f 6977/1 6978/2 6979/3
f 6977/1 6979/3 6980/4
f 6981/1 6982/2 6983/3
f 6981/1 6983/3 6984/4
f 6985/1 6986/2 6987/3
f 6985/1 6987/3 6988/4
f 6989/1 6990/2 6991/3
f 6989/1 6991/3 6992/4
f 6993/1 6994/2 6995/3
f 6993/1 6995/3 6996/4
f 6997/1 6998/2 6999/3
f 6997/1 6999/3 7000/4
f 7001/1 7002/2 7003/3
f 7001/1 7003/3 7004/4
f 7005/1 7006/2 7007/3
f 7005/1 7007/3 7008/4
f 7009/1 7010/2 7011/3
f 7009/1 7011/3 7012/4
f 7013/1 7014/2 7015/3
f 7013/1 7015/3 7016/4
f 7017/1 7018/2 7019/3
f 7017/1 7019/3 7020/4
f 7021/1 7022/2 7023/3
f 7021/1 7023/3 7024/4
f 7025/1 7026/2 7027/3
f 7025/1 7027/3 7028/4
f 7029/1 7030/2 7031/3
f 7029/1 7031/3 7032/4
f 7033/1 7034/2 7035/3
f 7033/1 7035/3 7036/4
f 7037/1 7038/2 7039/3
f 7037/1 7039/3 7040/4
f 7041/1 7042/2 7043/3
f 7041/1 7043/3 7044/4
f 7045/1 7046/2 7047/3
f 7045/1 7047/3 7048/4
f 7049/1 7050/2 7051/3
f 7049/1 7051/3 7052/4
f 7053/1 7054/2 7055/3
f 7053/1 7055/3 7056/4
f 7057/1 7058/2 7059/3
f 7057/1 7059/3 7060/4
f 7061/1 7062/2 7063/3
f 7061/1 7063/3 7064/4
f 7065/1 7066/2 7067/3
f 7065/1 7067/3 7068/4
f 7069/1 7070/2 7071/3
f 7069/1 7071/3 7072/4
f 7073/1 7074/2 7075/3
f 7073/1 7075/3 7076/4
f 7077/1 7078/2 7079/3
f 7077/1 7079/3 7080/4
f 7081/1 7082/2 7083/3
f 7081/1 7083/3 7084/4
f 7085/1 7086/2 7087/3
f 7085/1 7087/3 7088/4
f 7089/1 7090/2 7091/3
f 7089/1 7091/3 7092/4
f 7093/1 7094/2 7095/3
f 7093/1 7095/3 7096/4
f 7097/1 7098/2 7099/3
f 7097/1 7099/3 7100/4
f 7101/1 7102/2 7103/3
f 7101/1 7103/3 7104/4
f 7105/1 7106/2 7107/3
f 7105/1 7107/3 7108/4
f 7109/1 7110/2 7111/3
f 7109/1 7111/3 7112/4
f 7113/1 7114/2 7115/3
f 7113/1 7115/3 7116/4
f 7117/1 7118/2 7119/3
f 7117/1 7119/3 7120/4
f 7121/1 7122/2 7123/3
f 7121/1 7123/3 7124/4
f 7125/1 7126/2 7127/3
f 7125/1 7127/3 7128/4
f 7129/1 7130/2 7131/3
f 7129/1 7131/3 7132/4
f 7133/1 7134/2 7135/3
f 7133/1 7135/3 7136/4
f 7137/1 7138/2 7139/3
f 7137/1 7139/3 7140/4
f 7141/1 7142/2 7143/3
f 7141/1 7143/3 7144/4
f 7145/1 7146/2 7147/3
f 7145/1 7147/3 7148/4
f 7149/1 7150/2 7151/3
f 7149/1 7151/3 7152/4
f 7153/1 7154/2 7155/3
f 7153/1 7155/3 7156/4
f 7157/1 7158/2 7159/3
f 7157/1 7159/3 7160/4
f 7161/1 7162/2 7163/3
f 7161/1 7163/3 7164/4
f 7165/1 7166/2 7167/3
f 7165/1 7167/3 7168/4
f 7169/1 7170/2 7171/3
f 7169/1 7171/3 7172/4
f 7173/1 7174/2 7175/3
f 7173/1 7175/3 7176/4
f 7177/1 7178/2 7179/3
f 7177/1 7179/3 7180/4
f 7181/1 7182/2 7183/3
f 7181/1 7183/3 7184/4
f 7185/1 7186/2 7187/3
f 7185/1 7187/3 7188/4
f 7189/1 7190/2 7191/3
f 7189/1 7191/3 7192/4
f 7193/1 7194/2 7195/3
f 7193/1 7195/3 7196/4
f 7197/1 7198/2 7199/3
f 7197/1 7199/3 7200/4
f 7201/1 7202/2 7203/3
f 7201/1 7203/3 7204/4
f 7205/1 7206/2 7207/3
f 7205/1 7207/3 7208/4
f 7209/1 7210/2 7211/3
f 7209/1 7211/3 7212/4
f 7213/1 7214/2 7215/3
f 7213/1 7215/3 7216/4
f 7217/1 7218/2 7219/3
f 7217/1 7219/3 7220/4
f 7221/1 7222/2 7223/3
f 7221/1 7223/3 7224/4
f 7225/1 7226/2 7227/3
f 7225/1 7227/3 7228/4
f 7229/1 7230/2 7231/3
f 7229/1 7231/3 7232/4
f 7233/1 7234/2 7235/3
f 7233/1 7235/3 7236/4
f 7237/1 7238/2 7239/3
f 7237/1 7239/3 7240/4
f 7241/1 7242/2 7243/3
f 7241/1 7243/3 7244/4
f 7245/1 7246/2 7247/3
f 7245/1 7247/3 7248/4
f 7249/1 7250/2 7251/3
f 7249/1 7251/3 7252/4
f 7253/1 7254/2 7255/3
f 7253/1 7255/3 7256/4
f 7257/1 7258/2 7259/3
f 7257/1 7259/3 7260/4
f 7261/1 7262/2 7263/3
f 7261/1 7263/3 7264/4
f 7265/1 7266/2 7267/3
f 7265/1 7267/3 7268/4
f 7269/1 7270/2 7271/3
f 7269/1 7271/3 7272/4
f 7273/1 7274/2 7275/3
f 7273/1 7275/3 7276/4
f 7277/1 7278/2 7279/3
f 7277/1 7279/3 7280/4
f 7281/1 7282/2 7283/3
f 7281/1 7283/3 7284/4
f 7285/1 7286/2 7287/3
f 7285/1 7287/3 7288/4
f 7289/1 7290/2 7291/3
f 7289/1 7291/3 7292/4
f 7293/1 7294/2 7295/3
f 7293/1 7295/3 7296/4
f 7297/1 7298/2 7299/3
f 7297/1 7299/3 7300/4
f 7301/1 7302/2 7303/3
f 7301/1 7303/3 7304/4
f 7305/1 7306/2 7307/3
f 7305/1 7307/3 7308/4
f 7309/1 7310/2 7311/3
f 7309/1 7311/3 7312/4
f 7313/1 7314/2 7315/3
f 7313/1 7315/3 7316/4
f 7317/1 7318/2 7319/3
f 7317/1 7319/3 7320/4
f 7321/1 7322/2 7323/3
f 7321/1 7323/3 7324/4
f 7325/1 7326/2 7327/3
f 7325/1 7327/3 7328/4
f 7329/1 7330/2 7331/3
f 7329/1 7331/3 7332/4
f 7333/1 7334/2 7335/3
f 7333/1 7335/3 7336/4
f 7337/1 7338/2 7339/3
f 7337/1 7339/3 7340/4
f 7341/1 7342/2 7343/3
f 7341/1 7343/3 7344/4
f 7345/1 7346/2 7347/3
f 7345/1 7347/3 7348/4
f 7349/1 7350/2 7351/3
f 7349/1 7351/3 7352/4
f 7353/1 7354/2 7355/3
f 7353/1 7355/3 7356/4
f 7357/1 7358/2 7359/3
f 7357/1 7359/3 7360/4
f 7361/1 7362/2 7363/3
f 7361/1 7363/3 7364/4
f 7365/1 7366/2 7367/3
f 7365/1 7367/3 7368/4
f 7369/1 7370/2 7371/3
f 7369/1 7371/3 7372/4
f 7373/1 7374/2 7375/3
f 7373/1 7375/3 7376/4
f 7377/1 7378/2 7379/3
f 7377/1 7379/3 7380/4
f 7381/1 7382/2 7383/3
f 7381/1 7383/3 7384/4
f 7385/1 7386/2 7387/3
f 7385/1 7387/3 7388/4
f 7389/1 7390/2 7391/3
f 7389/1 7391/3 7392/4
f 7393/1 7394/2 7395/3
f 7393/1 7395/3 7396/4
f 7397/1 7398/2 7399/3
f 7397/1 7399/3 7400/4
f 7401/1 7402/2 7403/3
f 7401/1 7403/3 7404/4
f 7405/1 7406/2 7407/3
f 7405/1 7407/3 7408/4
f 7409/1 7410/2 7411/3
f 7409/1 7411/3 7412/4
f 7413/1 7414/2 7415/3
f 7413/1 7415/3 7416/4
f 7417/1 7418/2 7419/3
f 7417/1 7419/3 7420/4
f 7421/1 7422/2 7423/3
f 7421/1 7423/3 7424/4
f 7425/1 7426/2 7427/3
f 7425/1 7427/3 7428/4
f 7429/1 7430/2 7431/3
f 7429/1 7431/3 7432/4
f 7433/1 7434/2 7435/3
f 7433/1 7435/3 7436/4
f 7437/1 7438/2 7439/3
f 7437/1 7439/3 7440/4
f 7441/1 7442/2 7443/3
f 7441/1 7443/3 7444/4
f 7445/1 7446/2 7447/3
f 7445/1 7447/3 7448/4
f 7449/1 7450/2 7451/3
f 7449/1 7451/3 7452/4
f 7453/1 7454/2 7455/3
f 7453/1 7455/3 7456/4
f 7457/1 7458/2 7459/3
f 7457/1 7459/3 7460/4
f 7461/1 7462/2 7463/3
f 7461/1 7463/3 7464/4
f 7465/1 7466/2 7467/3
f 7465/1 7467/3 7468/4
f 7469/1 7470/2 7471/3
f 7469/1 7471/3 7472/4
f 7473/1 7474/2 7475/3
f 7473/1 7475/3 7476/4
f 7477/1 7478/2 7479/3
f 7477/1 7479/3 7480/4
f 7481/1 7482/2 7483/3
f 7481/1 7483/3 7484/4
f 7485/1 7486/2 7487/3
f 7485/1 7487/3 7488/4
f 7489/1 7490/2 7491/3
f 7489/1 7491/3 7492/4
f 7493/1 7494/2 7495/3
f 7493/1 7495/3 7496/4
f 7497/1 7498/2 7499/3
f 7497/1 7499/3 7500/4
f 7501/1 7502/2 7503/3
f 7501/1 7503/3 7504/4
f 7505/1 7506/2 7507/3
f 7505/1 7507/3 7508/4
f 7509/1 7510/2 7511/3
f 7509/1 7511/3 7512/4
f 7513/1 7514/2 7515/3
f 7513/1 7515/3 7516/4
f 7517/1 7518/2 7519/3
f 7517/1 7519/3 7520/4
f 7521/1 7522/2 7523/3
f 7521/1 7523/3 7524/4
f 7525/1 7526/2 7527/3
f 7525/1 7527/3 7528/4
f 7529/1 7530/2 7531/3
f 7529/1 7531/3 7532/4
f 7533/1 7534/2 7535/3
f 7533/1 7535/3 7536/4
f 7537/1 7538/2 7539/3
f 7537/1 7539/3 7540/4
f 7541/1 7542/2 7543/3
f 7541/1 7543/3 7544/4
f 7545/1 7546/2 7547/3
f 7545/1 7547/3 7548/4
f 7549/1 7550/2 7551/3
f 7549/1 7551/3 7552/4
f 7553/1 7554/2 7555/3
f 7553/1 7555/3 7556/4
f 7557/1 7558/2 7559/3
f 7557/1 7559/3 7560/4
f 7561/1 7562/2 7563/3
f 7561/1 7563/3 7564/4
f 7565/1 7566/2 7567/3
f 7565/1 7567/3 7568/4
f 7569/1 7570/2 7571/3
f 7569/1 7571/3 7572/4
f 7573/1 7574/2 7575/3
f 7573/1 7575/3 7576/4
f 7577/1 7578/2 7579/3
f 7577/1 7579/3 7580/4
f 7581/1 7582/2 7583/3
f 7581/1 7583/3 7584/4
f 7585/1 7586/2 7587/3
f 7585/1 7587/3 7588/4
f 7589/1 7590/2 7591/3
f 7589/1 7591/3 7592/4
f 7593/1 7594/2 7595/3
f 7593/1 7595/3 7596/4
f 7597/1 7598/2 7599/3
f 7597/1 7599/3 7600/4
f 7601/1 7602/2 7603/3
f 7601/1 7603/3 7604/4
f 7605/1 7606/2 7607/3
f 7605/1 7607/3 7608/4
f 7609/1 7610/2 7611/3
f 7609/1 7611/3 7612/4
f 7613/1 7614/2 7615/3
f 7613/1 7615/3 7616/4
f 7617/1 7618/2 7619/3
f 7617/1 7619/3 7620/4
f 7621/1 7622/2 7623/3
f 7621/1 7623/3 7624/4
f 7625/1 7626/2 7627/3
f 7625/1 7627/3 7628/4
f 7629/1 7630/2 7631/3
f 7629/1 7631/3 7632/4
f 7633/1 7634/2 7635/3
f 7633/1 7635/3 7636/4
f 7637/1 7638/2 7639/3
f 7637/1 7639/3 7640/4
f 7641/1 7642/2 7643/3
f 7641/1 7643/3 7644/4
f 7645/1 7646/2 7647/3
f 7645/1 7647/3 7648/4
f 7649/1 7650/2 7651/3
f 7649/1 7651/3 7652/4
f 7653/1 7654/2 7655/3
f 7653/1 7655/3 7656/4
f 7657/1 7658/2 7659/3
f 7657/1 7659/3 7660/4
f 7661/1 7662/2 7663/3
f 7661/1 7663/3 7664/4
f 7665/1 7666/2 7667/3
f 7665/1 7667/3 7668/4
f 7669/1 7670/2 7671/3
f 7669/1 7671/3 7672/4
f 7673/1 7674/2 7675/3
f 7673/1 7675/3 7676/4
f 7677/1 7678/2 7679/3
f 7677/1 7679/3 7680/4
f 7681/1 7682/2 7683/3
f 7681/1 7683/3 7684/4
f 7685/1 7686/2 7687/3
f 7685/1 7687/3 7688/4
f 7689/1 7690/2 7691/3
f 7689/1 7691/3 7692/4
f 7693/1 7694/2 7695/3
f 7693/1 7695/3 7696/4
f 7697/1 7698/2 7699/3
f 7697/1 7699/3 7700/4
f 7701/1 7702/2 7703/3
f 7701/1 7703/3 7704/4
f 7705/1 7706/2 7707/3
f 7705/1 7707/3 7708/4
f 7709/1 7710/2 7711/3
f 7709/1 7711/3 7712/4
f 7713/1 7714/2 7715/3
f 7713/1 7715/3 7716/4
f 7717/1 7718/2 7719/3
f 7717/1 7719/3 7720/4
f 7721/1 7722/2 7723/3
f 7721/1 7723/3 7724/4
f 7725/1 7726/2 7727/3
f 7725/1 7727/3 7728/4
f 7729/1 7730/2 7731/3
f 7729/1 7731/3 7732/4
f 7733/1 7734/2 7735/3
f 7733/1 7735/3 7736/4
f 7737/1 7738/2 7739/3
f 7737/1 7739/3 7740/4
f 7741/1 7742/2 7743/3
f 7741/1 7743/3 7744/4
f 7745/1 7746/2 7747/3
f 7745/1 7747/3 7748/4
f 7749/1 7750/2 7751/3
f 7749/1 7751/3 7752/4
f 7753/1 7754/2 7755/3
f 7753/1 7755/3 7756/4
f 7757/1 7758/2 7759/3
f 7757/1 7759/3 7760/4
f 7761/1 7762/2 7763/3
f 7761/1 7763/3 7764/4
f 7765/1 7766/2 7767/3
f 7765/1 7767/3 7768/4
f 7769/1 7770/2 7771/3
f 7769/1 7771/3 7772/4
f 7773/1 7774/2 7775/3
f 7773/1 7775/3 7776/4
f 7777/1 7778/2 7779/3
f 7777/1 7779/3 7780/4
f 7781/1 7782/2 7783/3
f 7781/1 7783/3 7784/4
f 7785/1 7786/2 7787/3
f 7785/1 7787/3 7788/4
f 7789/1 7790/2 7791/3
f 7789/1 7791/3 7792/4
f 7793/1 7794/2 7795/3
f 7793/1 7795/3 7796/4
f 7797/1 7798/2 7799/3
f 7797/1 7799/3 7800/4
f 7801/1 7802/2 7803/3
f 7801/1 7803/3 7804/4
f 7805/1 7806/2 7807/3
f 7805/1 7807/3 7808/4
f 7809/1 7810/2 7811/3
f 7809/1 7811/3 7812/4
f 7813/1 7814/2 7815/3
f 7813/1 7815/3 7816/4
f 7817/1 7818/2 7819/3
f 7817/1 7819/3 7820/4
f 7821/1 7822/2 7823/3
f 7821/1 7823/3 7824/4
f 7825/1 7826/2 7827/3
f 7825/1 7827/3 7828/4
f 7829/1 7830/2 7831/3
f 7829/1 7831/3 7832/4
f 7833/1 7834/2 7835/3
f 7833/1 7835/3 7836/4
f 7837/1 7838/2 7839/3
f 7837/1 7839/3 7840/4
f 7841/1 7842/2 7843/3
f 7841/1 7843/3 7844/4
f 7845/1 7846/2 7847/3
f 7845/1 7847/3 7848/4
f 7849/1 7850/2 7851/3
f 7849/1 7851/3 7852/4
f 7853/1 7854/2 7855/3
f 7853/1 7855/3 7856/4
f 7857/1 7858/2 7859/3
f 7857/1 7859/3 7860/4
f 7861/1 7862/2 7863/3
f 7861/1 7863/3 7864/4
f 7865/1 7866/2 7867/3
f 7865/1 7867/3 7868/4
f 7869/1 7870/2 7871/3
f 7869/1 7871/3 7872/4
f 7873/1 7874/2 7875/3
f 7873/1 7875/3 7876/4
f 7877/1 7878/2 7879/3
f 7877/1 7879/3 7880/4
f 7881/1 7882/2 7883/3
f 7881/1 7883/3 7884/4
f 7885/1 7886/2 7887/3
f 7885/1 7887/3 7888/4
f 7889/1 7890/2 7891/3
f 7889/1 7891/3 7892/4
f 7893/1 7894/2 7895/3
f 7893/1 7895/3 7896/4
f 7897/1 7898/2 7899/3
f 7897/1 7899/3 7900/4
f 7901/1 7902/2 7903/3
f 7901/1 7903/3 7904/4
f 7905/1 7906/2 7907/3
f 7905/1 7907/3 7908/4
f 7909/1 7910/2 7911/3
f 7909/1 7911/3 7912/4
f 7913/1 7914/2 7915/3
f 7913/1 7915/3 7916/4
f 7917/1 7918/2 7919/3
f 7917/1 7919/3 7920/4
f 7921/1 7922/2 7923/3
f 7921/1 7923/3 7924/4
f 7925/1 7926/2 7927/3
f 7925/1 7927/3 7928/4
f 7929/1 7930/2 7931/3
f 7929/1 7931/3 7932/4
f 7933/1 7934/2 7935/3
f 7933/1 7935/3 7936/4
f 7937/1 7938/2 7939/3
f 7937/1 7939/3 7940/4
f 7941/1 7942/2 7943/3
f 7941/1 7943/3 7944/4
f 7945/1 7946/2 7947/3
f 7945/1 7947/3 7948/4
f 7949/1 7950/2 7951/3
f 7949/1 7951/3 7952/4
f 7953/1 7954/2 7955/3
f 7953/1 7955/3 7956/4
f 7957/1 7958/2 7959/3
f 7957/1 7959/3 7960/4
f 7961/1 7962/2 7963/3
f 7961/1 7963/3 7964/4
f 7965/1 7966/2 7967/3
f 7965/1 7967/3 7968/4
f 7969/1 7970/2 7971/3
f 7969/1 7971/3 7972/4
f 7973/1 7974/2 7975/3
f 7973/1 7975/3 7976/4
f 7977/1 7978/2 7979/3
f 7977/1 7979/3 7980/4
f 7981/1 7982/2 7983/3
f 7981/1 7983/3 7984/4
f 7985/1 7986/2 7987/3
f 7985/1 7987/3 7988/4
f 7989/1 7990/2 7991/3
f 7989/1 7991/3 7992/4
f 7993/1 7994/2 7995/3
f 7993/1 7995/3 7996/4
f 7997/1 7998/2 7999/3
f 7997/1 7999/3 8000/4
f 8001/1 8002/2 8003/3
f 8001/1 8003/3 8004/4
f 8005/1 8006/2 8007/3
f 8005/1 8007/3 8008/4
f 8009/1 8010/2 8011/3
f 8009/1 8011/3 8012/4
f 8013/1 8014/2 8015/3
f 8013/1 8015/3 8016/4
f 8017/1 8018/2 8019/3
f 8017/1 8019/3 8020/4
f 8021/1 8022/2 8023/3
f 8021/1 8023/3 8024/4
f 8025/1 8026/2 8027/3
f 8025/1 8027/3 8028/4
f 8029/1 8030/2 8031/3
f 8029/1 8031/3 8032/4
f 8033/1 8034/2 8035/3
f 8033/1 8035/3 8036/4
f 8037/1 8038/2 8039/3
f 8037/1 8039/3 8040/4
f 8041/1 8042/2 8043/3
f 8041/1 8043/3 8044/4
f 8045/1 8046/2 8047/3
f 8045/1 8047/3 8048/4
f 8049/1 8050/2 8051/3
f 8049/1 8051/3 8052/4
f 8053/1 8054/2 8055/3
f 8053/1 8055/3 8056/4
f 8057/1 8058/2 8059/3
f 8057/1 8059/3 8060/4
f 8061/1 8062/2 8063/3
f 8061/1 8063/3 8064/4
f 8065/1 8066/2 8067/3
f 8065/1 8067/3 8068/4
f 8069/1 8070/2 8071/3
f 8069/1 8071/3 8072/4
f 8073/1 8074/2 8075/3
f 8073/1 8075/3 8076/4
f 8077/1 8078/2 8079/3
f 8077/1 8079/3 8080/4
f 8081/1 8082/2 8083/3
f 8081/1 8083/3 8084/4
f 8085/1 8086/2 8087/3
f 8085/1 8087/3 8088/4
f 8089/1 8090/2 8091/3
f 8089/1 8091/3 8092/4
f 8093/1 8094/2 8095/3
f 8093/1 8095/3 8096/4
f 8097/1 8098/2 8099/3
f 8097/1 8099/3 8100/4
f 8101/1 8102/2 8103/3
f 8101/1 8103/3 8104/4
f 8105/1 8106/2 8107/3
f 8105/1 8107/3 8108/4
f 8109/1 8110/2 8111/3
f 8109/1 8111/3 8112/4
f 8113/1 8114/2 8115/3
f 8113/1 8115/3 8116/4
f 8117/1 8118/2 8119/3
f 8117/1 8119/3 8120/4
f 8121/1 8122/2 8123/3
f 8121/1 8123/3 8124/4
f 8125/1 8126/2 8127/3
f 8125/1 8127/3 8128/4
f 8129/1 8130/2 8131/3
f 8129/1 8131/3 8132/4
f 8133/1 8134/2 8135/3
f 8133/1 8135/3 8136/4
f 8137/1 8138/2 8139/3
f 8137/1 8139/3 8140/4
f 8141/1 8142/2 8143/3
f 8141/1 8143/3 8144/4
f 8145/1 8146/2 8147/3
f 8145/1 8147/3 8148/4
f 8149/1 8150/2 8151/3
f 8149/1 8151/3 8152/4
f 8153/1 8154/2 8155/3
f 8153/1 8155/3 8156/4
f 8157/1 8158/2 8159/3
f 8157/1 8159/3 8160/4
f 8161/1 8162/2 8163/3
f 8161/1 8163/3 8164/4
f 8165/1 8166/2 8167/3
f 8165/1 8167/3 8168/4
f 8169/1 8170/2 8171/3
f 8169/1 8171/3 8172/4
f 8173/1 8174/2 8175/3
f 8173/1 8175/3 8176/4
f 8177/1 8178/2 8179/3
f 8177/1 8179/3 8180/4
f 8181/1 8182/2 8183/3
f 8181/1 8183/3 8184/4
f 8185/1 8186/2 8187/3
f 8185/1 8187/3 8188/4
f 8189/1 8190/2 8191/3
f 8189/1 8191/3 8192/4
f 8193/1 8194/2 8195/3
f 8193/1 8195/3 8196/4
f 8197/1 8198/2 8199/3
f 8197/1 8199/3 8200/4
f 8201/1 8202/2 8203/3
f 8201/1 8203/3 8204/4
f 8205/1 8206/2 8207/3
f 8205/1 8207/3 8208/4
f 8209/1 8210/2 8211/3
f 8209/1 8211/3 8212/4
f 8213/1 8214/2 8215/3
f 8213/1 8215/3 8216/4
f 8217/1 8218/2 8219/3
f 8217/1 8219/3 8220/4
f 8221/1 8222/2 8223/3
f 8221/1 8223/3 8224/4
f 8225/1 8226/2 8227/3
f 8225/1 8227/3 8228/4
f 8229/1 8230/2 8231/3
f 8229/1 8231/3 8232/4
f 8233/1 8234/2 8235/3
f 8233/1 8235/3 8236/4
f 8237/1 8238/2 8239/3
f 8237/1 8239/3 8240/4
f 8241/1 8242/2 8243/3
f 8241/1 8243/3 8244/4
f 8245/1 8246/2 8247/3
f 8245/1 8247/3 8248/4
f 8249/1 8250/2 8251/3
f 8249/1 8251/3 8252/4
f 8253/1 8254/2 8255/3
f 8253/1 8255/3 8256/4
f 8257/1 8258/2 8259/3
f 8257/1 8259/3 8260/4
f 8261/1 8262/2 8263/3
f 8261/1 8263/3 8264/4
f 8265/1 8266/2 8267/3
f 8265/1 8267/3 8268/4
f 8269/1 8270/2 8271/3
f 8269/1 8271/3 8272/4
f 8273/1 8274/2 8275/3
f 8273/1 8275/3 8276/4
f 8277/1 8278/2 8279/3
f 8277/1 8279/3 8280/4
f 8281/1 8282/2 8283/3
f 8281/1 8283/3 8284/4
f 8285/1 8286/2 8287/3
f 8285/1 8287/3 8288/4
f 8289/1 8290/2 8291/3
f 8289/1 8291/3 8292/4
f 8293/1 8294/2 8295/3
f 8293/1 8295/3 8296/4
f 8297/1 8298/2 8299/3
f 8297/1 8299/3 8300/4
f 8301/1 8302/2 8303/3
f 8301/1 8303/3 8304/4
f 8305/1 8306/2 8307/3
f 8305/1 8307/3 8308/4
f 8309/1 8310/2 8311/3
f 8309/1 8311/3 8312/4
f 8313/1 8314/2 8315/3
f 8313/1 8315/3 8316/4
f 8317/1 8318/2 8319/3
f 8317/1 8319/3 8320/4
f 8321/1 8322/2 8323/3
f 8321/1 8323/3 8324/4
f 8325/1 8326/2 8327/3
f 8325/1 8327/3 8328/4
f 8329/1 8330/2 8331/3
f 8329/1 8331/3 8332/4
f 8333/1 8334/2 8335/3
f 8333/1 8335/3 8336/4
f 8337/1 8338/2 8339/3
f 8337/1 8339/3 8340/4
f 8341/1 8342/2 8343/3
f 8341/1 8343/3 8344/4
f 8345/1 8346/2 8347/3
f 8345/1 8347/3 8348/4
f 8349/1 8350/2 8351/3
f 8349/1 8351/3 8352/4
f 8353/1 8354/2 8355/3
f 8353/1 8355/3 8356/4
f 8357/1 8358/2 8359/3
f 8357/1 8359/3 8360/4
f 8361/1 8362/2 8363/3
f 8361/1 8363/3 8364/4
f 8365/1 8366/2 8367/3
f 8365/1 8367/3 8368/4
f 8369/1 8370/2 8371/3
f 8369/1 8371/3 8372/4
f 8373/1 8374/2 8375/3
f 8373/1 8375/3 8376/4
f 8377/1 8378/2 8379/3
f 8377/1 8379/3 8380/4
f 8381/1 8382/2 8383/3
f 8381/1 8383/3 8384/4
f 8385/1 8386/2 8387/3
f 8385/1 8387/3 8388/4
f 8389/1 8390/2 8391/3
f 8389/1 8391/3 8392/4
f 8393/1 8394/2 8395/3
f 8393/1 8395/3 8396/4
f 8397/1 8398/2 8399/3
f 8397/1 8399/3 8400/4
f 8401/1 8402/2 8403/3
f 8401/1 8403/3 8404/4
f 8405/1 8406/2 8407/3
f 8405/1 8407/3 8408/4
f 8409/1 8410/2 8411/3
f 8409/1 8411/3 8412/4
f 8413/1 8414/2 8415/3
f 8413/1 8415/3 8416/4
f 8417/1 8418/2 8419/3
f 8417/1 8419/3 8420/4
f 8421/1 8422/2 8423/3
f 8421/1 8423/3 8424/4
f 8425/1 8426/2 8427/3
f 8425/1 8427/3 8428/4
f 8429/1 8430/2 8431/3
f 8429/1 8431/3 8432/4
f 8433/1 8434/2 8435/3
f 8433/1 8435/3 8436/4
f 8437/1 8438/2 8439/3
f 8437/1 8439/3 8440/4
